,RSI2_MeanRev,RSI2_BankNifty,Pairs_nifty50_vs_banknifty,DualMom_nifty50_vs_gold,FundManager,Nifty50_BuyHold
2015-01-01,,50000.0,,,,
2015-01-02,50000.0,50000.0,50000.0,50000.0,50000.0,50000.0
2015-01-05,50000.0,50000.0,50000.0,50000.0,50000.0,49898.45806781738
2015-01-06,50000.0,50000.0,50000.0,50000.0,50000.0,48403.30124401226
2015-01-07,50000.0,50000.0,50000.0,50000.0,50000.0,48252.92217313112
2015-01-08,50000.0,50000.0,50000.0,50000.0,50000.0,49042.03716182303
2015-01-09,50000.0,50000.0,50000.0,50000.0,50000.0,49339.22426593366
2015-01-12,50000.0,50000.0,50000.0,50000.0,50000.0,49568.51512648511
2015-01-13,50000.0,50000.0,50000.0,50000.0,50000.0,49427.96513317935
2015-01-14,50000.0,50000.0,50000.0,50000.0,50000.0,49297.83163569461
2015-01-15,50000.0,50000.0,50000.0,50000.0,50000.0,50587.81955116361
2015-01-16,50000.0,50000.0,50000.0,50000.0,50000.0,50704.84373453301
2015-01-19,50000.0,50000.0,50000.0,,50000.0,50924.607950665246
2015-01-20,50000.0,50000.0,50000.0,50000.0,50000.0,51787.5718816728
2015-01-21,50000.0,50000.0,50000.0,50000.0,50000.0,51989.46927750231
2015-01-22,50000.0,50000.0,50000.0,50000.0,50000.0,52179.455459796685
2015-01-23,50000.0,50000.0,50000.0,50000.0,50000.0,52621.356829132594
2015-01-27,50000.0,50000.0,50000.0,50000.0,50000.0,53067.43410243249
2015-01-28,50000.0,50000.0,50000.0,50000.0,50000.0,53090.0642449448
2015-01-29,50000.0,50000.0,50000.0,50000.0,50000.0,53316.673919246394
2015-01-30,50000.0,50000.0,50000.0,50000.0,50000.0,52462.34678125627
2015-02-02,50000.0,50000.0,50000.0,50000.0,50000.0,52393.857303429206
2015-02-03,50000.0,50000.0,50000.0,50000.0,50000.0,52150.567277360635
2015-02-04,50000.0,50000.0,50000.0,50000.0,50000.0,51954.92792145485
2015-02-05,50000.0,50000.0,50000.0,50000.0,50000.0,51883.46064024402
2015-02-06,50000.0,50000.0,50000.0,50000.0,50000.0,51581.8068310577
2015-02-09,50000.0,50000.0,50000.0,50000.0,50000.0,50779.58543626158
2015-02-10,50000.0,50000.0,50000.0,50000.0,50000.0,51013.046384754765
2015-02-11,50000.0,50000.0,50000.0,50000.0,50000.0,51381.40415294231
2015-02-12,50000.0,50000.0,50000.0,50000.0,50000.0,51882.56497281998
2015-02-13,50000.0,50000.0,50000.0,50000.0,50000.0,52442.095391837625
2015-02-16,50000.0,50000.0,50000.0,,50000.0,52465.022151483885
2015-02-18,50000.0,50000.0,50000.0,50000.0,50000.0,52820.86965584619
2015-02-19,50000.0,50000.0,50000.0,50000.0,50000.0,52976.90771636097
2015-02-20,50000.0,50000.0,50000.0,50000.0,50000.0,52609.44561559745
2015-02-23,50000.0,50000.0,50000.0,50000.0,50000.0,52141.04063294142
2015-02-24,50000.0,50000.0,50000.0,50000.0,50000.0,52183.6197317162
2015-02-25,50000.0,50000.0,50000.0,50000.0,50000.0,52214.29343297808
2015-02-26,50000.0,50000.0,50000.0,50000.0,50000.0,51717.593502153846
2015-02-27,50000.0,50000.0,50000.0,50000.0,50000.0,52674.95729004072
2015-03-02,50000.0,50000.0,50000.0,50000.0,50000.0,53342.880915432586
2015-03-03,50000.0,50000.0,50000.0,50000.0,50000.0,53578.127382751605
2015-03-04,50000.0,50000.0,50000.0,50000.0,50000.0,53139.79705106735
2015-03-05,50000.0,50000.0,50000.0,50000.0,50000.0,53229.724386848764
2015-03-09,50000.0,50000.0,50000.0,50000.0,50000.0,52151.759561918596
2015-03-10,50000.0,50000.0,50000.0,50000.0,50000.0,51885.542776203765
2015-03-11,50000.0,50000.0,50000.0,50000.0,50000.0,51813.48226072506
2015-03-12,50000.0,50000.0,50000.0,50000.0,50000.0,52266.404992194315
2015-03-13,50000.0,50000.0,50000.0,50000.0,50000.0,51502.59842425347
2015-03-16,50000.0,50000.0,50000.0,50000.0,50000.0,51415.64889185584
2015-03-17,50000.0,50000.0,50000.0,50000.0,50000.0,51952.54335233893
2015-03-18,50000.0,50000.0,50000.0,50000.0,50000.0,51729.80714884515
2015-03-19,50000.0,50000.0,50000.0,50000.0,50000.0,51424.58230200719
2015-03-20,50000.0,50000.0,50000.0,50000.0,50000.0,51044.9123705746
2015-03-23,50000.0,50000.0,50000.0,50000.0,50000.0,50925.80023522321
2015-03-24,50000.0,50000.0,50000.0,50000.0,50000.0,50878.45199821658
2015-03-25,50000.0,50000.0,50000.0,50000.0,50000.0,50806.08904958171
2015-03-26,50000.0,50000.0,50000.0,50000.0,50000.0,49682.56732249296
2015-03-27,50000.0,50000.0,50000.0,50000.0,50000.0,49678.10061741729
2015-03-30,50000.0,50000.0,50000.0,50000.0,50000.0,50576.79818903026
2015-03-31,50000.0,50000.0,50000.0,50000.0,50000.0,50569.05706343686
2015-04-01,50000.0,50000.0,50000.0,50000.0,50000.0,51136.32860804791
2015-04-06,50000.0,50000.0,50000.0,50000.0,50000.0,51574.96137288833
2015-04-07,50000.0,50000.0,50000.0,50000.0,50000.0,51577.34012598202
2015-04-08,50000.0,50000.0,50000.0,50000.0,50000.0,51899.5419417209
2015-04-09,50000.0,50000.0,50000.0,50000.0,50000.0,52280.10172455529
2015-04-10,50000.0,50000.0,50000.0,50000.0,50000.0,52292.30955522435
2015-04-13,50000.0,50000.0,50000.0,50000.0,50000.0,52611.830184713384
2015-04-15,,50000.0,,,,
2015-04-16,50000.0,50000.0,50000.0,50000.0,50000.0,51853.68260640616
2015-04-17,50000.0,50000.0,50000.0,50000.0,50000.0,51253.951841707414
2015-04-20,50000.0,50000.0,50000.0,50000.0,50000.0,50313.55920669922
2015-04-21,50000.0,50000.0,50000.0,50000.0,50000.0,49894.58459700957
2015-04-22,50000.0,50000.0,50000.0,50000.0,50000.0,50203.97953178928
2015-04-23,50000.0,50000.0,50000.0,50000.0,50000.0,50016.97115287869
2015-04-24,50000.0,50000.0,50000.0,50000.0,50000.0,49462.803106360734
2015-04-27,50000.0,50000.0,50000.0,50000.0,50000.0,48918.16170426201
2015-04-28,50000.0,50000.0,50000.0,50000.0,50000.0,49345.77310696909
2015-04-29,50000.0,50000.0,50000.0,50000.0,50000.0,49072.7108630849
2015-04-30,50000.0,50000.0,50000.0,50000.0,50000.0,48725.79676887395
2015-05-04,50000.0,50000.0,50000.0,50000.0,50000.0,49621.81897025931
2015-05-05,50000.0,50000.0,50000.0,50000.0,50000.0,49579.234055462286
2015-05-06,50000.0,50000.0,50000.0,50000.0,50000.0,48222.547997014284
2015-05-07,50000.0,50000.0,50000.0,50000.0,50000.0,47986.10924513731
2015-05-08,50000.0,50000.0,50000.0,50000.0,50000.0,48785.35283654965
2015-05-11,50000.0,50000.0,50000.0,50000.0,50000.0,49581.91524171214
2015-05-12,50000.0,50000.0,50000.0,50000.0,50000.0,48400.91958290745
2015-05-13,50000.0,50000.0,50000.0,50000.0,50000.0,49047.1029171888
2015-05-14,50000.0,50000.0,50000.0,50000.0,50000.0,48980.102341053636
2015-05-15,50000.0,50000.0,50000.0,50000.0,50000.0,49207.30524962309
2015-05-18,50000.0,50000.0,50000.0,50000.0,50000.0,49870.16893567142
2015-05-19,50000.0,50000.0,50000.0,50000.0,50000.0,49822.524081530864
2015-05-20,50000.0,50000.0,50000.0,50000.0,50000.0,50165.564704934
2015-05-21,50000.0,50000.0,50000.0,50000.0,50000.0,50152.16458970697
2015-05-22,50000.0,50000.0,50000.0,50000.0,50000.0,50378.1810297407
2015-05-25,50000.0,50000.0,50000.0,,50000.0,49849.917546252786
2015-05-26,50000.0,50000.0,50000.0,50000.0,50000.0,49665.88697072598
2015-05-27,50000.0,50000.0,50000.0,50000.0,50000.0,49637.597838580026
2015-05-28,50000.0,50000.0,50000.0,50000.0,50000.0,49544.69269941483
2015-05-29,50000.0,50000.0,50000.0,50000.0,50000.0,50227.50534172562
2015-06-01,50000.0,50000.0,50000.0,50000.0,50000.0,50226.01644003373
2015-06-02,50000.0,50000.0,50000.0,50000.0,50000.0,49053.05852395637
2015-06-03,50000.0,50000.0,50000.0,50000.0,50000.0,48449.45719646093
2015-06-04,50000.0,50000.0,50000.0,50000.0,50000.0,48422.95358314079
2015-06-05,50000.0,50000.0,50000.0,50000.0,50000.0,48327.96340000472
2015-06-08,50000.0,50000.0,50000.0,50000.0,50000.0,47907.79359774599
2015-06-09,50000.0,50000.0,50000.0,50000.0,50000.0,47778.25915055134
2015-06-10,50000.0,50000.0,50000.0,50000.0,50000.0,48386.03056598853
2015-06-11,50000.0,50000.0,50000.0,50000.0,50000.0,47438.49294766592
2015-06-12,50000.0,50000.0,50000.0,50000.0,50000.0,47543.01268323233
2015-06-15,50000.0,50000.0,50000.0,50000.0,50000.0,47727.636493027
2015-06-16,50000.0,50000.0,50000.0,50000.0,50000.0,47926.55317746161
2015-06-17,50000.0,50000.0,50000.0,50000.0,50000.0,48190.08877692658
2015-06-18,50000.0,50000.0,50000.0,50000.0,50000.0,48684.70366377995
2015-06-19,50000.0,50000.0,50000.0,50000.0,50000.0,48984.56904612932
2015-06-22,50000.0,50000.0,50000.0,50000.0,50000.0,49747.77656378007
2015-06-23,50000.0,50000.0,50000.0,50000.0,50000.0,49917.21473952188
2015-06-24,50000.0,50000.0,50000.0,50000.0,50000.0,49793.93251622874
2015-06-25,50000.0,50000.0,50000.0,50000.0,50000.0,50015.18563405286
2015-06-26,50000.0,50000.0,50000.0,50000.0,50000.0,49914.53355327203
2015-06-29,50000.0,50000.0,50000.0,50000.0,50000.0,49541.12166176318
2015-06-30,50000.0,50000.0,50000.0,50000.0,50000.0,49839.49523440954
2015-07-01,50000.0,50000.0,50000.0,50000.0,50000.0,50343.04062340313
2015-07-02,50000.0,50000.0,50000.0,50000.0,50000.0,50294.505917860784
2015-07-03,50000.0,50000.0,50000.0,,50000.0,50532.73018856358
2015-07-06,50000.0,50000.0,50000.0,50000.0,50000.0,50754.57654065556
2015-07-07,50000.0,50000.0,50000.0,50000.0,50000.0,50686.976914230305
2015-07-08,50000.0,50000.0,50000.0,50000.0,50000.0,49807.036014321835
2015-07-09,50000.0,50000.0,50000.0,50000.0,50000.0,49601.567580840674
2015-07-10,50000.0,50000.0,50000.0,50000.0,50000.0,49792.14699740292
2015-07-13,50000.0,50000.0,50000.0,50000.0,50000.0,50382.35111768245
2015-07-14,50000.0,50000.0,49967.19260847853,50000.0,49989.06420282618,50349.29284730464
2015-07-15,50000.0,50000.0,50379.149321191755,50000.0,50126.44321417046,50764.39980220872
2015-07-16,50000.0,50000.0,50877.101341131995,50000.0,50291.59463089235,51266.15967237649
2015-07-17,50000.0,50000.0,50887.73892427311,50000.0,50295.09968526248,51276.878601353674
2015-07-20,50000.0,50000.0,50849.91576511755,50000.0,50282.638795204264,51238.76620765456
2015-07-21,50000.0,50000.0,50412.54544493264,50000.0,50138.47510945904,50798.05130685437
2015-07-22,50000.0,50000.0,51027.5224231941,50000.0,50342.352984468904,51417.73102781559
2015-07-23,50000.0,50000.0,51027.5224231941,50000.0,50342.352984468904,51157.46984886833
2015-07-24,50000.0,50000.0,51027.5224231941,50000.0,50342.352984468904,50750.99968698168
2015-07-27,50000.0,50000.0,51027.5224231941,50000.0,50342.352984468904,49794.82818365277
2015-07-28,50000.0,50000.0,51027.5224231941,50000.0,50342.352984468904,49651.89362123109
2015-07-29,50000.0,50000.0,51027.5224231941,50000.0,50342.352984468904,49878.503295532675
2015-07-30,50000.0,50000.0,51027.5224231941,50000.0,50342.352984468904,50156.92791191657
2015-07-31,50000.0,50000.0,51027.5224231941,50000.0,50342.352984468904,50818.29688025078
2015-08-03,50000.0,50000.0,51027.5224231941,50000.0,50342.352984468904,50879.045232484445
2015-08-04,50000.0,50000.0,51027.5224231941,50000.0,50342.352984468904,50723.30960512582
2015-08-05,50000.0,50000.0,51027.5224231941,50000.0,50342.352984468904,51027.34216740582
2015-08-06,50000.0,50000.0,51027.5224231941,50000.0,50342.352984468904,51150.62439069898
2015-08-07,50000.0,50000.0,51027.5224231941,50000.0,50342.352984468904,51007.38739512113
2015-08-10,50000.0,50000.0,51027.5224231941,50000.0,50342.352984468904,50775.118731185896
2015-08-11,50000.0,50000.0,51027.5224231941,50000.0,50342.352984468904,50398.42660313709
2015-08-12,50000.0,50000.0,51027.5224231941,50000.0,50342.352984468904,49726.04208869178
2015-08-13,50000.0,50000.0,51027.5224231941,50000.0,50342.352984468904,49764.154482390884
2015-08-14,50000.0,50000.0,51027.5224231941,50000.0,50342.352984468904,50733.13286667898
2015-08-17,50000.0,50000.0,51027.5224231941,50000.0,50342.352984468904,50487.46408751671
2015-08-18,50000.0,50000.0,51027.5224231941,50000.0,50342.352984468904,50423.44131476534
2015-08-19,50000.0,50000.0,51027.5224231941,50000.0,50342.352984468904,50593.77515793117
2015-08-20,50000.0,50000.0,51027.5224231941,50000.0,50342.352984468904,49864.80656317172
2015-08-21,50000.0,50000.0,51027.5224231941,50000.0,50342.352984468904,49431.239553697065
2015-08-24,50000.0,50000.0,51027.5224231941,50000.0,50342.352984468904,46507.33324795413
2015-08-25,50000.0,50000.0,51027.5224231941,50000.0,50342.352984468904,46934.35141639334
2015-08-26,50000.0,50000.0,50211.032072141934,50000.0,49894.83800182236,46405.195173492524
2015-08-27,50000.0,50000.0,51091.78082249416,50000.0,50381.06156228073,47340.821578279996
2015-08-28,50000.0,50000.0,51084.505739849,50000.0,50377.076072500095,47656.46873696121
2015-08-31,50000.0,50000.0,50890.40305674903,50000.0,50270.734569329295,47473.92706312629
2015-09-01,50000.0,50000.0,49061.395107848955,50000.0,49266.99180272141,46369.46153288711
2015-09-02,50000.0,50000.0,48237.484752186596,50000.0,48807.345672382915,45959.41742533769
2015-09-03,50000.0,50000.0,49135.884997881054,50000.0,49312.353247220766,46590.71174270011
2015-09-04,50000.0,50000.0,49135.884997881054,50000.0,49312.353247220766,45590.46642288228
2015-09-07,50000.0,50000.0,48103.15117403257,,48736.55168144087,45017.23927150367
2015-09-08,50000.0,50000.0,49811.73224973714,50000.0,49698.262180021804,45788.19373077005
2015-09-09,50000.0,50000.0,50666.403593534866,50000.0,50171.99796924482,46564.50765452502
2015-09-10,50000.0,50000.0,50563.28253352819,50000.0,50115.26752541915,46382.861648114136
2015-09-11,50000.0,50000.0,50608.8245445657,50000.0,50140.34446259164,46390.00663142855
2015-09-14,50000.0,50000.0,51520.31332544171,50000.0,50642.03959248901,46884.02537600293
2015-09-15,50000.0,50000.0,50995.56868271778,50000.0,50355.48445360288,46627.04152558451
2015-09-16,50000.0,50000.0,51681.92379863086,50000.0,50732.00675916554,47044.23061644834
2015-09-18,50000.0,50000.0,53035.444980862565,50000.0,51470.1419686098,47537.05707646476
2015-09-21,50000.0,50000.0,53442.907342483755,50000.0,51689.82885921533,47508.47132718487
2015-09-22,50000.0,50000.0,53442.907342483755,50000.0,51689.82885921533,46525.20006825684
2015-09-23,50000.0,50000.0,53442.907342483755,50000.0,51689.82885921533,46727.394081220285
2015-09-24,50000.0,50000.0,53442.907342483755,50000.0,51689.82885921533,46861.69185062454
2015-09-28,50000.0,50000.0,53442.907342483755,50000.0,51689.82885921533,46428.12484114989
2015-09-29,50000.0,50000.0,53442.907342483755,50000.0,51689.82885921533,46711.60939687733
2015-09-30,50000.0,50000.0,53442.907342483755,50000.0,51689.82885921533,47340.52205313495
2015-10-01,50000.0,50000.0,53442.907342483755,50000.0,51689.82885921533,47352.43326667009
2015-10-05,50000.0,50000.0,53442.907342483755,50000.0,51689.82885921533,48355.35686472665
2015-10-06,50000.0,50000.0,53442.907342483755,50000.0,51689.82885921533,48555.46583371922
2015-10-07,50000.0,50000.0,53442.907342483755,50000.0,51689.82885921533,48701.37819952469
2015-10-08,50000.0,50000.0,53442.907342483755,50000.0,51689.82885921533,48415.2124575474
2015-10-09,50000.0,50000.0,53442.907342483755,50000.0,51689.82885921533,48774.633907572475
2015-10-12,50000.0,50000.0,53442.907342483755,50000.0,51689.82885921533,48500.07985398527
2015-10-13,50000.0,50000.0,53442.907342483755,50000.0,51689.82885921533,48429.20871505341
2015-10-14,50000.0,50000.0,53442.907342483755,50000.0,51689.82885921533,48287.463529178574
2015-10-15,50000.0,50000.0,53442.907342483755,50000.0,51689.82885921533,48713.88555533881
2015-10-16,50000.0,50000.0,53442.907342483755,50000.0,51689.82885921533,49063.18421866569
2015-10-19,50000.0,50000.0,53442.907342483755,50000.0,51689.82885921533,49282.942618775676
2015-10-20,50000.0,50000.0,53442.907342483755,50000.0,51689.82885921533,49203.14097770358
2015-10-21,50000.0,50000.0,53442.907342483755,50000.0,51689.82885921533,49143.881527161815
2015-10-23,50000.0,50000.0,53442.907342483755,50000.0,51689.82885921533,49404.439323243
2015-10-26,50000.0,50000.0,53442.907342483755,50000.0,51689.82885921533,49196.58632064591
2015-10-27,50000.0,50000.0,53442.907342483755,50000.0,51689.82885921533,49031.91728313595
2015-10-28,50000.0,50000.0,53442.907342483755,50000.0,51689.82885921533,48664.45518237243
2015-10-29,50000.0,50000.0,53442.907342483755,50000.0,51689.82885921533,48310.39319683595
2015-10-30,50000.0,50000.0,53442.907342483755,50000.0,51689.82885921533,48036.73190266165
2015-11-02,50000.0,50000.0,53442.907342483755,50000.0,51689.82885921533,47947.39780114811
2015-11-03,50000.0,50000.0,53442.907342483755,50000.0,51689.82885921533,48006.360634555946
2015-11-04,50000.0,50000.0,53442.907342483755,50000.0,51689.82885921533,47884.27069582076
2015-11-05,50000.0,50000.0,53442.907342483755,50000.0,51689.82885921533,47379.5330222692
2015-11-06,50000.0,50000.0,53442.907342483755,50000.0,51689.82885921533,47372.6817480776
2015-11-09,50000.0,50000.0,53442.907342483755,50000.0,51689.82885921533,47139.81984987451
2015-11-10,50000.0,50000.0,53442.907342483755,50000.0,51689.82885921533,46354.572515968175
2015-11-13,50000.0,50000.0,53442.907342483755,50000.0,51689.82885921533,46228.90863157023
2015-11-16,50000.0,50000.0,53442.907342483755,50000.0,51689.82885921533,46493.04037331418
2015-11-17,50000.0,50000.0,53442.907342483755,50000.0,51689.82885921533,46677.36465796381
2015-11-18,50000.0,50000.0,53442.907342483755,50000.0,51689.82885921533,46047.55924229328
2015-11-19,50000.0,50000.0,53442.907342483755,50000.0,51689.82885921533,46708.33497635962
2015-11-20,50000.0,50000.0,53442.907342483755,50000.0,51689.82885921533,46790.52118654764
2015-11-23,50000.0,50000.0,53442.907342483755,50000.0,51689.82885921533,46747.04642034882
2015-11-24,50000.0,50000.0,53442.907342483755,50000.0,51689.82885921533,46641.93054250343
2015-11-26,50000.0,50000.0,53442.907342483755,,51689.82885921533,46952.81147096392
2015-11-27,50000.0,50000.0,53442.907342483755,50000.0,51689.82885921533,47303.59903598268
2015-11-30,50000.0,50000.0,53442.907342483755,50000.0,51689.82885921533,47259.228602359835
2015-12-01,50000.0,50000.0,53442.907342483755,50000.0,51689.82885921533,47376.255693740364
2015-12-02,50000.0,50000.0,53442.907342483755,50000.0,51689.82885921533,47236.002317568535
2015-12-03,50000.0,50000.0,53442.907342483755,50000.0,51689.82885921533,46835.78437958339
2015-12-04,50000.0,50000.0,53442.907342483755,50000.0,51689.82885921533,46345.93572295075
2015-12-07,50000.0,50000.0,53442.907342483755,50000.0,51689.82885921533,46247.668211285854
2015-12-08,50000.0,50000.0,53442.907342483755,50000.0,51689.82885921533,45868.297804998314
2015-12-09,50000.0,50000.0,53442.907342483755,50000.0,51689.82885921533,45337.05651812662
2015-12-10,50000.0,50000.0,53442.907342483755,50000.0,51689.82885921533,45758.71231406613
2015-12-11,50000.0,50000.0,53442.907342483755,50000.0,51689.82885921533,45324.848687457554
2015-12-14,50000.0,50000.0,53442.907342483755,50000.0,51689.82885921533,45560.68838904443
2015-12-15,50000.0,50000.0,53442.907342483755,50000.0,51689.82885921533,45863.53157477759
2015-12-16,50000.0,50000.0,53442.907342483755,50000.0,51689.82885921533,46161.31191315609
2015-12-17,50000.0,50000.0,53442.907342483755,50000.0,51689.82885921533,46717.86452878995
2015-12-18,50000.0,50000.0,53442.907342483755,50000.0,51689.82885921533,46227.123112744404
2015-12-21,50000.0,50000.0,53442.907342483755,50000.0,51689.82885921533,46658.90460339323
2015-12-22,50000.0,50000.0,53442.907342483755,50000.0,51689.82885921533,46370.950434579
2015-12-23,50000.0,50000.0,53442.907342483755,50000.0,51689.82885921533,46846.50621657169
2015-12-24,50000.0,50000.0,53442.907342483755,50000.0,51689.82885921533,46817.3214170017
2015-12-28,50000.0,50000.0,53442.907342483755,50000.0,51689.82885921533,47199.07639240516
2015-12-29,50000.0,50000.0,53442.907342483755,50000.0,51689.82885921533,47221.70944292859
2015-12-30,50000.0,50000.0,53442.907342483755,50000.0,51689.82885921533,47026.95993842461
2015-12-31,50000.0,50000.0,53442.907342483755,50000.0,51689.82885921533,47325.336419082094
2016-01-01,,50000.0,,,,
2016-01-04,50000.0,50000.0,53442.907342483755,50000.0,51689.82885921533,46401.91784496369
2016-01-05,50000.0,50000.0,53442.907342483755,50000.0,51689.82885921533,46362.31364156157
2016-01-06,50000.0,50000.0,53442.907342483755,50000.0,51689.82885921533,46102.351987759364
2016-01-07,50000.0,50000.0,53442.907342483755,50000.0,51689.82885921533,45073.81753579558
2016-01-08,50000.0,50000.0,53442.907342483755,50000.0,51689.82885921533,45270.65208427044
2016-01-11,50000.0,50000.0,53442.907342483755,50000.0,51689.82885921533,45047.31683048657
2016-01-12,50000.0,50000.0,53442.907342483755,50000.0,51689.82885921533,44728.39234327652
2016-01-13,50000.0,50000.0,53442.907342483755,50000.0,51689.82885921533,45038.680037469145
2016-01-14,50000.0,50000.0,52560.54579909526,50000.0,51405.35632932206,44886.21592261713
2016-01-15,50000.0,50000.0,51201.90118884649,50000.0,50962.428341843195,44296.610852627695
2016-01-18,50000.0,50000.0,50577.29407251977,,50755.19973855232,43779.66534840706
2016-01-19,50000.0,50000.0,50577.29407251977,50000.0,50755.19973855232,44280.53245916193
2016-01-20,50000.0,50000.0,49470.49586252294,50000.0,50384.96928073651,43531.31538299495
2016-01-21,50000.0,50000.0,50019.3405352292,50000.0,50571.299344693885,43337.75816304893
2016-01-22,50000.0,50000.0,51332.16211280527,50000.0,51013.735492227745,44205.19461515439
2016-01-25,50000.0,50000.0,51542.824014409336,50000.0,51083.520529420755,44286.78468306343
2016-01-27,50000.0,50000.0,51454.87947949531,50000.0,51054.466912092925,44296.314235493766
2016-01-28,50000.0,50000.0,50947.606940182995,50000.0,50886.69190004537,44218.295205236376
2016-01-29,50000.0,50000.0,51414.47183163058,50000.0,51042.12746294913,45045.52840364962
2016-02-01,50000.0,50000.0,50725.68511044757,50000.0,50814.19462377666,45000.26811862498
2016-02-02,50000.0,50000.0,49909.37428508439,50000.0,50541.61623104075,44402.32287275206
2016-02-03,50000.0,50000.0,49134.464154967805,50000.0,50280.04071895235,43843.984738292376
2016-02-04,50000.0,50000.0,49250.72833101661,50000.0,50319.69901587574,44095.312507088274
2016-02-05,50000.0,50000.0,50220.89357224896,50000.0,50650.10646762864,44602.135224610705
2016-02-08,50000.0,50000.0,49839.15257298903,50000.0,50521.77195131981,43995.55609373148
2016-02-09,50000.0,50000.0,49270.43401391702,50000.0,50329.602623508435,43465.21047428381
2016-02-10,50000.0,50000.0,48320.97073764898,50000.0,50006.31131397997,42973.87291595929
2016-02-11,50000.0,50000.0,46466.427257187184,50000.0,49366.56920881963,41548.39785453919
2016-02-12,50000.0,50000.0,46277.46360261135,50000.0,49299.65001660416,41575.794227272236
2016-02-15,50000.0,50000.0,47845.82506021568,,49856.57819820154,42659.71465896998
2016-02-16,50000.0,50000.0,46923.19023666859,50000.0,49536.10847299098,41976.60539952525
2016-02-17,50000.0,50000.0,46768.837679767465,50000.0,49481.79257955483,42335.13409013741
2016-02-18,50000.0,50000.0,47359.419454651004,50000.0,49690.07261056,42831.23497067155
2016-02-19,50000.0,50000.0,47511.94765088964,50000.0,49743.41741667974,42944.39149925538
2016-02-22,50000.0,50000.0,47646.426321425024,50000.0,49790.34897090153,43086.133777119096
2016-02-23,50000.0,50000.0,46399.51785948611,50000.0,49356.01064273474,42341.68293117284
2016-02-24,50000.0,50000.0,45689.699235772176,50000.0,49104.32831812862,41800.618382748
2016-02-25,50000.0,50000.0,44900.22009781196,50000.0,48821.501310151296,41514.15311562566
2016-02-26,50000.0,50000.0,45681.08851221984,50000.0,49104.522701687325,41866.4266743252
2016-02-29,50000.0,50000.0,46194.32580518748,50000.0,49288.422816772814,41612.121102145524
2016-03-01,50000.0,50000.0,47739.50106203177,50000.0,49837.97986054293,43013.17759421636
2016-03-02,50000.0,50000.0,49990.35778427917,50000.0,50621.24563624072,43885.973510810414
2016-03-03,50000.0,50000.0,50272.8943204937,50000.0,50716.61303664119,44521.73453324851
2016-03-04,50000.0,50000.0,50272.8943204937,50000.0,50716.61303664119,44579.80169923232
2016-03-08,50000.0,50000.0,50272.8943204937,50000.0,50716.61303664119,44579.50217408727
2016-03-09,50000.0,50000.0,50272.8943204937,50000.0,50716.61303664119,44856.43788877928
2016-03-10,50000.0,50000.0,50272.8943204937,50000.0,50716.61303664119,44584.56502144193
2016-03-11,50000.0,50000.0,50272.8943204937,50000.0,50716.61303664119,44727.79910900866
2016-03-14,50000.0,50000.0,50272.8943204937,50000.0,50716.61303664119,44897.83051901833
2016-03-15,50000.0,50000.0,50272.8943204937,50000.0,50716.61303664119,44432.40043173496
2016-03-16,50000.0,50000.0,50272.8943204937,50000.0,50716.61303664119,44659.60624831553
2016-03-17,50000.0,50000.0,50272.8943204937,50000.0,50716.61303664119,44741.79245850355
2016-03-18,50000.0,50000.0,50272.8943204937,50000.0,50716.61303664119,45288.51890457315
2016-03-21,50000.0,50000.0,50272.8943204937,50000.0,50716.61303664119,45883.48343905117
2016-03-22,50000.0,50000.0,50272.8943204937,50000.0,50716.61303664119,45946.91006952357
2016-03-23,50000.0,50000.0,50272.8943204937,50000.0,50716.61303664119,45956.439621953905
2016-03-28,50000.0,50000.0,50272.8943204937,50000.0,50716.61303664119,45352.54167732452
2016-03-29,50000.0,50000.0,50272.8943204937,50000.0,50716.61303664119,45244.74461322929
2016-03-30,50000.0,50000.0,50272.8943204937,50000.0,50716.61303664119,46067.81063171191
2016-03-31,50000.0,50000.0,50272.8943204937,50000.0,50716.61303664119,46086.86682856146
2016-04-01,50000.0,50000.0,50272.8943204937,49513.85510959525,50552.24222139854,45935.891615401335
2016-04-04,50000.0,50000.0,50272.8943204937,49343.706376082206,50494.33654381142,46208.36062501767
2016-04-05,50000.0,50000.0,50272.8943204937,49765.03293683064,50638.053657338394,45281.67053839267
2016-04-06,50000.0,50000.0,50272.8943204937,49526.010709983995,50556.981871025295,45348.07497224885
2016-04-07,50000.0,50000.0,50272.8943204937,50081.024148400786,50745.837544653215,44943.68985433307
2016-04-08,50000.0,50000.0,50272.8943204937,50336.2521939919,50832.04292322819,44995.80141354931
2016-04-11,50000.0,50000.0,50272.8943204937,50911.52166950891,51025.688135160184,45687.84117513427
2016-04-12,50000.0,50000.0,50272.8943204937,51020.90723704291,51062.23175483898,45911.4759540632
2016-04-13,50000.0,50000.0,50272.8943204937,50510.456091182234,50891.943559136744,46754.19431167435
2016-04-18,50000.0,50000.0,50272.8943204937,49975.69374454408,50712.3431538033,47136.842046490725
2016-04-20,50000.0,50000.0,50272.8943204937,50769.729409807514,50980.92311148585,47137.13866362465
2016-04-21,50000.0,50000.0,50272.8943204937,50599.580676294485,50923.9709367577,47121.05736214777
2016-04-22,50000.0,50000.0,50272.8943204937,49777.183591897825,50648.081132504114,47045.12337586125
2016-04-25,50000.0,50000.0,50272.8943204937,50190.409715934795,50788.2330973607,46781.58777639628
2016-04-26,50000.0,50000.0,50272.8943204937,50324.096593603164,50833.326176187955,47422.41164618903
2016-04-27,50000.0,50000.0,50381.80372096518,50607.68111300594,50965.518713332596,47525.14586292962
2016-04-28,50000.0,50000.0,49544.30683187198,51268.02990060102,50904.791382339965,46735.13520681368
2016-04-29,50000.0,50000.0,49560.40524925372,52228.16408102178,51438.09568049401,46750.32084086654
2016-05-02,50000.0,50000.0,49283.23933360072,52450.980489123955,51496.08404666152,46488.87028537244
2016-05-03,50000.0,50000.0,48911.36959145079,52288.93219232237,51321.347998939826,46138.08562836479
2016-05-04,50000.0,50000.0,48655.98370620798,51584.02605749272,50877.431393457824,45897.18017141213
2016-05-05,50000.0,50000.0,48838.76332446981,51507.05212744766,50877.72601060327,46069.596150537735
2016-05-06,50000.0,50000.0,48825.82170130463,52378.061722756174,51352.71190646132,46057.38831986866
2016-05-09,50000.0,50000.0,49663.00106129207,51272.08011895674,50945.9738168427,46847.099450839545
2016-05-10,50000.0,50000.0,49800.32160971262,51203.211570944695,50939.26086617477,46976.6338980342
2016-05-11,50000.0,50000.0,49554.40918992636,51636.68878676031,51122.94312731395,46744.66475924401
2016-05-12,50000.0,50000.0,49879.87344053142,51462.48983489153,51101.7434784682,47051.6751249078
2016-05-13,50000.0,50000.0,49340.06162949889,51527.30816454786,51014.60452795897,46542.47074628057
2016-05-16,50000.0,50000.0,49629.54027571922,51588.07627584845,51114.54049631714,46815.535898175876
2016-05-17,50000.0,50000.0,49818.947928713096,51701.50711641662,51220.32919646548,46994.20410120297
2016-05-18,50000.0,50000.0,49688.88739042926,51600.22693091564,51134.87074306944,46871.51802018881
2016-05-19,50000.0,50000.0,49141.18359385532,50810.24148400792,50574.69411921244,46354.86913310211
2016-05-20,50000.0,50000.0,48928.41751334298,50737.32271764014,50485.71088459272,46154.166929841675
2016-05-23,50000.0,50000.0,48810.66662281964,50684.655043050996,50429.596464598006,46043.0925372176
2016-05-24,50000.0,50000.0,48923.050346613454,49785.28897393084,49958.26550064661,46149.104082487014
2016-05-25,50000.0,50000.0,50097.692241474375,49566.52278418439,50102.861432655394,47257.14355838896
2016-05-26,50000.0,50000.0,50948.44828283851,49428.78074283873,50214.58645445471,48059.661570319025
2016-05-27,50000.0,50000.0,51497.730476520745,49173.55764256917,50190.84621100341,48577.79935909761
2016-05-30,50000.0,50000.0,51635.683000345976,,50220.724351451594,48707.92994857124
2016-05-31,50000.0,50000.0,51519.51358973777,49214.06971676956,50167.14872092406,48598.34736565018
2016-06-01,50000.0,50000.0,51644.83893669675,49096.58371252411,50208.33267445695,48716.566741588664
2016-06-02,50000.0,50000.0,51891.06888558879,49011.50934576758,50321.98862907579,48948.835405523896
2016-06-03,50000.0,50000.0,51902.7465579446,50239.02222684665,50608.35435527474,48959.850951635
2016-06-06,50000.0,50000.0,51778.0531863903,50421.32656074843,50581.61777143608,48842.227717975504
2016-06-07,50000.0,50000.0,52190.96433616242,50413.22612403697,50803.90640310083,49231.72672698347
2016-06-08,50000.0,50000.0,52232.631553575586,51037.113055787384,50966.15560142337,49271.03140524054
2016-06-09,50000.0,50000.0,51794.151603772036,51458.43467121425,50821.95901239865,48857.41335202836
2016-06-10,50000.0,50000.0,51582.33194496329,51588.07627584845,50734.94318128402,48657.60390818083
2016-06-13,50000.0,50000.0,51206.99096229789,52033.709092052806,50627.23782495071,48303.54483065547
2016-06-14,50000.0,50000.0,51195.94218253991,52082.321602964665,50631.679890341475,48293.12251881221
2016-06-15,50602.733498224385,50000.0,51813.09236907142,52090.42698499767,51108.146177416165,48875.28017233106
2016-06-16,50196.69806421117,50000.0,51397.34503699536,52507.69838206881,50880.165026288414,48483.10579309548
2016-06-17,50196.69806421117,50000.0,51583.28144947375,52361.8559040117,50951.018734974365,48658.49957560486
2016-06-20,50196.69806421117,50000.0,52014.49830633372,52260.575718510714,51165.74699089937,49065.26635462544
2016-06-21,50196.69806421117,50000.0,51897.068027723006,51470.59027160299,50929.69788897115,48954.49439515753
2016-06-22,50196.69806421117,50000.0,51794.78666198358,51369.31008610201,50851.66390782985,48858.012402318454
2016-06-23,50196.69806421117,50000.0,52216.218689894944,51093.82600341069,51020.92781033553,49255.549154053755
2016-06-24,50196.69806421117,50000.0,51068.09201676905,53475.937944522586,50926.28370219547,48172.52148176892
2016-06-27,50196.69806421117,50000.0,51106.6055227725,53577.21813002358,50969.05430098356,48208.85126465333
2016-06-28,50196.69806421117,50000.0,51315.90036276936,53285.53317390935,51023.35279715537,48406.27904739604
2016-06-29,50196.69806421117,50000.0,51796.67950539078,53633.93602296844,51363.065560006566,48859.79792114428
2016-06-30,50196.69806421117,50000.0,52325.44253666533,53411.119614866264,51467.118384532594,49358.579987928264
2016-07-01,50196.69806421117,50000.0,52581.77176080489,54152.48760554058,51871.74677496923,49600.37529628271
2016-07-04,50196.69806421117,50000.0,52849.15593031613,,51970.68218581201,49852.598732502636
2016-07-05,50196.69806421117,50000.0,52629.75873226489,54950.578434481315,52222.196147682625,49645.641397329586
2016-07-07,50196.69806421117,50000.0,52642.07146283223,55100.471130894155,52288.6059065915,49657.25599373079
2016-07-08,50196.69806421117,50000.0,52549.2604797425,54958.678871192766,52195.62725727546,49569.70741104307
2016-07-11,50196.69806421117,50000.0,53462.83795913901,54893.86054153644,52509.26464491898,50431.4848735149
2016-07-12,50196.69806421117,50000.0,53798.4014849916,54047.15720168386,52281.353526013045,50748.021883597896
2016-07-13,50196.69806421117,50000.0,53788.61665604299,54383.40939567577,52418.96138292705,50738.791856312615
2016-07-14,50196.69806421117,50000.0,54075.88492975036,53933.72636111569,52335.84091642603,51009.77196423705
2016-07-15,50196.69806421117,50000.0,53926.886708973994,53739.26642682516,52199.8530268989,50869.22197093129
2016-07-18,50196.69806421117,50000.0,53720.431134087936,53816.24035687023,52157.3479929911,50674.4724664273
2016-07-19,50196.69806421117,50000.0,53845.75339824007,53941.82679782714,52255.81350607651,50792.68893435467
2016-07-20,50196.69806421117,50000.0,54081.249013673034,53427.32543361074,52125.20648723304,51014.83190358059
2016-07-21,50196.69806421117,50000.0,53729.26645852609,53901.31472362675,52198.671309336685,50682.806826288564
2016-07-22,50196.69806421117,50000.0,53925.62275816463,53601.524385479504,52144.214993595815,50868.02968637333
2016-07-25,50196.69806421117,50000.0,54521.9424187964,53447.58147071094,52295.493231638,51430.537908774764
2016-07-26,50196.69806421117,50000.0,54237.830939305604,53504.29441833424,52217.36554695388,51162.535604234115
2016-07-27,50196.69806421117,50000.0,54396.61398903057,53743.316645180894,52375.94969895584,51312.315624825154
2016-07-28,50196.69806421117,50000.0,54715.450204903595,53974.23843531608,52588.771824125026,51613.07376658743
2016-07-29,50196.69806421117,50000.0,54539.933679585345,54650.78809633407,52653.79163140987,51447.50906165344
2016-08-01,50196.69806421117,50000.0,54527.620949018,54748.01806347933,52669.610634521814,51435.89446525223
2016-08-02,50196.69806421117,50000.0,54441.444166274014,55274.675028084486,52744.8553067207,51354.60392248824
2016-08-03,50196.69806421117,50000.0,54441.444166274014,54938.42283409257,52668.509681453725,50889.764161461615
2016-08-04,50196.69806421117,49918.55409527376,54441.444166274014,55047.80840162657,52693.461372753925,50926.98670375893
2016-08-05,50196.69806421117,50870.7372539574,54441.444166274014,54140.3369504734,52486.77359878231,51713.42923023433
2016-08-08,50359.71581762572,50907.024097677124,54441.444166274014,54018.80072787221,52495.85211240061,51881.37268826202
2016-08-09,50359.71581762572,50907.024097677124,54441.444166274014,54245.667354330115,52548.310602557234,51684.24443066435
2016-08-10,50359.71581762572,50907.024097677124,54441.444166274014,54460.38332572084,52597.80125442583,51071.11355073857
2016-08-11,50359.71581762572,50907.024097677124,54441.444166274014,54387.4596140315,52581.04330854709,51171.46901438546
2016-08-12,,50907.024097677124,,,,
2016-08-16,50359.71581762572,50907.024097677124,54441.444166274014,54711.55620763467,52655.59714797067,51471.62810585766
2016-08-17,50359.71581762572,50907.024097677124,54441.444166274014,54395.560050742955,52583.23484211287,51361.44938065761
2016-08-18,50359.71581762572,50907.024097677124,54441.444166274014,54739.91268144632,52662.43980130973,51654.4663968265
2016-08-19,50359.71581762572,50907.024097677124,54441.444166274014,54302.38524727498,52562.28603463215,51616.65062026133
2016-08-22,50359.71581762572,50907.024097677124,54204.31619379842,54192.99967974097,52412.47256692462,51391.826464785554
2016-08-23,50359.71581762572,50907.024097677124,54225.98258449544,54310.48568398643,52450.91237398859,51412.368655315884
2016-08-24,50359.71581762572,50907.024097677124,54337.16699315437,53654.19206006864,52358.64131412376,51517.78405830633
2016-08-25,50359.71581762572,50907.024097677124,53972.212223016155,53479.988162878326,52126.77013251058,51171.765631519396
2016-08-26,50359.71581762572,50907.024097677124,53848.777592890074,53536.70605582318,52075.03228968989,51054.735632127755
2016-08-29,50359.71581762572,50907.024097677124,54068.00564236061,53593.423948768046,52203.560777670544,51262.58863472484
2016-08-30,50359.71581762572,50907.024097677124,54927.94419838014,53139.68575053068,52550.34732978538,52077.90771159183
2016-08-31,50359.71581762572,50907.024097677124,55190.8301477914,52945.23076156171,52605.370365641626,52327.15334442798
2016-09-01,50359.71581762572,50907.024097677124,55118.279637379856,53159.94178763088,52643.692952341844,52258.36724946699
2016-09-02,50359.71581762572,50907.024097677124,55338.13338669498,53561.01231127911,52875.416640036296,52466.81348633194
2016-09-06,50359.71581762572,50907.024097677124,56175.7737178607,54666.99391507854,53618.06056797742,53260.991322378504
2016-09-07,50359.71581762572,50907.024097677124,56018.422475570456,54460.38332572084,53479.44836909437,53111.80453605533
2016-09-08,50359.71581762572,50907.024097677124,56235.44830696053,54156.542769217864,53478.1557003448,53317.56958667042
2016-09-09,50359.71581762572,50907.024097677124,55696.49377121618,53885.10890488228,53146.20557619931,52806.57968921736
2016-09-12,50359.71581762572,50907.024097677124,54747.35004715701,53516.450018722986,52596.274818204605,51906.6840170242
2016-09-14,50359.71581762572,50907.024097677124,54816.446939798894,53536.70605582318,52634.335938033495,51972.19569146746
2016-09-15,50359.71581762572,50907.024097677124,54916.63866099209,53212.60946222002,52573.74429750486,52067.18878261465
2016-09-16,50359.71581762572,50907.024097677124,55150.93871554262,52900.6684690056,52577.281065705734,52289.33175184056
2016-09-19,50359.71581762572,50907.024097677124,55330.28146707657,53212.60946222002,52761.50716661601,52459.36897787248
2016-09-20,50359.71581762572,50907.024097677124,55126.13155699825,53220.709898931476,52672.01208456235,52265.81175792645
2016-09-21,50359.71581762572,50907.024097677124,55133.98347661664,53755.47224556963,52851.86317300128,52273.25626638591
2016-09-22,50359.71581762572,50907.024097677124,55701.204922987214,54302.38524727498,53288.427498847566,52811.04639429304
2016-09-23,50359.71581762572,50907.024097677124,55475.69533782196,54172.74364264077,53143.90259651724,52597.23778492839
2016-09-26,50359.71581762572,50907.024097677124,54794.1487149451,54274.02382814177,52867.873865954,51951.05445064704
2016-09-27,50359.71581762572,50907.024097677124,54689.56482621537,53714.96017136924,52638.6920681092,51851.897087580335
2016-09-28,50359.71581762572,50907.024097677124,54932.974334385675,53451.63168906667,52663.65621675529,52082.67684982367
2016-09-29,50359.71581762572,50907.024097677124,53966.24353724374,53544.80649253465,52255.43068255926,51166.10664188576
2016-09-30,50359.71581762572,50907.024097677124,54091.2485512935,53204.50902550856,52250.45621899347,51284.6255429693
2016-10-03,50359.71581762572,50907.024097677124,54091.2485512935,53030.305128318236,52221.60532712153,52040.68516929452
2016-10-04,50359.71581762572,50907.024097677124,54091.2485512935,51300.44153808996,51934.33042877475,52225.61141224535
2016-10-05,50359.71581762572,50907.024097677124,54091.2485512935,51255.87430021228,51926.72175643222,52075.528958498144
2016-10-06,50359.71581762572,50907.024097677124,54091.2485512935,50631.99231378343,51820.13348100696,51870.65375928485
2016-10-07,50359.71581762572,50907.024097677124,54091.2485512935,50595.53045793875,51813.840274110735,51799.483095207936
2016-10-10,50359.71581762572,50907.024097677124,54091.2485512935,,51813.840274110735,51866.18705420917
2016-10-13,50359.71581762572,50907.024097677124,54091.2485512935,50842.65312149686,51856.51845838937,51059.49895433737
2016-10-14,50359.71581762572,50907.024097677124,54091.2485512935,50765.679191451796,51843.27874630354,51119.35745516922
2016-10-17,50359.71581762572,51041.518704278606,54091.2485512935,50818.346866040934,51852.349139882754,50744.154228812324
2016-10-18,51290.61752149439,52178.083862008796,54091.2485512935,51077.62512998778,52289.71666329515,51682.16229470459
2016-10-19,51179.49574816304,51956.06425547228,54091.2485512935,51365.259867746274,52292.95402835724,51570.19223465649
2016-10-20,51179.49574816304,51956.06425547228,54091.2485512935,51272.08011895674,52276.95642403143,51810.207840207346
2016-10-21,51179.49574816304,51956.06425547228,54091.2485512935,51284.23571934548,52279.04651650646,51772.386247619936
2016-10-24,51179.49574816304,51956.06425547228,54091.2485512935,51126.23764089963,52251.884919257165,51867.082721633196
2016-10-25,51179.49574816304,51956.06425547228,54091.2485512935,51527.30816454786,52321.01046960037,51761.96393577669
2016-10-26,51179.49574816304,51956.06425547228,54091.2485512935,51239.673426789355,52271.75667077878,51309.04120430744
2016-10-27,51179.49574816304,51956.06425547228,54091.2485512935,51365.259867746274,52293.362116233744,51309.04120430744
2016-10-28,51179.49574816304,51956.06425547228,54091.2485512935,51673.15064260497,52363.01855036144,51444.53125826966
2016-11-01,51109.877888121264,51956.06425547228,54091.2485512935,52114.73324045361,52422.88712171666,51374.552878750714
2016-11-02,50444.80514006253,51956.06425547228,54091.2485512935,52941.18054320599,52228.65112717702,50706.03601909097
2016-11-03,50444.80514006253,51956.06425547228,54091.2485512935,52750.7708272712,52186.90734653114,50533.02680569751
2016-11-04,50444.80514006253,51956.06425547228,54091.2485512935,52799.3882835046,52197.59574088101,50228.098575993485
2016-11-07,50823.42038391787,52768.197072550414,54091.2485512935,51786.58642849471,52192.744399118805,50605.08732117622
2016-11-08,51101.55092359629,53162.95124509962,54091.2485512935,51588.07627584845,52306.96513678155,50882.02303586822
2016-11-09,50434.337861687534,53162.95124509962,54091.2485512935,51555.664638359514,51920.24457796065,50217.676264150236
2016-11-10,50434.337861687534,53162.95124509962,54091.2485512935,51268.02990060102,51855.87374030695,50776.01439860993
2016-11-11,50434.337861687534,53162.95124509962,52635.511807336516,,51545.74552459928,49409.49926258654
2016-11-15,50434.337861687534,53162.95124509962,52635.511807336516,49586.778821284584,51170.110344956476,48290.74085770741
2016-11-16,50434.337861687534,53162.95124509962,52655.95920702607,49562.472565828655,51168.9538485366,48309.500437423034
2016-11-17,50434.337861687534,53162.95124509962,52450.505788877366,49282.93826478162,51060.45466446595,48121.006064831665
2016-11-18,50434.337861687534,53162.95124509962,52412.5302353693,48958.84167117845,50977.62019920335,48086.165183639154
2016-11-21,50434.337861687534,53162.95124509962,51471.27154496309,49003.40396373457,50784.48912157992,47222.602202341506
2016-11-22,50434.337861687534,53457.64153491579,51946.44299584827,49060.12185667944,50901.73592086716,47658.55087292096
2016-11-23,50434.337861687534,53435.30559607887,52147.67761241788,48172.90644262646,50740.99545874468,47843.17468271563
2016-11-24,50434.337861687534,52614.49924693988,51707.55929952166,,50645.82965126847,47439.38570707883
2016-11-25,50434.337861687534,53338.46961931183,52673.48419119651,47731.32384477783,50752.905267906914,48325.5788308888
2016-11-28,50434.337861687534,52745.1993890403,52755.27695960281,48233.674553927056,50889.11903174618,48400.620057762404
2016-11-29,50434.337861687534,52521.27146996984,52755.27695960281,48124.29393171461,50863.474046139876,48491.443060967846
2016-11-30,50434.337861687534,52521.27146996984,52755.27695960281,47431.53845195215,50700.765971848305,48981.88785987946
2016-12-01,50434.337861687534,52521.27146996984,52755.27695960281,47273.54037350629,50663.23527738386,48793.69301243314
2016-12-02,50434.337861687534,52521.27146996984,52755.27695960281,47605.73740382092,50742.35012999276,48161.79964478063
2016-12-05,50434.337861687534,52521.27146996984,52755.27695960281,47561.17511126479,50731.79493422205,48411.63851188464
2016-12-06,50434.337861687534,52521.27146996984,52755.27695960281,47301.89684731794,50670.336534421134,48497.39866773542
2016-12-07,50434.337861687534,52521.27146996984,52755.27695960281,47601.68718546518,50741.700725975286,48252.62264798607
2016-12-08,50434.337861687534,52521.27146996984,52755.27695960281,47391.02637775175,50691.79919100546,49114.99334472576
2016-12-09,50434.337861687534,52521.27146996984,52755.27695960281,46969.69981700332,50591.64989156705,49203.734211971445
2016-12-12,50434.337861687534,52521.27146996984,52755.27695960281,47135.79833216063,50631.40695461497,48662.07061325651
2016-12-13,50434.337861687534,52521.27146996984,52755.27695960281,46860.31424946932,50565.64826874799,48965.806558402575
2016-12-14,50434.337861687534,52521.27146996984,52755.27695960281,47046.673747048386,50610.33611250022,48731.45575850759
2016-12-15,50434.337861687534,52521.27146996984,52755.27695960281,45689.51926133512,50285.901582522914,48559.63592166097
2016-12-16,50434.337861687534,52521.27146996984,52755.27695960281,45993.35981783809,50360.2142552861,48475.36466750208
2016-12-19,50434.337861687534,52521.27146996984,52755.27695960281,46204.02062555153,50411.47249224155,48266.32228835815
2016-12-20,50434.337861687534,52521.27146996984,52755.27695960281,45839.411957747965,50323.070085416046,48135.59555660554
2016-12-21,50434.337861687534,52521.27146996984,52755.27695960281,45823.206139003494,50319.11654161976,48009.93167220759
2016-12-22,50434.337861687534,51960.61535054688,52755.27695960281,45730.03133553552,50296.37952356231,47520.382540720006
2016-12-23,50434.337861687534,51938.9809673065,52755.27695960281,45855.617776492436,50327.07436997534,47559.98674412212
2016-12-26,50434.337861687534,51938.9809673065,52755.27695960281,,50327.07436997534,47098.42721963545
2016-12-27,50434.337861687534,51938.9809673065,52755.27695960281,46074.383966238885,50380.42957890122,47840.49640447689
2016-12-28,50434.337861687534,51938.9809673065,52755.27695960281,46159.458332995404,50401.10186659673,47852.40761801203
2016-12-29,50434.337861687534,51938.9809673065,52755.27695960281,46848.16359440213,50568.211010468345,48261.85558328247
2016-12-30,50434.337861687534,51938.9809673065,52755.27695960281,46588.88533045529,50506.018424625356,48751.404714770055
2017-01-02,50434.337861687534,51938.9809673065,52755.27695960281,,50506.018424625356,48713.88555533881
2017-01-03,50434.337861687534,51938.9809673065,52755.27695960281,47010.21189120372,50607.51868060085,48789.81954162533
2017-01-04,50434.337861687534,51938.9809673065,52755.27695960281,47147.953932549375,50640.470305601615,48779.39722978209
2017-01-05,50434.337861687534,51938.9809673065,52755.27695960281,47792.091956078424,50794.215412381855,49275.49811031622
2017-01-06,50434.337861687534,51938.9809673065,52755.27695960281,47476.10074450827,50719.584164072854,49096.82990728912
2017-01-09,50434.337861687534,51938.9809673065,52755.27695960281,47946.03981616855,50831.149604008984,49050.673954840444
2017-01-10,50434.337861687534,51938.9809673065,52755.27695960281,47974.396289980206,50837.83022603088,49363.639927271804
2017-01-11,50434.337861687534,51938.9809673065,52755.27695960281,48436.23492492903,50946.58672918001,49911.85818304441
2017-01-12,50434.337861687534,51938.9809673065,52755.27695960281,48569.92674791896,50977.83579562099,50069.97837951894
2017-01-13,50434.337861687534,51938.9809673065,52755.27695960281,48424.08426986184,50943.819621433344,50029.178983547754
2017-01-16,50434.337861687534,51938.9809673065,52755.27695960281,,50943.819621433344,50103.32745100845
2017-01-17,50434.337861687534,51938.9809673065,52755.27695960281,49100.633930879834,51101.98712293146,50015.18563405286
2017-01-18,50434.337861687534,51938.9809673065,52755.27695960281,49072.27745706818,51095.428836211286,50128.34216263668
2017-01-19,50434.337861687534,51938.9809673065,52755.27695960281,48650.95089631975,50997.94061218699,50236.13631872081
2017-01-20,50434.337861687534,51938.9809673065,52755.27695960281,48788.69293766541,51030.02659207675,49725.44303840168
2017-01-23,50434.337861687534,51938.9809673065,52755.27695960281,49222.17015348102,51130.78014567569,49976.47419006365
2017-01-24,50434.337861687534,51938.9809673065,52755.27695960281,49031.76538286778,51086.82730249973,50478.53067736535
2017-01-25,50434.337861687534,51938.9809673065,52755.27695960281,48505.10841826264,50964.88715393436,51234.59611971282
2017-01-27,50434.337861687534,51938.9809673065,52755.27695960281,48132.39436842606,50877.8615917019,51463.88698026426
2017-01-30,50434.337861687534,51938.9809673065,52755.27695960281,48339.00495778376,50926.393955665706,51413.26432273992
2017-01-31,50434.337861687534,51938.9809673065,52755.27695960281,48962.89188953418,51145.48763717515,50987.73505599259
2017-02-01,50434.337861687534,51938.9809673065,52755.27695960281,48841.35566693299,51103.16967534301,51911.45315525604
2017-02-02,50434.337861687534,51938.9809673065,52755.27695960281,49291.038701493075,51260.00553777591,52017.758409648275
2017-02-03,50434.337861687534,51938.9809673065,52755.27695960281,49363.9624131824,51285.28443879257,52057.66213819544
2017-02-06,50434.337861687534,51938.9809673065,52755.27695960281,49829.851266486956,51446.62509562368,52415.591778517504
2017-02-07,50434.337861687534,51938.9809673065,52755.27695960281,50000.0,51505.181549108616,52220.54565687958
2017-02-08,50434.337861687534,51938.9809673065,52755.27695960281,50137.74204134566,51552.477741418305,52225.01236195526
2017-02-09,50434.337861687534,51938.9809673065,52755.27695960281,50036.461855844675,51517.76507257108,52280.700774845376
2017-02-10,50434.337861687534,51938.9809673065,52755.27695960281,50008.10538203302,51508.033088454344,52370.92472776073
2017-02-13,50434.337861687534,51938.9809673065,52755.27695960281,49602.984640029055,51368.94248554409,52439.414205587775
2017-02-14,50434.337861687534,51938.9809673065,52755.27695960281,49582.72860292885,51361.95008906945,52363.48021930126
2017-02-15,50434.337861687534,51938.9809673065,52755.27695960281,49898.71981449901,51471.060158204105,51960.883528222425
2017-02-16,50434.337861687534,51938.9809673065,52755.27695960281,50234.97200849092,51586.67606291152,52278.31620572946
2017-02-17,50434.337861687534,51938.9809673065,52755.27695960281,50137.74204134566,51553.39399786009,52538.57738467671
2017-02-20,50434.337861687534,51938.9809673065,52755.27695960281,,51553.39399786009,52881.024773811994
2017-02-21,50434.337861687534,51938.9809673065,52925.495869003615,50133.69182298993,51607.452786327136,53051.64941808953
2017-02-22,50434.337861687534,51938.9809673065,53038.68503233289,49910.87541488775,51567.78741045301,53165.108379829515
2017-02-23,50434.337861687534,51938.9809673065,53113.544914702914,50648.193187206336,51845.98029149514,53240.14669869201
2017-02-27,50434.337861687534,51938.9809673065,52859.252241890106,50939.88308864213,51862.76835515863,52985.24789224446
2017-02-28,50434.337861687534,51938.9809673065,52757.65005616841,50745.4231543516,51730.62517731481,52883.40352690567
2017-03-01,50434.337861687534,51938.9809673065,53150.974855887915,51123.74617248485,52030.58918329096,53277.665858123255
2017-03-02,50434.337861687534,51938.9809673065,52877.372487793196,50860.57925867769,51822.273056618935,53003.411329681105
2017-03-03,50434.337861687534,51938.9809673065,52864.30014901008,50848.0055113167,51812.30855879177,52990.307831588005
2017-03-06,50434.337861687534,51938.9809673065,53255.84367575737,51224.6151959214,52110.78223521721,53382.784643979765
2017-03-07,50434.337861687534,51938.9809673065,53157.51392637552,51130.03583661083,52035.9479204885,53284.220515180925
2017-03-08,50434.337861687534,51938.9809673065,53023.2337947921,51000.87727683479,51933.711391258774,53149.62031262051
2017-03-09,50434.337861687534,51938.9809673065,53039.27685592627,51016.30844037369,51945.93293082426,53165.70161409738
2017-03-10,50434.337861687534,51938.9809673065,53084.133602988935,51059.454308481916,51980.10232374666,53210.66528198809
2017-03-14,50434.337861687534,51938.9809673065,53989.90800826727,51930.681617304326,52669.94168609644,54118.59869690858
2017-03-15,50434.337861687534,51938.9809673065,53976.83566948417,51918.107869943335,52660.02288742616,54105.495198815486
2017-03-16,50434.337861687534,51938.9809673065,54386.20353033786,52311.86205161548,52970.65252981888,54515.83883150996
2017-03-17,50434.337861687534,51938.9809673065,54423.929383319555,52348.14900471853,52999.23114481837,54553.65460807513
2017-03-20,50434.337861687534,51938.9809673065,54226.67225877037,52158.41545432723,52849.825191301985,54355.92730018736
2017-03-21,50434.337861687534,51938.9809673065,54194.887850490806,52127.84333357999,52825.731670817826,54324.067130389754
2017-03-22,50434.337861687534,51938.9809673065,53653.92047080016,51607.508963761094,52415.6089709973,53781.81029740695
2017-03-23,50434.337861687534,51938.9809673065,53985.74783653737,51926.68011847706,52667.740353155335,54114.42860896684
2017-03-24,50434.337861687534,52503.34745778631,53985.74783653737,52050.69309677648,52737.61968778846,54243.66643902756
2017-03-27,50434.337861687534,52340.16627206262,53985.74783653737,51691.802741009385,52535.60484027486,53869.65549722861
2017-03-28,50434.337861687534,52340.16627206262,53985.74783653737,52009.545187636395,52715.009941834345,54200.78490709661
2017-03-29,50434.337861687534,52340.16627206262,53985.74783653737,52255.28297893651,52853.382726897544,54456.875998102114
2017-03-30,50434.337861687534,52340.16627206262,53985.74783653737,52426.4433241714,52949.56017132311,54635.24758399528
2017-03-31,50434.337861687534,52340.16627206262,53985.74783653737,52426.4433241714,52949.56017132311,54635.24758399528
2017-04-03,50434.337861687534,52340.16627206262,53985.74783653737,52792.761845822846,53137.8667464736,55016.99965138763
2017-04-05,50434.337861687534,52340.16627206262,53985.74783653737,52948.781233849426,53217.79548307221,55179.592368960075
2017-04-06,50434.337861687534,52340.16627206262,53985.74783653737,52930.49265413261,53208.43979922854,55160.53326409941
2017-04-07,50434.337861687534,52340.16627206262,53985.74783653737,52566.74134232851,53022.328045289396,54781.456566934685
2017-04-10,50434.337861687534,52340.16627206262,53985.74783653737,52470.448649489386,52972.89291145691,54681.10691931002
2017-04-11,50434.337861687534,52340.16627206262,53985.74783653737,52787.9064706768,53136.017560365966,55011.93971204409
2017-04-12,50434.337861687534,52340.16627206262,53985.74783653737,52596.17496131735,53037.787887013554,54812.13026819656
2017-04-13,50434.337861687534,52340.16627206262,53985.74783653737,52295.286805427226,52883.35813331447,54498.5652454751
2017-04-17,50434.337861687534,52340.16627206262,53985.74783653737,52229.56623333533,52849.53199214824,54430.07576764804
2017-04-18,50434.337861687534,52340.16627206262,53784.02760678869,52034.408056918786,52692.26099360956,54226.695286148875
2017-04-19,50434.337861687534,52340.16627206262,53774.27876672248,52024.9763511753,52684.65451541007,54216.86620857349
2017-04-20,50616.60945135775,52340.16627206262,53968.6210281607,52212.99656803805,52875.05883391396,54412.807997635435
2017-04-21,50522.42768130791,52340.16627206262,53868.20220693432,52115.84441798917,52776.67479186837,54311.562682586744
2017-04-24,50522.42768130791,53083.2029166018,54450.334866864214,52679.04003047669,53230.897323928606,54898.48656632632
2017-04-25,50522.42768130791,53562.36656488148,54973.986023485675,53185.65657028523,53638.598970535655,55426.44761665807
2017-04-26,50522.42768130791,53562.36656488148,55241.27729763234,53444.25273438593,53846.301672052956,55695.93882289061
2017-04-27,50522.42768130791,53562.36656488148,55183.984114474006,53388.82332524729,53801.824999766155,55638.17409006297
2017-04-28,50522.42768130791,53562.36656488148,54958.924354010596,53171.0848639561,53623.09620342157,55411.26198260521
2017-05-02,50522.42768130791,53562.36656488148,55016.51750147866,53226.80447942531,53668.86791983725,55469.32914858902
2017-05-03,50522.42768130791,53562.36656488148,55005.59187835121,53216.23427192344,53660.186549632075,55458.3136024779
2017-05-04,50522.42768130791,53562.36656488148,55288.83317781331,53490.26159956303,53885.25500838371,55743.88611018733
2017-05-05,50522.42768130791,53562.36656488148,54848.16830118739,53063.93175728453,53535.42772551798,55299.59435571326
2017-05-08,50522.42768130791,53562.36656488148,55017.99424884964,53228.23318751426,53670.447045953886,55470.81805028091
2017-05-09,50522.42768130791,53562.36656488148,55034.53266569569,53244.233601932356,53683.58830922291,55487.492586025655
2017-05-10,50522.42768130791,53562.36656488148,55568.82101822371,53761.14130469415,54108.1049154983,56026.1783813568
2017-05-11,50522.42768130791,53562.36656488148,55658.02002055731,53847.43862180156,54178.851236538416,56116.11153316046
2017-05-12,50522.42768130791,53562.36656488148,55531.01974665337,53724.56972615151,54078.15356691544,55988.0659876577
2017-05-15,50522.42768130791,53562.36656488148,55793.88077868711,53978.879765985344,54286.66272632067,56253.090488814574
2017-05-16,50522.42768130791,53562.36656488148,56188.76071826834,54360.914076615285,54599.61950904663,56651.22047481773
2017-05-17,50522.42768130791,53562.36656488148,56268.50507630105,54438.06431341881,54662.73745419593,56731.621166179924
2017-05-18,50522.42768130791,53562.36656488148,55699.66314270996,53887.72707373187,54212.61536432094,56158.097397667385
2017-05-19,50522.42768130791,53562.36656488148,55690.5084627188,53878.870199758545,54205.35758629886,56148.8673703821
2017-05-22,50522.42768130791,53562.36656488148,55751.64349645944,53938.01648228487,54253.82656957203,56210.505574017545
2017-05-23,50522.42768130791,53562.36656488148,55443.891651765785,53640.27594890322,54009.88484603791,55900.22078783604
2017-05-24,50522.42768130791,53562.36656488148,55292.66925985119,53493.972892059726,53889.89392939034,55747.75376497292
2017-05-25,50522.42768130791,53562.36656488148,56173.99324455859,54346.62699572574,54589.555603437795,56636.33145789881
2017-05-26,50975.864361270724,53958.23508660954,56678.15248959205,54834.385704938286,55079.494586766305,57144.640169102015
2017-05-29,50975.864361270724,53958.23508660954,56736.04560136984,,55099.26773231326,57203.00976824199
2017-05-30,50975.864361270724,53958.23508660954,56852.114483601916,55002.68863399528,55217.19880957148,57320.033951611396
2017-05-31,50975.864361270724,53958.23508660954,56832.62257201391,54983.83080339928,55202.7034532206,57300.38161248285
2017-06-01,50975.864361270724,53958.23508660954,56802.19926875404,54954.39718441043,55180.07703913534,57269.70791122098
2017-06-02,50975.864361270724,53958.23508660954,57023.12298286983,55168.13414687436,55344.4030081167,57492.44993073699
2017-06-05,50975.864361270724,53958.23508660954,57150.711648304394,55291.57229340361,55439.21898368266,57621.0887105076
2017-06-06,50975.864361270724,53958.23508660954,56926.54601222575,55074.69887021315,55272.720143484636,57395.07808649612
2017-06-07,50975.864361270724,53958.23508660954,57084.557980920195,55227.570635731245,55390.19169444018,57554.390567528615
2017-06-08,50975.864361270724,53958.23508660954,56986.204298595425,55132.41644465051,55317.11959848566,57455.22738843968
2017-06-09,50975.864361270724,53958.23508660954,57110.25107775741,55252.427924122654,55409.317711859425,57580.29513055865
2017-06-12,50975.864361270724,53958.23508660954,56803.97598043474,54956.11609882996,55181.79375385678,57271.499246069034
2017-06-13,50975.864361270724,53958.23508660954,56747.85958033765,54901.82519144971,55140.05364319736,57214.92098177712
2017-06-14,50975.864361270724,53958.23508660954,56814.31321203158,54966.11705545264,55189.49417500151,57281.92155791228
2017-06-15,50975.864361270724,53958.23508660954,56577.43947260037,54736.948929449805,55013.31187177034,57043.09823691939
2017-06-16,50975.864361270724,53958.23508660954,56636.50936743941,54794.097253007974,55057.29006816731,57102.65430459509
2017-06-19,50975.864361270724,53958.23508660954,57047.045136570756,55191.27810173722,55362.863836116,57516.568974941205
2017-06-20,50975.864361270724,53958.23508660954,57023.12298286983,55168.13414687436,55345.08790395396,57492.44993073699
2017-06-21,50975.864361270724,53958.23508660954,56905.57158472236,55054.40675063722,55257.72992127599,57373.93102965346
2017-06-22,50975.864361270724,53958.23508660954,56884.308729998076,55033.83558651267,55241.920843502936,57352.49317169909
2017-06-23,50975.864361270724,53958.23508660954,56559.13011261803,54719.235181503165,55000.12714342441,57024.63818234882
2017-06-27,50975.864361270724,53958.23508660954,56183.7420846248,54356.05870146922,54720.62309383614,56646.16053547419
2017-06-28,50975.864361270724,53958.23508660954,56064.713939106354,54240.90259714314,54631.85911646032,56526.152732698756
2017-06-29,51044.87739375805,53938.38278784476,56140.61644655676,54314.335960558994,54705.821771440074,56602.679953253144
2017-06-30,51135.1114879146,53900.991343701106,56239.85848472189,54410.34960884949,54802.52746503116,56702.738799766106
2017-07-03,51640.504236388035,54044.04400603626,56795.70388773952,54948.11310117542,55344.167038563515,57263.159070185546
2017-07-04,51640.504236388035,53907.95801742801,56785.66085190798,,55341.01563903869,57253.033375476225
2017-07-05,51640.504236388035,53907.95801742801,56785.66085190798,55077.266080060486,55379.45417110076,57397.75345672373
2017-07-06,51640.504236388035,53907.95801742801,56785.66085190798,55288.4302517861,55442.197066215165,57617.81428998989
2017-07-07,51640.504236388035,53907.95801742801,56785.66085190798,55238.425468672714,55427.37919741347,57565.70273077366
2017-07-10,51640.504236388035,53907.95801742801,56785.66085190798,55839.911574122394,55605.730660915484,58192.5303430604
2017-07-11,51640.504236388035,53907.95801742801,56785.66085190798,55925.63405945963,55630.956034601615,58281.86444457395
2017-07-12,51640.504236388035,53907.95801742801,56785.66085190798,56097.36365557373,55681.43596879315,58460.82926473498
2017-07-13,51640.504236388035,53907.95801742801,56785.66085190798,56529.40833020803,55808.161656347635,58911.07662597661
2017-07-14,51640.504236388035,53907.95801742801,56785.66085190798,56498.830628569835,55799.24101373859,58879.21064015677
2017-07-17,51640.504236388035,53907.95801742801,56785.66085190798,56667.99301483659,55848.61073326821,59055.50009009019
2017-07-18,51640.504236388035,53907.95801742801,56785.66085190798,56160.51701781828,55700.81630128283,58526.643372334416
2017-07-19,51640.504236388035,53907.95801742801,56785.66085190798,56574.55215728441,55822.1651579533,58958.122429827075
2017-07-20,51640.504236388035,53907.95801742801,56785.66085190798,56424.253182504624,55778.3414020983,58801.49113504442
2017-07-21,51640.504236388035,53907.95801742801,56785.66085190798,56663.99151600932,55848.374813749935,59051.33000214844
2017-07-24,51640.504236388035,53907.95801742801,56785.66085190798,56956.307423365724,55933.51289341452,59355.96161471853
2017-07-25,51640.504236388035,53907.95801742801,56785.66085190798,56945.73163497288,55930.443793354025,59344.94025258519
2017-07-26,51640.504236388035,53907.95801742801,56785.66085190798,57266.33707866877,56023.49585614827,59679.053281859204
2017-07-27,51640.504236388035,53907.95801742801,56785.66085190798,57265.76224689861,56023.329675829526,59678.454231569114
2017-07-28,51640.504236388035,53907.95801742801,56785.66085190798,57231.18862732411,56013.33458500583,59642.42397382976
2017-07-31,51640.504236388035,53907.95801742801,57140.62217673006,57588.93490044183,56244.38749557701,60015.24263107075
2017-08-01,51640.504236388035,53907.95801742801,57353.54802712566,57803.53132011552,56382.69325979036,60238.88031801079
2017-08-02,51640.504236388035,53907.95801742801,57165.57390568779,57614.082395163816,56260.74903004635,60041.44962725695
2017-08-03,51640.504236388035,53907.95801742801,56780.843274412815,57226.33325217806,56010.88406208791,59637.364034486214
2017-08-04,51640.504236388035,53907.95801742801,57079.95392496332,57527.790658947364,56205.590418744985,59951.522291475536
2017-08-07,51640.504236388035,53907.95801742801,57028.920828186936,57476.35716774503,56172.42958152204,59897.9218305674
2017-08-08,51640.504236388035,53907.95801742801,56581.81087451765,57025.73928795431,55881.81322282053,59428.31874733118
2017-08-09,51640.504236388035,53907.95801742801,56182.05161643592,56622.84360686925,55621.275963321044,59008.44847021749
2017-08-10,51640.504236388035,53907.95801742801,55684.19651315086,56121.08244220675,55296.02096459108,58485.547359229284
2017-08-11,51064.952364011195,53907.95801742801,55063.57624542001,55495.59292468445,54679.7270520554,57833.705035314306
2017-08-14,51503.257527954156,54200.13194805561,55536.202747477495,55971.92755007634,55149.058866154934,58330.10834900461
2017-08-16,52045.67628041723,54923.7166503928,56121.095417508564,56561.40915904422,55729.87423872542,58944.425697466104
2017-08-17,52081.70058856899,54473.2063012833,56159.94059696672,56600.55910921615,55768.44862772975,58985.22509343731
2017-08-18,52081.70058856899,54473.2063012833,55781.445129208485,56219.094049465406,55520.420879383215,58587.68834170201
2017-08-21,52081.70058856899,54473.2063012833,55781.445129208485,55744.47275760206,55321.75091410845,58093.07054683753
2017-08-22,52081.70058856899,54473.2063012833,55781.445129208485,55808.4799961654,55348.67489587042,58159.774505838766
2017-08-23,52081.70058856899,54473.2063012833,55781.445129208485,56305.38578568184,55557.55505150574,58677.615677483416
2017-08-24,52081.70058856899,54473.2063012833,55781.445129208485,56331.38715672261,55568.429457104045,58704.71252507142
2017-08-28,52081.70058856899,54473.2063012833,55781.445129208485,56649.989060559376,55701.64108486162,59036.73760236344
2017-08-29,52081.70058856899,54473.2063012833,55781.445129208485,55982.7823830178,55423.57716781069,58341.42051224965
2017-08-30,52081.70058856899,54473.2063012833,55781.445129208485,56487.69117018877,55635.44698616861,58867.601859777795
2017-08-31,52081.70058856899,54473.2063012833,55781.445129208485,56679.138054108626,55704.274978303605,59067.1146864914
2017-09-01,52081.70058856899,54473.2063012833,55781.445129208485,57002.02608221226,55820.10903668192,59403.60646885909
2017-09-04,52081.70058856899,54473.2063012833,55781.445129208485,,55820.10903668192,59037.03421949738
2017-09-05,52081.70058856899,54473.2063012833,55781.445129208485,56875.155687734936,55774.75878317126,59271.3908354146
2017-09-06,52081.70058856899,54473.2063012833,55781.445129208485,56669.421722925545,55701.11431353535,59056.98899178208
2017-09-07,52081.70058856899,54473.2063012833,55781.445129208485,56747.71604237842,55729.20513224434,59138.58196770223
2017-09-08,52081.70058856899,54473.2063012833,55781.445129208485,56775.71537238734,55739.242067948224,59167.760951249984
2017-09-11,52081.70058856899,54473.2063012833,55781.445129208485,57182.89717773927,55885.15905328422,59592.09793343935
2017-09-12,52081.70058856899,54473.2063012833,55781.445129208485,57680.087592695294,56062.52576913862,60110.23572221794
2017-09-13,52081.70058856899,54473.2063012833,55781.445129208485,57601.508647802824,56034.647103524614,60028.346129163845
2017-09-14,52081.70058856899,54473.2063012833,55781.445129208485,57643.225807822084,56049.46056523183,60071.82089536266
2017-09-15,52081.70058856899,54473.2063012833,55781.445129208485,57636.37247370789,56047.02811419757,60064.67882005937
2017-09-18,52081.70058856899,54473.2063012833,55781.445129208485,58023.262159483886,56184.35707784027,60467.86874540607
2017-09-19,52081.70058856899,54473.2063012833,55781.445129208485,57991.54595608729,56173.14687401732,60434.816291050505
2017-09-20,52081.70058856899,54473.2063012833,55781.445129208485,57954.974377544655,56160.21603172754,60396.7038973514
2017-09-21,52081.70058856899,54473.2063012833,55781.445129208485,57844.96385469518,56121.30333571943,60282.05846707567
2017-09-22,52081.70058856899,54473.2063012833,55781.445129208485,56944.87775865409,55802.542256668865,59344.0504011834
2017-09-25,52081.70058856899,54473.2063012833,55781.445129208485,56420.251683677365,55614.88375991559,58797.32104710268
2017-09-26,52081.70058856899,54550.07502762788,55781.445129208485,56413.96760044235,55612.622674418155,58790.77220606725
2017-09-27,51365.48817354612,53679.493444129796,55781.445129208485,55638.17910814027,54986.600117446586,57982.298587369616
2017-09-28,51540.65128267316,54119.5194621337,55781.445129208485,55827.91265853157,55140.09291790633,58180.02589525739
2017-09-29,51644.32092760493,54220.6212756998,55781.445129208485,55940.20576578877,55231.03793268136,58297.0500786268
2017-10-03,52018.38899387083,54334.23588611976,55781.445129208485,56345.389612172556,55559.073521676364,58719.304924856406
2017-10-04,52018.38899387083,54334.23588611976,55781.445129208485,56661.993557041176,55699.56318826084,59049.24786618868
2017-10-05,52018.38899387083,54334.23588611976,55781.445129208485,56512.26383314059,55633.32637742456,58893.209805673905
2017-10-06,52018.38899387083,54334.23588611976,55781.445129208485,57032.31357751989,55863.71904912703,59435.170021522776
2017-10-09,52018.38899387083,54334.23588611976,55781.445129208485,57084.03169416184,55886.516327787205,59489.06709956483
2017-10-10,52018.38899387083,54334.23588611976,55781.445129208485,57245.19108277405,55957.51977963857,59657.01637361476
2017-10-11,52018.38899387083,54334.23588611976,55781.445129208485,57061.45699017817,55876.69572239143,59465.54128962849
2017-10-12,52018.38899387083,54334.23588611976,55781.445129208485,57699.235629621864,56157.74940517036,60130.19049450263
2017-10-13,52018.38899387083,54334.23588611976,56532.258506351245,58105.27335232444,56471.656734043965,60553.335192134036
2017-10-16,52018.38899387083,54334.23588611976,56564.087451540014,58467.59037514861,56635.84571461174,60930.91717158464
2017-10-17,52018.38899387083,54334.23588611976,56432.53645776069,58488.16712016414,56621.10529427352,60952.36084556123
2017-10-18,52018.38899387083,54334.23588611976,55672.680207613615,58353.29372803228,56425.11001246791,60811.805036233236
2017-10-19,52018.38899387083,54334.23588611976,54976.593653890115,57985.831123731485,56138.21432575873,60428.86068428294
2017-10-23,52018.38899387083,54334.23588611976,54976.593653890115,58204.70808678105,56233.57475850946,60656.959260276424
2017-10-24,52018.38899387083,54634.789860633035,55280.70087944326,58335.29535464605,56346.34471932465,60793.04836452873
2017-10-25,52018.38899387083,56470.26037895296,57137.87095285452,58836.19706209878,56904.82431610403,61315.0538080929
2017-10-26,52018.38899387083,56470.26037895296,57106.601261002,59113.081805916285,57019.731782005714,61603.604119186115
2017-10-27,52018.38899387083,56470.26037895296,56689.753757995626,58994.49903453309,56893.335308842834,61480.02527875904
2017-10-30,52018.38899387083,56470.26037895296,57029.80664215161,59226.52457671382,57055.4644567197,61721.82640313572
2017-10-31,52018.38899387083,56470.26037895296,57100.0977000023,59064.50573089184,56990.51070161852,61552.98146166177
2017-11-01,52018.38899387083,56470.26037895296,58175.25802428325,59665.70721090193,57502.89371162724,62179.51245681458
2017-11-02,52018.38899387083,56470.26037895296,58031.14107385072,59570.2683943816,57427.27473932213,62080.05266059171
2017-11-03,52018.38899387083,56470.26037895296,58031.14107385072,59734.285199171725,57507.54204941011,62250.979738025424
2017-11-06,52018.38899387083,56470.26037895296,58031.14107385072,59730.28370034446,57505.58642459085,62246.80965008368
2017-11-07,52018.38899387083,56470.26037895296,58031.14107385072,59149.374339910304,57221.67325021671,61641.425711773525
2017-11-08,52018.38899387083,56470.26037895296,58031.14107385072,58880.77721918692,57089.764543411846,61361.51219369773
2017-11-09,52018.38899387083,56470.26037895296,58031.14107385072,58913.92213067246,57106.07864991903,61396.0535497452
2017-11-10,52082.976096016566,56470.26037895296,58031.14107385072,58987.07086864872,57162.58503807793,61472.284153165645
2017-11-13,51594.5296684594,56470.26037895296,58031.14107385072,58433.87621278388,56735.35742619588,60895.78258126931
2017-11-14,51401.01474602367,56470.26037895296,58031.14107385072,58214.70904340374,56565.7710712674,60667.38157211966
2017-11-15,51055.11624635785,56470.26037895296,58031.14107385072,57822.95840159071,56262.41198678558,60259.12589140718
2017-11-16,51543.06005055201,56470.26037895296,58031.14107385072,58375.58380657635,56690.93602907253,60835.03422903566
2017-11-17,51890.471347986866,56470.26037895296,58031.14107385072,58769.047781917936,56995.45452376234,61245.07542857396
2017-11-20,51966.91937596344,56470.26037895296,58031.14107385072,58855.62972446495,57062.37287016989,61335.30519751154
2017-11-21,51966.91937596344,56470.26037895296,58189.7621967679,59016.50448763756,57173.22383682968,61502.95785442752
2017-11-22,51966.91937596344,56470.26037895296,58276.53443319616,59104.50955738255,57233.81602516139,61594.67070903476
2017-11-23,51966.91937596344,56470.26037895296,58312.87983376747,,57241.064224832684,61633.08553589003
2017-11-24,51966.91937596344,56470.26037895296,58543.62497868129,59375.39484340464,57420.23636098859,61876.96879622647
2017-11-27,51966.91937596344,56470.26037895296,58599.125313300836,59431.68370975305,57458.923865308665,61935.62919647815
2017-11-28,51966.91937596344,56470.26037895296,58434.027500531665,59264.240237905826,57343.87100456206,61761.131081392785
2017-11-29,51966.91937596344,56470.26037895296,58383.595161964535,59213.09137214307,57308.69714375005,61707.82723761859
2017-11-30,51966.91937596344,56470.26037895296,57624.309203988916,58443.01771219679,56687.677089543664,60905.30922568853
2017-12-01,51966.91937596344,56470.26037895296,57034.06650196334,57844.389022925025,56203.85676234527,60281.459416785576
2017-12-04,51966.91937596344,56470.26037895296,57067.59451493547,57878.39339162033,56231.38701216171,60316.896440257064
2017-12-05,51918.173530729146,56582.296534677625,57014.06415055128,57824.102484240066,56178.64102449262,60260.31817596514
2017-12-06,51537.69737646926,55967.37986339842,56596.243368510695,57400.34543269988,55766.942541380646,59818.70760774094
2017-12-07,52166.778343600155,56430.06178340635,57287.07010945264,58100.98722805757,56447.6466460208,60548.86848705836
2017-12-08,52674.50580745348,57024.375519841444,57844.6322158699,58666.47100584381,56997.03883357936,61138.17693991386
2017-12-11,52674.50580745348,57212.87214021068,57844.6322158699,58989.92828482662,57127.875815239786,61475.26195654943
2017-12-12,52674.50580745348,57212.87214021068,57844.6322158699,58520.74278077049,56938.69980902986,60986.30896734083
2017-12-13,52674.50580745348,57212.87214021068,57844.6322158699,58251.00157739776,56829.43098584531,60705.203164707076
2017-12-14,52674.50580745348,57212.87214021068,57844.6322158699,58589.03056270971,56966.73243195133,61057.473815395504
2017-12-15,52674.50580745348,57212.87214021068,57844.6322158699,59052.79144074061,57154.46964480058,61540.7736309927
2017-12-18,52674.50580745348,57212.87214021068,57844.6322158699,59369.96463648843,57282.27748759102,61871.309806592835
2017-12-19,52674.50580745348,57212.87214021068,57844.6322158699,59795.435021557154,57453.19008801135,62314.705893642866
2017-12-20,52674.50580745348,57212.87214021068,57844.6322158699,59686.853206796644,57409.7536230762,62201.549365059036
2017-12-21,52674.50580745348,57212.87214021068,57844.6322158699,59664.563128252565,57400.8273563832,62178.320172256615
2017-12-22,52674.50580745348,57212.87214021068,57844.6322158699,59965.73590958229,57521.461061263115,62492.181812112
2017-12-26,52674.50580745348,57212.87214021068,57844.6322158699,60185.75695528122,57609.33138459892,62721.47267266345
2017-12-27,52674.50580745348,57212.87214021068,57844.6322158699,59952.87753678171,57516.52422632381,62478.78169688498
2017-12-28,52674.50580745348,57212.87214021068,57844.6322158699,59879.44417336585,57487.19319861247,62402.254476330585
2017-12-29,52674.50580745348,57212.87214021068,57844.6322158699,60181.18620557477,57634.22875703523,62716.709350453835
2018-01-01,,57212.87214021068,,,,
2018-01-02,52674.50580745348,57212.87214021068,57844.6322158699,59675.42354208501,57388.38469233485,62189.6381515239
2018-01-03,52674.50580745348,57212.87214021068,57844.6322158699,59681.13837444083,57391.174184883246,62195.59375829147
2018-01-04,52674.50580745348,57212.87214021068,57844.6322158699,60033.16981520273,57562.997733759905,62562.45680876489
2018-01-05,52674.50580745348,57212.87214021068,57844.6322158699,60342.05538785642,57713.32680398524,62884.3561913476
2018-01-08,52674.50580745348,57212.87214021068,57844.6322158699,60712.09078289554,57892.96244073752,63269.981729547755
2018-01-09,52674.50580745348,57212.87214021068,57844.6322158699,60788.67176881986,57930.02750499506,63349.78918664208
2018-01-10,52674.50580745348,57212.87214021068,57844.6322158699,60761.24168969015,57916.75963031223,63321.203437362194
2018-01-11,52674.50580745348,57212.87214021068,57844.6322158699,60869.82350445066,57969.292113606796,63434.35996594603
2018-01-12,52674.50580745348,57212.87214021068,57844.6322158699,61041.55310056474,58052.30286079024,63613.32478610706
2018-01-15,52674.50580745348,57212.87214021068,57844.6322158699,,58052.30286079024,63972.44671098708
2018-01-16,52674.50580745348,57212.87214021068,57844.6322158699,61151.278997974616,58105.26874645651,63727.67359924885
2018-01-17,52674.50580745348,57212.87214021068,57844.6322158699,61654.75349616566,58348.0866286452,64252.36022906288
2018-01-18,52674.50580745348,57212.87214021068,57844.6322158699,61817.34159286683,58426.18500774624,64421.798404804686
2018-01-19,52674.50580745348,57212.87214021068,57844.6322158699,62261.38518309197,58639.20287404237,64884.550213849325
2018-01-22,52674.50580745348,57212.87214021068,57844.6322158699,62669.995696532846,58834.5342620022,65310.37609773057
2018-01-23,52674.50580745348,57212.87214021068,57844.6322158699,63341.48849834128,59154.50277017921,66010.15989292006
2018-01-24,52674.50580745348,57212.87214021068,57844.6322158699,63354.63149658146,59160.73275821961,66023.85662528101
2018-01-25,52674.50580745348,57212.87214021068,57844.6322158699,63261.19621992025,59116.44749084708,65926.48478104014
2018-01-29,52674.50580745348,57212.87214021068,57844.6322158699,,59116.44749084708,66288.28789217002
2018-01-30,52674.50580745348,57212.87214021068,57844.6322158699,63146.89957280392,59062.235215110035,65807.37264568874
2018-01-31,52674.50580745348,57212.87214021068,57844.6322158699,63021.457886415556,58998.136666920946,65676.64591393612
2018-02-01,52674.50580745348,57212.87214021068,57844.6322158699,62959.738813150936,58966.57080090476,65612.32652405082
2018-02-02,52674.50580745348,57212.87214021068,57844.6322158699,61495.02281564239,58217.11704264543,64085.89985670484
2018-02-05,52674.50580745348,57212.87214021068,57844.6322158699,60957.54394875604,57939.132541095336,63525.77620341934
2018-02-06,51843.39272949184,57212.87214021068,57844.6322158699,59995.73877945032,57224.727227593794,62523.44874764175
2018-02-07,51736.97356556853,56899.66801068927,57844.6322158699,59872.585258360676,57132.93134542235,62395.106585005065
2018-02-08,52231.54031763393,57455.257372079024,57844.6322158699,60444.92237026111,57559.73039595812,62991.55711316386
2018-02-09,51629.56577933116,56442.27612066318,57844.6322158699,59748.28765462167,57041.315966858754,62265.572137810406
2018-02-12,52048.33172392176,56969.71196136349,57844.6322158699,60232.90432221672,57402.87187349849,62770.6064284959
2018-02-14,52048.33172392176,56170.96675043928,57844.6322158699,60010.88531754964,57287.277038352426,62539.2334319847
2018-02-15,52048.33172392176,56355.1660192035,57844.6322158699,60265.76460826266,57420.20341247507,62804.851167409426
2018-02-16,52048.33172392176,56355.1660192035,57844.6322158699,59733.141116522376,57142.95897873209,62249.78745346746
2018-02-19,52048.33172392176,56355.1660192035,57844.6322158699,,57142.95897873209,61809.67160295737
2018-02-20,52048.33172392176,56355.1660192035,57844.6322158699,59207.951371557414,56868.4781148286,61702.470681141116
2018-02-21,52048.33172392176,56355.1660192035,57844.6322158699,59419.68479416222,56979.58205265015,61923.12474867514
2018-02-22,51974.495073732855,56396.97077362242,57844.6322158699,59335.39101691393,56916.4140024483,61835.27954885348
2018-02-23,52516.87963003973,57181.84609953898,57844.6322158699,59954.59087031026,57380.5738905367,62480.567215710806
2018-02-26,52516.87963003973,58052.82483000098,57844.6322158699,60477.78265630706,57654.13340439978,63025.80185207738
2018-02-27,52516.87963003973,58052.82483000098,57844.6322158699,60316.05401681565,57569.90278693789,62857.2593437596
2018-02-28,52516.87963003973,58052.82483000098,57844.6322158699,59964.87645237253,57458.725020926046,62491.286144687976
2018-03-01,52516.87963003973,58052.82483000098,57844.6322158699,59767.71473609687,57396.062157301654,62285.817711206815
2018-03-05,52516.87963003973,58052.82483000098,57844.6322158699,59199.08891669312,57214.940397847684,61693.2348378336
2018-03-06,52516.87963003973,58052.82483000098,56981.698772119846,58572.74552285203,56851.17298855965,61040.50266251682
2018-03-07,52516.87963003973,58052.82483000098,56249.044083555,58029.55182360987,56536.72079258367,60474.42340246374
2018-03-08,52974.338432420285,58052.82483000098,57049.75381911726,58535.029861660034,57088.833635778625,61001.19798425975
2018-03-09,52892.61779357077,58052.82483000098,56627.43014486058,58444.73104572535,56936.88555528587,60907.094744514354
2018-03-12,53898.82209960296,58052.82483000098,57484.54135415513,59556.55614526221,57977.760965859685,62065.76269396289
2018-03-13,53898.82209960296,58052.82483000098,57658.065791378816,59587.69751688864,58021.23451986403,62098.21609802836
2018-03-14,53898.82209960296,58052.82483000098,57921.43199499319,59496.550405526155,58042.40257263458,62003.2288229034
2018-03-15,53898.82209960296,58052.82483000098,57782.053437871684,59206.52266346846,57921.88584460606,61700.98177944923
2018-03-16,53898.82209960296,58052.82483000098,57077.49023392362,58263.57532475875,57481.049085787025,60718.30666280017
2018-03-19,53898.82209960296,58052.82483000098,56507.753410040394,57686.94650770047,57182.799059708,60117.383613543476
2018-03-20,53898.82209960296,58052.82483000098,56328.52054278763,57858.96072925416,57204.72260100266,60296.64505083843
2018-03-21,53898.82209960296,58052.82483000098,56532.22591389711,58035.55128140527,57302.13498628349,60480.67562636524
2018-03-22,53898.82209960296,58052.82483000098,56266.29228242277,57804.10057099471,57174.86526362868,60239.47355227866
2018-03-23,53898.82209960296,58052.82483000098,55168.30717635092,57137.17851889274,56743.02188838492,59544.453079298786
2018-03-26,53898.82209960296,58052.82483000098,56506.00537405063,57894.96863780858,57255.3569515727,60334.17002629191
2018-03-27,53898.82209960296,58052.82483000098,56948.372283887875,58200.71216884476,57441.23637615944,60652.79498835691
2018-03-28,53898.82209960296,58052.82483000098,56550.28895245803,57798.1011131993,57263.70618578097,60233.22132837715
2018-04-02,53898.82209960296,58052.82483000098,56702.13137036074,58358.7239349485,57421.3056011783,60817.46402586687
2018-04-03,53898.82209960296,58052.82483000098,57126.54904606349,58548.45748533981,57558.30261815282,61015.19133375465
2018-04-04,53898.82209960296,58052.82483000098,56238.32370658652,57882.11026500799,57213.85449503603,60320.769911064875
2018-04-05,53898.82209960296,58052.82483000098,57707.36131672563,59006.50353101489,57792.95051593401,61492.53554258427
2018-04-06,53898.82209960296,58052.82483000098,57971.54236003315,59043.359734997124,57859.76630912121,61530.944553417314
2018-04-09,53898.82209960296,58052.82483000098,58485.81090648071,59316.24297998736,58033.25296589386,61815.32477656878
2018-04-10,53898.82209960296,58052.82483000098,58485.81090648071,59447.11487329195,58061.70656124691,61951.71049795503
2018-04-11,53898.82209960296,58052.82483000098,58485.81090648071,59532.26810775,58080.18850523054,62040.45136520071
2018-04-12,53898.82209960296,58052.82483000098,58485.81090648071,59769.43365051639,58131.60644439995,62287.60904605487
2018-04-13,53898.82209960296,58052.82483000098,58485.81090648071,59894.86975601378,58158.71730050643,62418.329961785246
2018-04-16,53898.82209960296,58052.82483000098,58485.81090648071,60167.75300100402,58217.600249417424,62702.71018493672
2018-04-17,53898.82209960296,58052.82483000098,58485.81090648071,60284.05318797946,58242.60706584709,62823.9102722701
2018-04-18,53898.82209960296,58052.82483000098,58485.81090648071,60155.4694599736,58215.00053329452,62689.90911999978
2018-04-19,53898.82209960296,58052.82483000098,58485.81090648071,60378.917172729634,58263.05382969109,62922.771018202875
2018-04-20,53898.82209960296,58052.82483000098,58485.81090648071,60371.77363228486,58261.52200551964,62915.326509743405
2018-04-23,53898.82209960296,58052.82483000098,58485.81090648071,60489.787152788864,58286.83054848827,63038.31211590262
2018-04-24,53898.82209960296,58052.82483000098,58485.81090648071,60659.228583604236,58323.112904497604,63214.89236694773
2018-04-25,53898.82209960296,58052.82483000098,58485.81090648071,60408.92004259767,58269.63098723999,62954.03795373261
2018-04-26,53898.82209960296,58052.82483000098,58485.81090648071,60678.94587140999,58327.51171593156,63235.44037350029
2018-04-27,53898.82209960296,58052.82483000098,58485.81090648071,61104.700881918325,58418.457521879434,63679.13307768426
2018-04-30,53898.82209960296,58052.82483000098,58485.81090648071,61373.58262808129,58473.4644565253,63959.34321289398
2018-05-02,53898.82209960296,58052.82483000098,58485.81090648071,61251.85781508059,58448.648151013724,63832.48995194919
2018-05-03,53898.82209960296,58052.82483000098,58485.81090648071,61032.41160115182,58403.83928447384,63603.79814168784
2018-05-04,53898.82209960296,58052.82483000098,58485.81090648071,60681.51866214831,58331.987732000554,63238.12155975015
2018-05-07,53898.82209960296,58052.82483000098,58485.81090648071,61237.286108751454,58446.30822805086,63817.30431789633
2018-05-08,53898.82209960296,58052.82483000098,58485.81090648071,61250.42910699164,58448.99243662348,63831.0010502573
2018-05-09,53898.82209960296,58052.82483000098,58485.81090648071,61387.01583265204,58476.88298466965,63973.342378411115
2018-05-10,53898.82209960296,58052.82483000098,58485.81090648071,61243.285566546874,58447.585078498734,63823.556541797836
2018-05-11,53898.82209960296,58052.82483000098,58485.81090648071,61757.33585313076,58552.562126630546,64359.2645337452
2018-05-14,53898.82209960296,58052.82483000098,58485.81090648071,61757.90510400995,58552.677615923276,64359.85776801306
2018-05-15,53898.82209960296,58052.82483000098,58460.10368942375,61730.75965031982,58540.70904339521,64331.56863586711
2018-05-16,53898.82209960296,58052.82483000098,58131.321913379565,61383.58358470396,58387.601291,63969.76552473723
2018-05-17,53898.82209960296,58052.82483000098,57815.261615841984,61049.840723658876,58239.97237652384,63621.96157912449
2018-05-18,53898.82209960296,58052.82483000098,57348.20312930005,60556.65180753011,58021.17556951674,63107.99387828764
2018-05-21,53493.42531483701,58052.82483000098,56916.86203027269,60101.17855259334,57584.772748305615,62633.330855707856
2018-05-22,53595.155751801794,58113.465600547155,57025.102944196704,60215.47519970966,57694.28385288949,62752.442991059266
2018-05-23,53054.201172857676,57904.366783258694,56449.528713285246,59607.699430134,57111.9553459316,62119.06072171485
2018-05-24,53478.92574718564,58652.495650555975,56901.43452891799,60084.88793184468,57569.16420756927,62616.353886806945
2018-05-25,53943.32916577505,59231.31735344205,57395.5585291418,60606.6565906435,58069.086677772175,63160.10543750388
2018-05-28,54368.053740103016,59231.31735344205,57847.46434477455,,58428.46030270418,63657.398602595975
2018-05-29,54368.053740103016,59231.31735344205,57547.90444436933,60767.525772925146,58385.68452497984,63327.75227839763
2018-05-30,54368.053740103016,59231.31735344205,57445.34512138615,60659.228583604236,58337.29592522904,63214.89236694773
2018-05-31,54368.053740103016,59231.31735344205,58104.53651534407,61355.29962925546,58634.81886900903,63940.28992405555
2018-06-01,54368.053740103016,59231.31735344205,57888.32423274069,61126.9909604624,58537.847530506195,63702.36227048668
2018-06-04,54368.053740103016,59231.31735344205,57521.92768206774,60740.09569379543,58373.17747577757,63299.16652911775
2018-06-05,54368.053740103016,59231.31735344205,57330.6139807874,60538.0786023737,58286.8908555585,63088.63815629303
2018-06-06,54368.053740103016,59231.31735344205,57825.81616198975,61060.985762930904,58510.65182128189,63633.57617552568
2018-06-07,54368.053740103016,59231.31735344205,58278.800158601036,61539.31276639997,58714.36236416151,64132.05580915351
2018-06-08,54368.053740103016,59231.31735344205,58275.0159547744,61535.31684846368,58712.66792590089,64127.891537234005
2018-06-11,54368.053740103016,59231.31735344205,58379.467379670896,61645.611996752734,58759.43942231403,64242.83358464365
2018-06-12,54368.053740103016,59231.31735344205,58681.99756296798,61965.0677769083,58894.77242190565,64575.74851333747
2018-06-13,54368.053740103016,59231.31735344205,58756.957566980884,62044.22155357094,58928.20877801279,64658.237156681666
2018-06-14,54368.053740103016,59231.31735344205,58493.659429780375,61766.19272710408,58810.846316765346,64368.494561030486
2018-06-15,54368.053740103016,59231.31735344205,58545.88778482906,61821.3430916941,58834.184791336505,64425.96849274643
2018-06-18,54368.053740103016,59231.31735344205,58449.27959803135,61719.329985608194,58791.03638526872,64319.65742233197
2018-06-19,54368.053740103016,59231.31735344205,58449.27959803135,61208.427321532785,58682.88911377734,63787.22966692455
2018-06-20,54368.053740103016,59231.31735344205,58449.27959803135,61560.458762294686,58757.8904853451,64154.09271739797
2018-06-21,54368.053740103016,59095.82578425775,58449.27959803135,61383.58358470396,58720.37429566605,63969.76552473723
2018-06-22,54368.053740103016,59095.82578425775,58449.27959803135,61845.056297436146,58818.4745398334,64450.680771218504
2018-06-25,54368.053740103016,59095.82578425775,58449.27959803135,61505.598604035236,58746.731147225386,64096.921218838186
2018-06-26,54368.053740103016,59095.82578425775,58449.27959803135,61543.8890969974,58754.85846985616,64136.82494738535
2018-06-27,54368.053740103016,59095.82578425775,58449.27959803135,60985.26423421634,58636.345305305265,63554.66438585539
2018-06-28,54368.053740103016,59095.82578425775,58449.27959803135,60514.92906661987,58535.85204811267,63064.513296066594
2018-06-29,54368.053740103016,59095.82578425775,58449.27959803135,61230.42719374628,58862.48481289857,63810.15642657079
2018-07-02,54078.81607458333,59095.82578425775,58449.27959803135,60904.68174946474,58649.01529757346,63470.68684081931
2018-07-03,54294.986145220755,59095.82578425775,58449.27959803135,61148.13695635711,58808.82948301181,63724.39917873113
2018-07-04,54294.986145220755,59095.82578425775,58449.27959803135,,58808.82948301181,64141.29165246103
2018-07-05,54294.986145220755,59250.86580273871,58449.27959803135,61433.01911693817,58938.134802041015,64021.283849685606
2018-07-06,54294.986145220755,59250.86580273871,58449.27959803135,61563.89101024276,58997.39085828008,64157.66957107185
2018-07-09,54294.986145220755,59250.86580273871,58449.27959803135,62022.506306797026,59204.80917754782,64635.60701416934
2018-07-10,54294.986145220755,59250.86580273871,58449.27959803135,62561.69850721192,59447.71789729535,65197.51618628068
2018-07-11,54294.986145220755,59250.86580273871,58449.27959803135,62567.69796500734,59450.408381761066,65203.76841018219
2018-07-12,54294.986145220755,59250.86580273871,58449.27959803135,62995.74114081439,59642.3565948061,65649.84568348207
2018-07-13,54294.986145220755,59250.86580273871,58449.27959803135,62971.16847786257,59631.37696597492,65624.23773758597
2018-07-16,54294.986145220755,59250.86580273871,58449.27959803135,62502.262018355046,59421.81564312053,65135.575549489055
2018-07-17,54294.986145220755,59250.86580273871,58449.27959803135,62909.15919826737,59604.3844982976,65559.61591454448
2018-07-18,54294.986145220755,59250.86580273871,58449.27959803135,62751.432057603226,59533.856332870724,65395.243494168455
2018-07-19,54294.986145220755,59250.86580273871,58449.27959803135,62617.98737356033,59474.10694209847,65256.17658653235
2018-07-20,54294.986145220755,59250.86580273871,58449.27959803135,62921.44832018877,59610.13342306548,65572.42279550366
2018-07-23,54294.986145220755,59250.86580273871,58449.27959803135,63347.48795613669,59800.619491461555,66016.41211682155
2018-07-24,54294.986145220755,59250.86580273871,58449.27959803135,63630.6567831892,59926.77713175857,66311.5112689502
2018-07-25,54294.986145220755,59250.86580273871,58449.27959803135,63617.51378494903,59920.93541096879,66297.81453658924
2018-07-26,54294.986145220755,59250.86580273871,58449.27959803135,63819.246250931144,60010.610025627524,66508.04629228
2018-07-27,54294.986145220755,59250.86580273871,58449.27959803135,64453.87726786637,60292.24688639657,67169.4152606142
2018-07-30,54294.986145220755,59250.86580273871,58449.27959803135,64689.329477104206,60396.19270428004,67414.78742264255
2018-07-31,54294.986145220755,59250.86580273871,58449.27959803135,64900.49364882982,60504.326822591254,67634.8482559087
2018-08-01,54294.986145220755,59250.86580273871,58449.27959803135,64841.63199174311,60474.22890040129,67573.50666940719
2018-08-02,54294.986145220755,59250.86580273871,58449.27959803135,64261.57650762773,60177.50567766028,66969.01258249882
2018-08-03,54294.986145220755,59250.86580273871,58449.27959803135,64925.06631178163,60518.29239401746,67660.4562018048
2018-08-06,54294.986145220755,59250.86580273871,58449.27959803135,65075.36528656141,60595.13390203323,67817.08749658745
2018-08-07,54294.986145220755,59250.86580273871,58449.27959803135,65088.79849113216,60601.99456936329,67831.08666210457
2018-08-08,54294.986145220755,59250.86580273871,58449.27959803135,65434.830474098664,60778.70512914013,68191.6974886765
2018-08-09,54294.986145220755,59250.86580273871,58449.27959803135,65553.12862004226,60838.97302060914,68314.97971196963
2018-08-10,54294.986145220755,59250.86580273871,58449.27959803135,65317.676410804415,60719.11783797819,68069.60754994131
2018-08-13,54294.986145220755,59250.86580273871,58449.27959803135,64896.20752456296,60504.22306914835,67630.38155083302
2018-08-14,54294.986145220755,59250.86580273871,58449.27959803135,65349.6772396406,60736.112127249755,68102.95662143081
2018-08-16,54294.986145220755,59250.86580273871,58449.27959803135,65063.650996410186,60590.3062531288,67804.87966591839
2018-08-17,54294.986145220755,59250.86580273871,58449.27959803135,65553.41324548186,60840.464959386045,68315.27632910357
2018-08-20,54294.986145220755,59250.86580273871,58449.27959803135,66016.31466630299,61076.106213988955,68797.68047727675
2018-08-21,54294.986145220755,59250.86580273871,58449.27959803135,66125.75593827326,61131.641216386866,68911.7326732846
2018-08-23,54294.986145220755,59250.86580273871,58449.27959803135,66193.47446933329,61165.97870530591,68982.30428707141
2018-08-24,54294.986145220755,59250.86580273871,58449.27959803135,66046.88678705023,61091.68400631923,68829.54064707435
2018-08-27,54294.986145220755,59250.86580273871,59351.17652475797,66817.53527876665,61689.4780428263,69632.6577092945
2018-08-28,54294.986145220755,59250.86580273871,59362.62341620276,67083.55960875172,61826.80077798743,69909.89004112044
2018-08-29,54294.986145220755,59250.86580273871,59266.97153434122,66817.25065332706,61670.32340640272,69632.36109216057
2018-08-30,54294.986145220755,59250.86580273871,59013.204081365424,66730.95333621964,61568.703713964,69542.42794035692
2018-08-31,54294.986145220755,59250.86580273871,58926.05841693724,66752.09933211436,61552.81968056575,69564.46484860138
2018-09-03,54294.986145220755,59250.86580273871,58417.362826543205,,61401.70243308371,68979.91971795549
2018-09-04,54294.986145220755,59250.86580273871,57601.040743956946,65836.58207253437,60727.230861635566,68610.37548123221
2018-09-05,54294.986145220755,59132.71323000008,57486.178099097386,65588.84632226611,60575.98943231416,68352.20225426696
2018-09-06,54578.59764204723,59332.83768334685,57680.73013871597,65931.45163817551,60860.72552677188,68709.24204318723
2018-09-07,54825.54093365271,59360.37399136173,57707.49970534448,66229.76142243635,61065.813465652434,69020.1200636366
2018-09-10,54111.19236818827,58756.2205590093,57120.16876931408,65366.82173670806,60319.68264501123,68120.82344173352
2018-09-11,54111.19236818827,58756.2205590093,56292.293159963214,64506.17021627848,59665.1004928646,67223.91138894636
2018-09-12,54111.19236818827,58756.2205590093,56316.86029710199,64977.07463475416,59895.14402300263,67714.65571300304
2018-09-14,54111.19236818827,59511.290113655166,57040.581908516404,65807.43865987609,60505.285401806934,68580.0042131265
2018-09-17,54111.19236818827,58758.6339197833,56319.17346326999,65021.93383639092,59918.5013768239,67761.40489971956
2018-09-18,54111.19236818827,58758.6339197833,55523.637065328025,64457.02489037485,59411.709785680956,67172.69549715417
2018-09-19,54111.19236818827,58758.6339197833,55179.049130749365,64202.42464421045,59186.897538914745,66907.36856284113
2018-09-21,54111.19236818827,58758.6339197833,53750.19326443356,63680.946191742194,58505.299106850136,66363.91944530037
2018-09-24,54111.19236818827,57320.3601395812,52434.514384652764,62676.85461153802,57626.50345239421,65317.523989056106
2018-09-25,54604.82021389661,57320.3601395812,53190.46857215627,63248.62247255926,58238.970519218776,65913.38128294704
2018-09-26,54537.47162747664,57320.3601395812,53286.961232500864,63170.61277854598,58217.61388499668,65832.08492416082
2018-09-27,54161.26776228347,57320.3601395812,52585.28852413455,62734.856811414975,57712.2189579389,65377.96990813361
2018-09-28,54161.26776228347,57320.3601395812,52748.44876614708,62465.69043981241,57614.4470869302,65097.46315578995
2018-10-01,54161.26776228347,57320.3601395812,53267.43056354345,62910.587906356326,57968.38518198717,65561.10481623639
2018-10-03,54161.26776228347,57320.3601395812,52643.56062504737,62053.07842754426,57378.543332952526,64667.46718396695
2018-10-04,54161.26776228347,57320.3601395812,52117.33172726298,60572.9368473878,56490.729589315924,63124.96503116631
2018-10-05,54161.26776228347,57320.3601395812,51328.09501590618,58956.78337334109,55463.27310693386,61440.720600501976
2018-10-08,54161.26776228347,57320.3601395812,51695.35936137638,59137.3698434285,55645.84351689354,61628.91544794828
2018-10-09,54161.26776228347,57320.3601395812,51504.904578853246,58868.77272270512,55459.87545228807,61349.001929872495
2018-10-10,54161.26776228347,57320.3601395812,51504.904578853246,59777.71569271954,55935.60271234233,62296.240023050064
2018-10-11,54161.26776228347,57320.3601395812,51504.904578853246,58489.31120281349,55265.82802340567,60953.55313011919
2018-10-12,54161.26776228347,57320.3601395812,51504.904578853246,59848.581846288056,55979.36027280955,62370.09187337682
2018-10-15,54161.26776228347,57320.3601395812,51504.904578853246,60077.17514052071,56098.14621540589,62608.316144079625
2018-10-16,54161.26776228347,57320.3601395812,51504.904578853246,60490.071778228456,56312.34048487679,63038.60873303655
2018-10-17,54161.26776228347,57320.3601395812,51504.904578853246,59737.42724078923,55923.083076269424,62254.254158543146
2018-10-19,54161.26776228347,57320.3601395812,51504.904578853246,58883.05980359467,55478.741681168045,61363.89094679142
2018-10-22,54161.26776228347,57320.3601395812,51504.904578853246,58549.886193428756,55304.3465635397,61016.68023544654
2018-10-23,54161.26776228347,57320.3601395812,51504.904578853246,57987.25983182043,55009.102766505806,60430.34958597483
2018-10-24,54161.26776228347,57320.3601395812,51504.904578853246,58432.73213013452,55243.8768598791,60894.59029671135
2018-10-25,54161.26776228347,57320.3601395812,51504.904578853246,57862.10835176264,54944.16404294962,60299.925287378384
2018-10-26,54161.26776228347,57320.3601395812,51504.904578853246,57319.76852883927,54658.05847762321,59734.73587872709
2018-10-29,54161.26776228347,57320.3601395812,51504.904578853246,58581.88702226494,55326.67545247526,61050.02930693604
2018-10-30,54161.26776228347,57320.3601395812,51504.904578853246,58282.148529915146,55169.4071384603,60737.66238479478
2018-10-31,54161.26776228347,57320.3601395812,51504.904578853246,59357.67551456703,55508.768833257825,61858.502925633664
2018-11-01,54161.26776228347,57320.3601395812,51504.904578853246,59322.53264411334,55497.81412826958,61821.87943362645
2018-11-02,54161.26776228347,57320.3601395812,51504.904578853246,60308.62585093128,55805.31964130087,62849.5182181662
2018-11-05,54161.26776228347,57320.3601395812,51504.904578853246,60142.895712612604,55754.201340988235,62676.80562190667
2018-11-06,54161.26776228347,57320.3601395812,51504.904578853246,60177.1847067475,55764.796970281466,62712.53926251209
2018-11-07,54161.26776228347,57320.3601395812,51504.904578853246,60568.081472241734,55885.54194957526,63119.90509182278
2018-11-09,54161.26776228347,57320.3601395812,51504.904578853246,60492.64456896677,55862.340332925894,63041.289919286406
2018-11-12,54161.26776228347,57320.3601395812,51504.904578853246,59904.01683631766,55681.149583951694,62427.862422226695
2018-11-13,54161.26776228347,57320.3601395812,51504.904578853246,60477.213405427865,55858.746154772874,63025.20861780953
2018-11-14,54161.26776228347,57320.3601395812,51504.904578853246,60441.78032864361,55847.837102530306,62988.282692646135
2018-11-15,54161.26776228347,57320.3601395812,51504.904578853246,60672.661788174984,55918.94812359219,63228.89153246486
2018-11-16,54161.26776228347,57320.3601395812,51504.904578853246,61046.983307480965,56033.945911188275,63618.9837757407
2018-11-19,54161.26776228347,57320.3601395812,51504.904578853246,61511.02881095146,56175.925630376194,64102.58020847182
2018-11-20,54161.26776228347,57320.3601395812,51504.904578853246,60898.39766622974,55989.42725065467,63464.137999783874
2018-11-21,54161.26776228347,57320.3601395812,51504.904578853246,60577.50759709425,55891.086123630885,63129.728353375926
2018-11-22,54161.26776228347,57320.3601395812,51504.904578853246,,55891.086123630885,62693.18354051749
2018-11-26,54161.26776228347,57320.3601395812,51504.904578853246,60740.66494467462,55941.264491405986,63299.7597633856
2018-11-27,54161.26776228347,57320.3601395812,51504.904578853246,61066.41038895616,56041.26675552357,63639.229349137095
2018-11-28,54161.26776228347,57320.3601395812,51504.904578853246,61313.57688834522,56116.875826790216,63896.809341834494
2018-11-29,54161.26776228347,57320.3601395812,51504.904578853246,62055.651218282575,56343.268822386046,64670.148370216804
2018-11-30,54161.26776228347,57320.3601395812,51504.904578853246,62158.80282612686,56374.48756801266,64777.64590916699
2018-12-03,54161.26776228347,57320.3601395812,51504.904578853246,62198.806652617575,56386.5812973888,64819.33515653998
2018-12-04,54161.26776228347,57320.3601395812,51504.904578853246,62117.3702915472,56361.972475873925,64734.46776010211
2018-12-05,54161.26776228347,57320.3601395812,51504.904578853246,,56361.972475873925,64218.71454043945
2018-12-06,54161.26776228347,57320.3601395812,51504.904578853246,60583.79726122023,55898.145151786484,63136.28301043359
2018-12-07,54161.26776228347,57320.3601395812,51504.904578853246,61112.70387957285,56060.81185070016,63687.47325356775
2018-12-10,54161.26776228347,56260.67562913934,51504.904578853246,59939.734538541525,55702.143306847276,62465.08496452401
2018-12-11,54161.26776228347,56391.611214142926,51504.904578853246,60286.62597871778,55809.59899747485,62826.59145851996
2018-12-12,54161.26776228347,56391.611214142926,51504.904578853246,61363.58167145862,56141.92513877155,63948.92090105073
2018-12-13,54161.26776228347,56391.611214142926,51504.904578853246,61671.89799323311,56235.95198327573,64270.22704936558
2018-12-14,54161.26776228347,56391.611214142926,51504.904578853246,61751.33639533534,56260.097470991706,64353.0123098437
2018-12-17,54161.26776228347,56391.611214142926,51504.904578853246,62225.092649097955,56403.9732938756,64846.72862126191
2018-12-18,54161.26776228347,56391.611214142926,51504.904578853246,62341.39283607339,56439.113419083216,64967.928708595304
2018-12-19,54161.26776228347,56391.611214142926,51504.904578853246,62676.27977976785,56540.17373304103,65316.92493876601
2018-12-20,54161.26776228347,56391.611214142926,51504.904578853246,62587.13062737351,56513.366629501805,65224.01979960081
2018-12-21,54161.26776228347,56391.611214142926,51504.904578853246,61457.30715445039,56173.306686869895,64046.59517844777
2018-12-24,54161.26776228347,56391.611214142926,51504.904578853246,60940.114826249,56015.731699108386,63507.61276598269
2018-12-26,54161.26776228347,56391.611214142926,51504.904578853246,61319.29172070104,56131.91062463599,63902.76494860207
2018-12-27,54161.26776228347,56165.4134905918,51504.904578853246,61604.748713052264,56219.01342666453,64200.24866984664
2018-12-28,54161.26776228347,56165.4134905918,51504.904578853246,62062.51013328775,56358.260784311686,64677.296261542324
2018-12-31,54161.26776228347,56165.4134905918,51504.904578853246,62077.651090496074,56362.843894754355,64693.07512986306
2019-01-01,,56165.4134905918,,,,
2019-01-02,54161.26776228347,56165.4134905918,51504.904578853246,61677.32820014932,56241.68737449439,64275.88603899922
2019-01-03,54161.26776228347,56165.4134905918,51504.904578853246,60990.1196093624,56032.80580838265,63559.72432519893
2019-01-04,54161.26776228347,56165.4134905918,51504.904578853246,61305.004639811494,56129.23613663979,63887.87593168315
2019-01-07,54161.26776228347,56165.4134905918,51504.904578853246,61559.03005420574,56206.762447109955,64152.603815706076
2019-01-08,54161.26776228347,56165.4134905918,51650.024620161756,61732.478564739344,56312.34110031251,64333.359970715166
2019-01-09,54161.26776228347,56165.4134905918,51903.441875604185,62035.36467959762,56496.53615841914,64649.00712939638
2019-01-10,54161.26776228347,56165.4134905918,51743.020235937685,61843.6275893472,56380.12426435204,64449.191869526614
2019-01-11,54161.26776228347,56165.4134905918,51615.59719120433,61691.33065559927,56287.56263879751,64290.478438784216
2019-01-14,54161.26776228347,56165.4134905918,51341.37779334968,61363.58167145862,56088.202466376,63948.92090105073
2019-01-15,54161.26776228347,56165.4134905918,52054.77220858682,62216.23577512463,56607.770530446476,64837.49859397663
2019-01-16,54161.26776228347,56165.4134905918,52071.507310361325,62236.23768836998,56619.903094677844,64858.34321766312
2019-01-17,54161.26776228347,56165.4134905918,52142.75289710108,62321.390922828046,56671.54897455204,64947.0840849088
2019-01-18,54161.26776228347,56165.4134905918,52151.120447988345,62331.39187945072,56677.611844187886,64957.506396752055
2019-01-21,54161.26776228347,56165.4134905918,52413.61967133016,,56772.706183882256,65284.46571867831
2019-01-22,54161.26776228347,56165.4134905918,52226.66654497764,62421.68511449442,56732.61933619182,65051.60382047521
2019-01-23,54161.26776228347,56165.4134905918,51790.35853442817,61900.20666202617,56416.65180576663,64508.15470293445
2019-01-24,54161.26776228347,56165.4134905918,51877.8582755421,62004.78697795942,56480.195710683976,64617.14114357654
2019-01-25,54161.26776228347,56165.4134905918,51546.74233328949,61609.03483731912,56239.868477409436,64204.715374922314
2019-01-28,54161.26776228347,56165.4134905918,50977.74887295649,60928.96978697696,55826.00310751882,63495.99816958148
2019-01-29,54161.26776228347,55997.57005735647,50933.044111687224,60875.53833680647,55793.36549343928,63440.3155727136
2019-01-30,54161.26776228347,56528.81222160327,50933.044111687224,60873.25017150775,55792.66644723064,63437.93100359767
2019-01-31,54161.26776228347,57519.12963596375,50933.044111687224,61897.06462040867,56313.98043335433,64504.88028241673
2019-02-01,54161.26776228347,57077.653662959296,50933.044111687224,62255.38572529655,56495.091944980406,64878.29798994782
2019-02-04,54161.26776228347,57077.653662959296,50933.044111687224,62361.67937475835,56548.68007527763,64989.06994941572
2019-02-05,54161.26776228347,57077.653662959296,50933.044111687224,62487.9749374655,56612.303970967514,65120.68653257013
2019-02-06,54161.26776228347,57077.653662959296,50933.044111687224,63220.04831078018,56980.76917816775,65883.60324910919
2019-02-07,54161.26776228347,57077.653662959296,50933.044111687224,63259.767511831305,57000.65765313652,65924.99587934825
2019-02-08,54161.26776228347,57077.653662959296,50933.044111687224,62540.8371367568,56640.77028538384,65175.775895170154
2019-02-11,54161.26776228347,57077.653662959296,50933.044111687224,62227.66543983626,56483.199586539034,64849.40980751176
2019-02-12,54161.26776228347,57077.653662959296,50933.044111687224,61899.63741114698,56317.78483729638,64507.56146866659
2019-02-14,54161.26776228347,57077.653662959296,50933.044111687224,61411.873121043456,56071.24054317549,63999.246941441146
2019-02-15,54161.26776228347,56704.450379805014,50933.044111687224,61288.15034907461,56008.48314107164,63870.3115445366
2019-02-18,54161.26776228347,56408.16610003119,50933.044111687224,,56008.48314107164,63373.31499657843
2019-02-19,54161.26776228347,56472.924551638556,50933.044111687224,60602.08026004607,55660.16725948886,63155.336299272036
2019-02-20,54161.26776228347,57045.7022471857,50933.044111687224,61351.298130428186,56042.456959779345,63936.1198361138
2019-02-21,54161.26776228347,57250.769988370674,50933.044111687224,61662.181662050025,56200.22485160656,64260.10135465626
2019-02-22,54161.26776228347,57250.769988370674,50933.044111687224,61672.47282500327,56205.435732142054,64270.82609965568
2019-02-25,54161.26776228347,57250.769988370674,50933.044111687224,62177.94528216246,56461.36028183579,64797.59486542946
2019-02-26,54161.26776228347,57250.769988370674,50933.044111687224,61921.92190880008,56332.20205290656,64530.78484544677
2019-02-27,54161.26776228347,57250.769988370674,50933.044111687224,61758.19531034052,56249.453761531906,64360.16020116922
2019-02-28,54161.26776228347,57250.769988370674,50933.044111687224,61677.32820014932,56208.53493868787,64275.88603899922
2019-03-01,54161.26776228347,57250.769988370674,50933.044111687224,62083.0812974123,56413.96597261816,64698.734119496694
2019-03-05,54161.26776228347,57250.769988370674,50933.044111687224,62791.435884093946,56771.561084724395,65436.932741541445
2019-03-06,54161.26776228347,57250.769988370674,50933.044111687224,63166.04202883952,56959.72347174865,65827.3216019512
2019-03-07,54161.26776228347,57250.769988370674,50933.044111687224,63195.76027326796,56974.611420068315,65858.29192034701
2019-03-08,54161.26776228347,57250.769988370674,50933.044111687224,63065.463211733535,56909.35014640411,65722.50524925087
2019-03-11,54161.26776228347,57250.769988370674,50933.044111687224,63823.53237519801,57289.38931753536,66512.51299735569
2019-03-12,54161.26776228347,57250.769988370674,50933.044111687224,64584.46453573137,57668.850006221284,67305.50436486653
2019-03-13,54161.26776228347,57250.769988370674,50933.044111687224,64815.91524614193,57783.66516768335,67546.70643895312
2019-03-14,54161.26776228347,57250.769988370674,50933.044111687224,64824.77212011525,57788.05180155048,67555.9364662384
2019-03-15,54161.26776228347,57250.769988370674,51308.420004135754,65302.52987270512,58119.30518915068,68053.82286559835
2019-03-18,54161.26776228347,57250.769988370674,51467.1499054364,65504.55254501782,58259.149901294644,68264.3570544453
2019-03-19,54161.26776228347,57250.769988370674,51782.36024149535,65905.73489257433,58536.66716504326,68682.44181273316
2019-03-20,54161.26776228347,57250.769988370674,51731.39425782681,65840.86819680122,58491.856427560415,68614.8421863079
2019-03-22,54161.26776228347,57250.769988370674,51443.352917277654,65474.26504971018,58238.546870358,68232.79350178162
2019-03-25,54161.26776228347,57250.769988370674,50982.43590726861,64887.635276029236,57832.70249639097,67621.44814068168
2019-03-26,54161.26776228347,57250.769988370674,51561.666964541226,65624.84864992955,58343.74882856947,68389.72141369821
2019-03-27,54161.26776228347,57250.769988370674,51390.14185199177,65406.54093775917,58192.79274322194,68162.21607197258
2019-03-28,54161.26776228347,57250.769988370674,51951.18862514898,66120.61035679663,58686.92588473932,68906.3703007849
2019-04-01,54161.26776228347,57250.769988370674,52396.390063836676,66687.23821723224,59078.08905944754,69496.87103819835
2019-04-02,54161.26776228347,57250.769988370674,52594.18087733894,66938.97546632776,59251.54401813827,69759.21435310537
2019-04-03,54161.26776228347,57250.769988370674,52283.23707333795,66543.22332568746,58979.08611230114,69346.78858445115
2019-04-04,54161.26776228347,57250.769988370674,52076.91319571978,66280.6256627595,58798.0602637295,69073.12729027685
2019-04-05,54161.26776228347,57250.769988370674,52382.02066450071,66668.94963751543,59065.99321914726,69477.81193333768
2019-04-08,54161.26776228347,57250.769988370674,52106.09925674515,66317.77207307231,58824.00390349757,69111.83873426606
2019-04-09,54161.26776228347,57250.769988370674,52408.96164390874,66703.23863165033,59089.93363254405,69513.5455739431
2019-04-10,54161.26776228347,57250.769988370674,52015.397082419775,66202.33134330662,58744.80621407866,68991.5343143567
2019-04-11,54161.26776228347,57250.769988370674,52071.07686049972,66273.19749687513,58793.71541681843,69065.38616468346
2019-04-12,54161.26776228347,57250.769988370674,52280.991991720606,66540.36590950955,58978.06137583271,69343.81078106737
2019-04-15,54161.26776228347,57250.769988370674,52491.578016471685,66808.38819846277,59162.83150002451,69623.12524885304
2019-04-16,54161.26776228347,57250.769988370674,52926.229325527915,67361.58843521858,59543.85858181705,70199.63263677161
2019-04-18,54161.26776228347,57250.769988370674,52771.989587461925,67165.28059526169,59408.894616402984,69995.05405469224
2019-04-22,54161.26776228347,57250.769988370674,52060.973993221705,66260.33912407454,58786.332542441385,69051.98604945642
2019-04-23,54161.26776228347,57250.769988370674,51977.90597338028,66154.61472549193,58713.37781040239,68941.80732425638
2019-04-24,54161.26776228347,57250.769988370674,52652.32936821295,67012.98366151378,59305.902490743065,69836.34062394984
2019-04-25,54161.26776228347,57250.769988370674,52652.32936821295,66530.93420376607,59068.8971907179,69333.98170349197
2019-04-26,54161.26776228347,57250.769988370674,52652.32936821295,67175.85638365454,59387.00186384443,70006.07541682558
2019-04-30,54161.26776228347,57250.769988370674,52652.32936821295,67138.70997334173,59368.75776000812,69967.36397283638
2019-05-02,54161.26776228347,57250.769988370674,52652.32936821295,67004.98066385924,59303.06173901226,69828.00044806635
2019-05-03,54161.26776228347,57250.769988370674,52652.32936821295,66933.54525941153,59267.93716768817,69753.55536347174
2019-05-06,54161.26776228347,57250.769988370674,52652.32936821295,66282.05437084846,58947.44912989695,69074.61619196876
2019-05-07,54161.26776228347,57250.769988370674,52652.32936821295,65708.57317629865,58664.104013471915,68476.973379252
2019-05-08,54161.26776228347,57250.769988370674,52652.32936821295,64917.35352045768,58271.66247668102,67652.41845907748
2019-05-09,53886.39369799739,57250.769988370674,52652.32936821295,64587.891202788465,58041.64656408825,67309.07540251817
2019-05-10,53777.21048267327,57559.772346479935,52652.32936821295,64457.02489037485,57950.177967703734,67172.69549715417
2019-05-13,53154.03874872577,56805.49999050389,52652.32936821295,63710.095185291444,57427.878263386614,66394.29652942832
2019-05-14,53506.14984554188,57140.96227241266,52652.32936821295,64132.133322412104,57723.76244318239,66834.11576280447
2019-05-15,53195.99575982585,56719.283609678896,52652.32936821295,63760.384593844436,57463.51650112328,66446.70470577848
2019-05-16,53673.26549146273,57192.69752064332,52652.32936821295,64332.43708030527,57864.50570456839,67042.85861680335
2019-05-17,54388.69981279764,57192.69752064332,52652.32936821295,65189.95214000832,58464.40662756451,67936.50206509502
2019-05-20,54388.69981279764,57192.69752064332,52652.32936821295,67596.46581268623,59663.42741472904,70444.40574850986
2019-05-21,54388.69981279764,57192.69752064332,52652.32936821295,66915.54130513432,59329.53183599493,69734.79287574498
2019-05-22,54388.69981279764,57192.69752064332,52652.32936821295,67080.13294169461,59410.60538491928,69906.31900346879
2019-05-23,54388.69981279764,57192.69752064332,52652.32936821295,66618.08539719226,59183.261003971864,69424.80470669742
2019-05-24,54388.69981279764,57192.69752064332,52652.32936821295,67687.04367316954,59710.84910621435,70538.79978936694
2019-05-27,54388.69981279764,57192.69752064332,52652.32936821295,,59710.84910621435,71019.12180158036
2019-05-28,54388.69981279764,57192.69752064332,52652.32936821295,68170.80646444579,59947.93606034215,71042.94422865062
2019-05-29,54388.69981279764,57192.69752064332,52353.72719706545,67784.19582321843,59683.50946221659,70640.04510441562
2019-05-30,54388.69981279764,57192.69752064332,52728.02950577816,68268.81807170443,60015.392290938114,71145.08521112335
2019-05-31,54388.69981279764,57192.69752064332,52626.06579127497,68136.8020957505,59921.41706639633,71007.50720517915
2019-06-03,54388.69981279764,57192.69752064332,53357.66999060694,69084.03555872708,60595.95127080795,71994.64902690386
2019-06-04,54388.69981279764,57192.69752064332,53062.3825561516,68701.71662265754,60324.40844459794,71596.22242376677
2019-06-06,54388.69981279764,57192.69752064332,52277.14772752989,67685.04571420139,59601.551269967655,70536.71765340719
2019-06-07,54388.69981279764,57192.69752064332,52395.88340623228,67838.77693692925,59711.167165055755,70696.9258018637
2019-06-10,54388.69981279764,57192.69752064332,52625.6261252898,68136.23284487131,59923.172488543634,71006.91397091128
2019-06-11,54388.69981279764,57192.69752064332,52814.979920022866,68381.39580440125,60097.76200060513,71262.40601162669
2019-06-12,54388.69981279764,57192.69752064332,52552.796747980734,68041.93811100033,59856.18665462169,70908.64645924637
2019-06-13,54388.69981279764,57192.69752064332,52587.444151792886,68086.7973126371,59888.14104421936,70955.3956459629
2019-06-14,54388.69981279764,57192.69752064332,52186.88257659303,67568.17627634676,59518.75994336584,70414.92433180593
2019-06-17,54388.69981279764,57192.69752064332,51519.723927695944,66704.38271429969,58902.63575899016,69514.73785850106
2019-06-18,54388.69981279764,57192.69752064332,51519.723927695944,66814.96248802834,58949.080784304264,69629.97652304465
2019-06-19,54388.46812206525,57213.61360234552,51519.723927695944,66814.67786258874,58948.91356430927,69629.67990591073
2019-06-20,55041.14091520065,58003.16900323332,51519.723927695944,67616.4677259316,59419.97296064919,70465.25037219634
2019-06-21,54540.35275453406,57715.33088926471,51519.723927695944,67001.26379047157,59059.96652991324,69824.12697725854
2019-06-24,54540.35275453406,57715.33088926471,51519.723927695944,66861.54060408464,59001.38484875622,69678.51704460924
2019-06-25,54540.35275453406,57715.33088926471,51519.723927695944,67414.73525994948,59233.57668687978,70255.01861650558
2019-06-26,54540.35275453406,57715.33088926471,51519.723927695944,67706.76096097531,59355.62094358719,70559.3477959195
2019-06-27,54540.35275453406,57715.33088926471,51519.723927695944,67672.4719668404,59341.323193305034,70523.61415531409
2019-06-28,54540.35275453406,57715.33088926471,51519.723927695944,67371.2991855107,59207.426911131966,70209.7525154587
2019-07-01,54540.35275453406,57715.33088926471,51519.723927695944,67809.91256881959,59402.85669773201,70666.8453348697
2019-07-02,54540.35275453406,57715.33088926471,51519.723927695944,68065.36669130278,59516.31458066615,70933.06212058452
2019-07-03,54540.35275453406,57715.33088926471,51519.723927695944,68102.228476176,59532.65615206714,70971.47694743979
2019-07-04,54540.35275453406,57715.33088926471,51519.723927695944,,59532.65615206714,71150.1451504669
2019-07-05,54540.35275453406,57715.33088926471,51519.723927695944,67498.74441175818,59265.190907247976,70342.56719919329
2019-07-08,54540.35275453406,57715.33088926471,51519.723927695944,66055.45903558395,58622.70468608823,68838.47405722571
2019-07-09,54540.35275453406,57715.33088926471,51507.69279853496,66040.03345293601,58612.424157362555,68822.39857177105
2019-07-10,54271.33000408438,57715.33088926471,51253.62878013114,65714.28800865448,58323.315731014394,68482.92898601957
2019-07-11,54667.78458369444,58083.0261608589,51628.03891251572,66194.33392654305,58749.370254053785,68983.19995449545
2019-07-12,54524.30393982282,57865.37765395521,51492.536361581806,66020.60079056985,58595.177112054436,68802.14718235242
2019-07-15,54693.50324713175,57571.33740557767,51652.32751624882,66225.47529816948,58777.00911471412,69015.65335856091
2019-07-16,54693.50324713175,57571.33740557767,51983.2793296959,66649.80160058885,59059.82193275931,69457.85716105298
2019-07-17,54693.50324713175,57571.33740557767,52094.266931485596,66792.10315860507,59154.515322765255,69606.15409597437
2019-07-18,54693.50324713175,57571.33740557767,51690.44060124648,66274.3415795245,58810.15798719627,69066.57844924142
2019-07-19,54693.50324713175,57571.33740557767,50898.60600276935,65259.099379157306,58133.61823010797,68008.56258057372
2019-07-22,54693.50324713175,57571.33740557767,50573.00377605847,64841.63199174311,57854.34740412673,67573.50666940719
2019-07-23,54693.50324713175,57571.33740557767,50573.00377605847,64755.0500491961,57815.180702366044,67483.2769004696
2019-07-24,54405.09777055674,57223.77260304662,50573.00377605847,64413.58881593606,57584.68955100799,67127.42939610728
2019-07-25,54312.666040199794,57403.237473038695,50573.00377605847,64304.15312485676,57510.723381784635,67013.38301612166
2019-07-26,54467.847079267616,57961.099942925204,50573.00377605847,64487.88163656168,57634.954665543955,67204.8522840857
2019-07-29,54008.81363719407,57902.99361189806,50573.00377605847,63944.40331187992,57267.72760056081,66638.47640689868
2019-07-30,53507.78548423521,57902.99361189806,50573.00377605847,63351.204829524366,56866.07364216476,66020.28558762936
2019-07-31,53665.139557506445,57902.99361189806,50573.00377605847,63537.50613196759,56977.56032567642,66214.43604184326
2019-08-01,53665.139557506445,57902.99361189806,50573.00377605847,63305.83097936604,56908.30839461544,65392.5623079186
2019-08-02,53665.139557506445,57902.99361189806,50573.00377605847,64406.29611218219,57238.060057755996,65495.88975892704
2019-08-05,53665.139557506445,57902.99361189806,50573.00377605847,65252.80942623746,57488.826327693285,64693.371746996985
2019-08-06,53665.139557506445,57902.99361189806,50573.00377605847,65600.327593779,57590.88278449661,65203.47179304825
2019-08-07,53665.139557506445,57902.99361189806,49995.394615146746,67155.23997942939,57826.65064442149,64651.08926535613
2019-08-08,53665.139557506445,57902.99361189806,50732.454966344514,66727.52363825854,57988.05439023235,65704.93504608209
2019-08-09,53665.139557506445,57902.99361189806,51312.595042579,66678.51606043581,58194.894719881595,66164.70905174295
2019-08-13,53665.139557506445,57902.99361189806,50044.211671281846,66928.01363369268,57787.97749760107,65070.063875045795
2019-08-14,53665.139557506445,57902.99361189806,50567.76922277948,67538.39754964237,58165.17709250681,65686.77160864545
2019-08-16,53665.139557506445,57902.99361189806,50924.75165659928,67386.91513203095,58258.5627854535,65796.3512835554
2019-08-19,53665.139557506445,57902.99361189806,50868.983395705814,66847.82089870253,58081.94039852675,65832.6839744509
2019-08-20,53665.139557506445,57902.99361189806,50501.44373153549,67034.9427189854,57996.25016819224,65612.91975831869
2019-08-21,53665.139557506445,57902.99361189806,50026.07579476982,67034.9427189854,57814.27809145216,65027.484776271005
2019-08-22,53665.139557506445,57902.99361189806,48790.086729623414,66709.70665624242,57244.64103357677,63971.25442642913
2019-08-23,53665.139557506445,57902.99361189806,48653.74159775066,68015.11602999675,57564.71455736061,64495.34782197528
2019-08-26,53665.139557506445,57902.99361189806,50445.31945052002,68001.75329348465,58267.513637505006,65856.20396836502
2019-08-27,53665.139557506445,57902.99361189806,50760.792053085075,68656.68510311385,58576.037315742884,66139.0952898246
2019-08-28,53665.139557506445,57902.99361189806,50179.93288670317,68514.11661514969,58312.06226751053,65786.22558884608
2019-08-29,53665.139557506445,57902.99361189806,49279.17730336893,68010.66178449272,57820.32237774069,65203.76841018219
2019-08-30,53665.139557506445,57902.99361189806,49500.53017051168,67680.96603760651,57813.463086863354,65650.142300616
2019-09-03,53665.139557506445,57902.99361189806,48410.99932367399,68874.99751920332,57729.278376325165,64308.048641953
2019-09-04,53665.139557506445,57902.99361189806,48951.88553774366,69071.03326913342,57999.04825769403,64586.47325833688
2019-09-05,53665.139557506445,57902.99361189806,48583.44348593736,67516.120883483,57418.31532746856,64605.82898033149
2019-09-06,53665.139557506445,57902.99361189806,49175.76579525748,67106.22696296747,57535.46405273436,65191.26396237918
2019-09-09,53665.139557506445,57902.99361189806,49639.13479642607,66928.01363369268,57665.24527481797,65529.83788070664
2019-09-11,53665.139557506445,57902.99361189806,50129.21588160015,66580.50090479034,57755.213463060325,65724.29076807668
2019-09-12,53665.139557506445,57902.99361189806,50205.55576063241,66772.07697057723,57839.92538252965,65409.23684366334
2019-09-13,53665.139557506445,57902.99361189806,50711.340505643435,66424.5642416749,57933.81532364464,65963.70732333745
2019-09-16,53665.139557506445,57902.99361189806,50271.430058058424,66968.11272050734,57924.3170657445,65532.5190669565
2019-09-17,53665.139557506445,57902.99361189806,48966.14396738237,67057.21938514474,57448.67759980115,64425.36944245634
2019-09-18,53665.139557506445,57902.99361189806,49039.95645604358,67164.14847043746,57508.07979162559,64562.65083126661
2019-09-19,53665.139557506445,57902.99361189806,48290.98529304132,66758.71423406513,57099.59721886538,63753.57816227889
2019-09-20,53665.139557506445,57902.99361189806,52304.57990093906,67155.23997942939,58794.549165123455,67144.70298214213
2019-09-23,53665.139557506445,57902.99361189806,55164.478966149065,67885.91027854469,60079.3690327657,69086.23078836995
2019-09-24,53665.139557506445,57902.99361189806,55164.478966149065,68260.1593577496,60189.773133054296,69014.76350715912
2019-09-25,53665.139557506445,57902.99361189806,55164.478966149065,67034.9427189854,59829.6533002464,68133.33370555875
2019-09-26,53665.139557506445,57902.99361189806,55164.478966149065,67164.14847043746,59868.092632532054,68913.51819211042
2019-09-27,53665.139557506445,57902.99361189806,55164.478966149065,66789.89939123255,59756.894525348725,68563.32967738176
2019-09-30,53665.139557506445,57902.99361189806,55164.478966149065,65301.8170040602,59461.03081919025,68337.31323734803
2019-10-01,53665.139557506445,57902.99361189806,55164.478966149065,66028.03849631066,59607.978843723366,67655.09964532733
2019-10-03,53665.139557506445,57902.99361189806,55164.478966149065,67146.32604978215,59832.32414492363,67381.73496828698
2019-10-04,53665.139557506445,57902.99361189806,55164.478966149065,67106.22696296747,59824.383869139696,66552.41672590285
2019-10-07,53432.947469570674,57902.99361189806,55164.478966149065,66727.52363825854,59691.83929335891,66264.46546509974
2019-10-09,53432.947469570674,57902.99361189806,55164.478966149065,67101.77271746343,59766.236765591384,67377.56488034523
2019-10-10,53432.947469570674,57902.99361189806,55164.478966149065,66598.32332544567,59666.589537063126,66908.56084739909
2019-10-11,53432.947469570674,57902.99361189806,55164.478966149065,66059.22365347807,59559.25871069759,67328.43112451278
2019-10-14,53432.947469570674,57902.99361189806,55164.478966149065,66460.20364434636,59639.59763384065,67543.43201843539
2019-10-15,53432.947469570674,57902.99361189806,55164.478966149065,65832.00274638055,59514.3241728203,68062.45965861579
2019-10-16,53432.947469570674,57902.99361189806,55164.478966149065,66295.35849022285,59607.41062451532,68275.07598342247
2019-10-17,53432.947469570674,57902.99361189806,55164.478966149065,66486.93999464891,59645.68941427092,69003.74214502577
2019-10-18,53432.947469570674,57902.99361189806,55164.478966149065,66304.2669812309,59609.27237817137,69453.39045597731
2019-10-22,53432.947469570674,57902.99361189806,55164.478966149065,66014.67032115936,59551.415715660245,69015.65335856091
2019-10-23,53432.947469570674,57902.99361189806,55164.478966149065,66380.0109093562,59624.65381103669,69109.45416515013
2019-10-24,53432.947469570674,57902.99361189806,55164.478966149065,66780.9909002245,59704.692273797955,68981.4086196474
2019-10-25,53432.947469570674,57902.99361189806,55164.478966149065,66807.72181188787,59710.0030360824,68989.15556126302
2019-10-29,53432.947469570674,57902.99361189806,55164.478966149065,66250.80515790413,59599.39208606928,70197.84130192356
2019-10-30,53432.947469570674,57902.99361189806,55164.478966149065,66527.03364282439,59654.613384852375,70538.79978936694
2019-10-31,53432.947469570674,57902.99361189806,55164.478966149065,67337.90755420821,59944.25977603997,70737.42276467873
2019-11-01,53432.947469570674,57902.99361189806,55164.478966149065,67186.4251365968,59890.54186322197,70815.73550405895
2019-11-04,53432.947469570674,57902.99361189806,55164.478966149065,67186.4251365968,59890.54186322197,71117.68593037919
2019-11-05,53432.947469570674,57902.99361189806,55164.478966149065,65974.5766729839,59460.21947353952,70974.15813368965
2019-11-06,53432.947469570674,57902.99361189806,55164.478966149065,66393.3736458683,59610.576021879795,71265.08719787654
2019-11-07,53432.947469570674,57902.99361189806,55164.478966149065,65234.987005582145,59196.27019690273,71539.04510918476
2019-11-08,53432.947469570674,57902.99361189806,55164.478966149065,65105.78669276928,59149.56703905628,70920.26105564758
2019-11-11,53432.947469570674,57902.99361189806,55164.478966149065,64847.37518986516,59056.04526453979,70951.82460831126
2019-11-13,53432.947469570674,57902.99361189806,55164.478966149065,65123.60367478541,59156.25486668445,70517.06531427865
2019-11-14,53432.947469570674,57902.99361189806,55311.93310915394,65573.5966821156,59387.039224081236,70705.5567788589
2019-11-15,53432.947469570674,57902.99361189806,55420.72313702859,65373.10668668147,59364.90494561207,70844.623686495
2019-11-18,53432.947469570674,57902.99361189806,55369.70634214095,65533.49759530095,59399.440517134586,70779.40862918565
2019-11-19,53432.947469570674,57902.99361189806,55628.744084059545,65640.42668059366,59557.47164597276,71110.53803905366
2019-11-20,53432.947469570674,57902.99361189806,55903.6241946394,65640.42668059366,59683.943384233185,71461.9188383403
2019-11-21,53432.947469570674,57902.99361189806,55760.59699727135,65185.97942775943,59453.71811039653,71279.08636339367
2019-11-22,53432.947469570674,57902.99361189806,55509.0118113169,65185.97942775943,59338.4392052659,70957.4835979449
2019-11-25,53432.947469570674,57902.99361189806,56251.41923921278,64896.38276768788,59574.48377777673,71906.50720994828
2019-11-26,53432.947469570674,57902.99361189806,56083.46374262155,65038.956694291235,59550.17873280463,71691.80874918183
2019-11-27,53432.947469570674,57902.99361189806,56376.97979290174,64753.81427972373,59580.111828681955,72067.01197553874
2019-11-28,53432.947469570674,57902.99361189806,56612.02649233014,,59686.8615716711,72367.47350016709
2019-11-29,53432.947469570674,57902.99361189806,56168.954296080825,65297.36275855616,59538.677761763305,71801.09180695785
2019-12-02,53432.947469570674,57902.99361189806,56132.38308433492,65150.34002508797,59487.35118682599,71754.34262024132
2019-12-03,53432.947469570674,57902.99361189806,55880.79789838047,65858.73365804393,59482.9652713439,71432.73985479254
2019-12-04,53432.947469570674,57902.99361189806,56109.08815970951,65671.61183776107,59580.41170657487,71724.56458640346
2019-12-05,53432.947469570674,57902.99361189806,55993.54624352546,65800.81758921313,59538.29973342153,71576.86670177217
2019-12-06,53432.947469570674,57902.99361189806,55542.08878436899,65007.76609848462,59112.15133202322,70999.76607958575
2019-12-09,53432.947469570674,57902.99361189806,55616.632543170315,65016.68002813189,59158.02766143961,71095.05578786686
2019-12-10,53432.947469570674,57902.99361189806,55240.65154975817,65163.70276160006,58965.57665176295,70614.43715851953
2019-12-11,53432.947469570674,57902.99361189806,55489.2111253853,65466.667596822896,59173.89851168977,70932.17226918273
2019-12-12,53432.947469570674,58660.10870270618,55776.434816142646,65346.37033637889,59319.90004864107,71299.33193679008
2019-12-13,53432.947469570674,59306.25729035068,56311.75400395059,65742.89608174314,59716.183719084824,71983.63348079276
2019-12-16,53432.947469570674,59306.25729035068,56159.17224765414,65716.16517007977,59620.895635688925,71788.58735915484
2019-12-17,53432.947469570674,59306.25729035068,56676.55161362655,65698.34274942445,59922.45316201075,72449.95632748904
2019-12-18,53432.947469570674,59306.25729035068,56940.484929548446,65609.23608478706,60059.41972412097,72787.34377728078
2019-12-19,53432.947469570674,59306.25729035068,57117.75839598984,65858.73365804393,60214.053510925434,73013.95345158238
2019-12-20,53432.947469570674,59306.25729035068,57174.130293667346,65702.79699492849,60215.38637739737,73086.01396706107
2019-12-23,53432.947469570674,59306.25729035068,57131.967390053345,66050.31516247001,60261.492985534685,73032.11688901902
2019-12-24,53432.947469570674,59306.25729035068,56907.40340670638,66789.89939123255,60279.849151382565,72745.05547961769
2019-12-26,53432.947469570674,59306.25729035068,56497.412733299134,67244.34664406678,60129.723190952966,72220.96208407152
2019-12-27,53432.947469570674,59306.25729035068,57052.996685615195,67444.83663950094,60498.064526634094,72931.16819110425
2019-12-30,53432.947469570674,59306.25729035068,57099.81857415429,67476.02179666834,60531.86364202233,72991.02087591388
2019-12-31,53432.947469570674,59306.25729035068,56692.62602157608,67698.78845826184,60336.45760895503,72470.5043340416
2020-01-01,53432.947469570674,59306.25729035068,56758.08384981548,,60375.16040326394,72554.17944592152
2020-01-02,53432.947469570674,59306.25729035068,57222.58555680418,67921.55511985533,60693.81073182808,73147.95460385269
2020-01-03,53432.947469570674,59306.25729035068,56963.77985417385,69022.02025267149,60759.83248747659,72817.12181111863
2020-01-06,53432.947469570674,59306.25729035068,55875.43824580064,69779.42690208936,60263.07053819361,71425.88858060093
2020-01-07,53432.947469570674,59306.25729035068,56154.51326272906,70028.92991398543,60478.17053711394,71782.63175238727
2020-01-08,53432.947469570674,59306.25729035068,56154.51326272906,69387.36084086834,60355.043887526335,71618.25351598901
2020-01-09,53432.947469570674,59306.25729035068,56154.51326272906,69133.40358346823,60305.955211912944,72753.09903836725
2020-01-10,53432.947469570674,59306.25729035068,56154.51326272906,69391.81508637237,60356.04758312766,72996.67986554751
2020-01-13,53432.947469570674,59306.25729035068,56154.51326272906,68986.38085000006,60277.682887644136,73429.95025788824
2020-01-14,53432.947469570674,59306.25729035068,56154.51326272906,68719.06085608786,60225.777538520546,73624.99637952616
2020-01-15,53432.947469570674,59306.25729035068,56154.51326272906,69151.22600412356,60309.94465069277,73511.83985094233
2020-01-16,53432.947469570674,59306.25729035068,56154.51326272906,69013.11176166343,60283.17670776996,73584.49941671113
2020-01-17,53432.947469570674,59306.25729035068,56154.51326272906,69449.73659384235,60367.93075342674,73565.73692898439
2020-01-20,53432.947469570674,59306.25729035068,56154.51326272906,,60367.93075342674,72804.6115472934
2020-01-21,53432.947469570674,59306.25729035068,56154.51326272906,69342.80750854964,60347.27604708622,72478.83869390287
2020-01-22,53432.947469570674,58834.63947660294,56154.51326272906,69293.79993072692,60337.798259415475,72103.93790070212
2020-01-23,53757.110394887946,59414.528430706705,56154.51326272906,69708.14265810727,60499.31892695729,72541.37256496235
2020-01-24,54056.78396024067,59870.0442481945,56154.51326272906,69997.73931817882,60630.11847105903,72945.76059088926
2020-01-27,53486.34823865913,59095.168428641584,56154.51326272906,70251.69657557891,60536.82286681439,72175.99841618082
2020-01-28,53486.34823865913,59095.168428641584,56154.51326272906,69913.08689904546,60471.98187361585,71799.60290526596
2020-01-29,53486.34823865913,59095.168428641584,56154.51326272906,69939.82324934803,60477.1209530789,72238.5322872403
2020-01-30,53486.34823865913,59095.168428641584,56154.51326272906,70550.20172665852,60594.40887061991,71680.49076991456
2020-01-31,53486.34823865913,59095.168428641584,56154.51326272906,70523.47081499513,60582.943537145606,71241.5613879402
2020-02-03,53486.34823865913,59095.168428641584,56154.51326272906,70269.51355759504,60473.9963685746,69727.65080044168
2020-02-04,53486.34823865913,59095.168428641584,56154.51326272906,69075.48751463745,59960.834770788955,71346.08693952885
2020-02-05,53975.24022975735,59095.168428641584,56154.51326272906,69405.18326152365,60213.23602328759,71998.22588057775
2020-02-06,54193.11998938178,59095.168428641584,56154.51326272906,69730.41932426664,60402.69723040701,72288.85832763072
2020-02-07,54193.11998938178,59095.168428641584,56154.51326272906,69886.35598738206,60470.15328227327,72053.01281002161
2020-02-10,54193.11998938178,59095.168428641584,56154.51326272906,70158.1302267983,60587.58775154444,71654.88282401845
2020-02-11,54193.11998938178,59095.168428641584,56154.51326272906,69752.69599042599,60412.73812788478,72109.8935074697
2020-02-12,54193.11998938178,59095.168428641584,56154.51326272906,69832.89416405531,60447.425438319246,72665.55045567953
2020-02-13,54193.11998938178,59095.168428641584,56154.51326272906,70175.95264745361,60595.71977207693,72507.43025920498
2020-02-14,54193.11998938178,59095.168428641584,56154.51326272906,70514.55688534788,60741.73046025888,72142.94596182526
2020-02-17,54193.11998938178,59095.168428641584,56154.51326272906,,60741.73046025888,71740.04683759026
2020-02-18,54193.11998938178,59095.168428641584,56154.51326272906,71285.33170991704,61073.29992426422,71422.61416008322
2020-02-19,54193.11998938178,59628.25474104075,56154.51326272906,71619.48170230727,61216.26543965944,72217.09442928595
2020-02-20,53991.778867052904,59830.60744092358,56154.51326272906,72024.91593867958,61343.89348933659,71948.78969158913
2020-02-24,53991.778867052904,58887.50208681973,56154.51326272906,74510.99405751863,62401.29998804756,70451.25702270145
2020-02-25,53991.778867052904,58887.50208681973,56154.51326272906,73374.88408339182,61926.148296690466,70263.655409523
2020-02-26,53991.778867052904,58887.50208681973,56154.51326272906,73067.46500266496,61796.58079439171,69552.55363506624
2020-02-27,53782.8103394115,58887.50208681973,56154.51326272906,73067.46500266496,61748.804076596374,69283.35904596763
2020-02-28,53782.8103394115,58887.50208681973,56154.51326272906,69685.86599194793,60309.49344961434,66713.21810862725
2020-03-02,53782.8103394115,58324.32639849881,56154.51326272906,70942.27322651874,60857.13869491147,66302.28124166492
2020-03-03,53782.8103394115,58324.32639849881,56154.51326272906,73161.02591280638,61815.75152793417,67318.00881266953
2020-03-04,53782.8103394115,58324.32639849881,56154.51326272906,73116.4725804877,61796.79200206251,67006.53174193007
2020-03-05,53782.8103394115,58324.32639849881,56154.51326272906,74243.67406360642,62276.614010773585,67113.73266374633
2020-03-06,53782.8103394115,58324.32639849881,56154.51326272906,74439.70981353655,62359.4327716654,65448.843955076576
2020-03-09,53782.8103394115,58324.32639849881,56154.51326272906,74604.55496766005,62428.98348413719,62244.72751412392
2020-03-11,53782.8103394115,58324.32639849881,56154.51326272906,73129.84075563897,61807.46120833355,62286.120144362976
2020-03-12,53782.8103394115,58324.32639849881,56154.51326272906,70808.61322956264,60819.38167672531,57115.16456842033
2020-03-13,53782.8103394115,58324.32639849881,56154.51326272906,67529.4836199951,59400.83899347972,59289.25765571731
2020-03-16,53782.8103394115,58324.32639849881,51546.16451510274,66201.79758008142,57830.575387189485,54776.10001045721
2020-03-17,53782.8103394115,58324.32639849881,49435.3288104002,67939.37754051064,58117.95188778865,53404.22250193412
2020-03-18,53782.8103394115,58324.32639849881,45921.10443609321,65818.64000986845,56371.93212081095,50436.84142999236
2020-03-19,53782.8103394115,58324.32639849881,44812.80314302957,65876.55607869924,56122.82292686724,49213.859906680766
2020-03-20,53782.8103394115,58324.32639849881,45335.15704610781,66117.14516094806,56357.846810169685,52084.462368649496
2020-03-23,53782.8103394115,58324.32639849881,37748.76609849427,69815.0717434,56045.442502840895,45323.656402899585
2020-03-24,53782.8103394115,58324.32639849881,37748.76609849427,73967.44014004698,57724.304136409984,46459.985010947494
2020-03-25,53782.8103394115,58324.32639849881,40780.0673048313,72724.40651926666,58169.57277470788,49537.841425223225
2020-03-26,53782.8103394115,58324.32639849881,40780.0673048313,73517.45257135599,58489.05154892978,51465.07926482222
2020-03-27,53782.8103394115,58324.32639849881,41518.369993149005,72350.15744006177,58234.65280862465,51577.04350884809
2020-03-30,53782.8103394115,58324.32639849881,39051.26160556075,72265.5050209284,57503.20009847622,49318.972876515036
2020-03-31,53782.8103394115,58324.32639849881,39803.07886877145,70545.74748115448,57128.432988148736,51204.81808587496
2020-04-01,53782.8103394115,58324.32639849881,37857.73134510358,70314.06688991372,56580.9562955543,49156.38597496482
2020-04-03,53782.8103394115,58324.32639849881,35863.73053964694,72786.77683360149,56894.92948570635,48143.93282447792
2020-04-07,53782.8103394115,58324.32639849881,39633.63095213678,74172.38981962435,58347.04122178473,52362.886985033394
2020-04-08,53782.8103394115,58324.32639849881,39392.342186814596,74199.12073128774,58295.80671727134,52104.11470777804
2020-04-09,53782.8103394115,58324.32639849881,41403.18341957931,77353.49339626804,59813.84924686256,54266.89563182997
2020-04-13,53782.8103394115,58324.32639849881,40518.30363367662,77736.6564051202,59719.95657853496,53563.831600100544
2020-04-15,53782.8103394115,58324.32639849881,39622.30112522829,76952.51340539976,59250.30881186128,53155.57591938807
2020-04-16,53782.8103394115,58324.32639849881,40335.34114214896,76649.55400881614,59334.30863011037,53557.57937619905
2020-04-17,53782.8103394115,58324.32639849881,42999.65349186276,75259.48677728923,59553.38669775955,55189.1190133793
2020-04-20,53782.8103394115,58324.32639849881,42669.48852879173,75811.94918576893,59655.65111687259,55159.934213809305
2020-04-21,53782.8103394115,58324.32639849881,40354.776465297364,74769.40012178355,58773.79324548441,53489.985565796014
2020-04-22,53782.8103394115,58324.32639849881,40962.92827461247,77019.3434038778,59648.51992504598,54715.94489249141
2020-04-23,53782.8103394115,58324.32639849881,42139.9267338709,77224.29308345518,60002.44826526875,55469.92819887911
2020-04-24,53782.8103394115,58324.32639849881,40723.41004854911,76787.66825127626,59523.39831234456,54520.0089194517
2020-04-27,53782.8103394115,58324.32639849881,41751.54514049156,76270.8506841072,59612.31024344558,55281.727535410566
2020-04-28,53782.8103394115,58324.32639849881,42978.13494247634,76208.47493113318,59887.43776446896,55868.9538523063
2020-04-29,53782.8103394115,58324.32639849881,43849.50015348603,75892.14735939827,59990.084131388285,56895.99358655596
2020-04-30,53782.8103394115,58324.32639849881,44773.26682916496,75036.72011569575,59895.26929208273,58721.68949397233
2020-05-04,53782.8103394115,58324.32639849881,41050.04611571209,76048.0840225137,59236.93251321727,55348.43149441179
2020-05-05,53782.8103394115,58324.32639849881,40068.68818368324,75936.70069171695,58874.03407173517,54824.9313331335
2020-05-06,53782.8103394115,58324.32639849881,40947.75280394687,75036.72011569575,58773.42017683562,55213.837107873595
2020-05-07,53782.8103394115,58324.32639849881,40526.206086423554,76711.92976179015,59367.923108759926,54785.92327201036
2020-05-08,53782.8103394115,58324.32639849881,40237.413265482886,76181.7440194698,59045.95713561954,55098.29601017385
2020-05-11,53782.8103394115,58324.32639849881,39400.76443090356,75531.26645534465,58493.03701286099,55025.04321013719
2020-05-12,53782.8103394115,58324.32639849881,39218.528835080775,75936.70069171695,58607.348501896835,54771.034255091436
2020-05-13,53782.8103394115,58324.32639849881,40823.831299309015,76359.9573487446,59321.92534570849,55884.73272062703
2020-05-14,53782.8103394115,58324.32639849881,39646.105944345705,77438.14581540141,59406.960959718774,54450.62377420061
2020-05-15,53782.8103394115,58324.32639849881,39158.440143767155,78119.81397533316,59535.10029533612,54415.48336786306
2020-05-18,53782.8103394115,58324.32639849881,36537.16083195633,77157.46308497713,58242.02949401357,52547.807411962
2020-05-19,53782.8103394115,58324.32639849881,36356.38308841317,77709.92005481763,58409.66987510055,52880.42572352188
2020-05-20,53782.8103394115,58324.32639849881,37092.29392438353,77995.06246938514,58791.4728683633,53996.80537530733
2020-05-21,53782.8103394115,58324.32639849881,36873.77445636454,76654.00825432016,58152.913019463565,54233.24412718431
2020-05-22,53782.8103394115,58324.32639849881,35925.27302237032,77282.20915228596,58085.26524773049,53834.21847375712
2020-05-26,53782.8103394115,58324.32639849881,36260.94858584094,75954.52311237228,57651.49014351483,53773.47012152346
2020-05-27,53782.8103394115,58324.32639849881,38901.87844690273,76199.56644012513,58687.893573882546,55476.18042278062
2020-05-28,53782.8103394115,58324.32639849881,39856.722959617764,76333.2264370812,59065.193367932836,56519.301458507165
2020-05-29,53782.8103394115,58324.32639849881,40121.70690057116,77384.68399207466,59604.456531533724,57056.498352146424
2020-06-01,53782.8103394115,58324.32639849881,41499.45040047277,77424.78307888932,60076.451657316036,58520.68776556685
2020-06-02,53782.8103394115,58324.32639849881,42685.18379079937,76863.40674076237,60215.90593192235,59431.593167848885
2020-06-03,53782.8103394115,58324.32639849881,43538.66899181691,75642.6497861414,59952.15331532376,59922.634109039485
2020-06-04,53782.8103394115,58324.32639849881,42394.62449146974,76582.72401033808,60016.00991790863,59729.37350622739
2020-06-05,53782.8103394115,58324.32639849881,43733.69632769767,74680.29345714615,59608.996153542146,60402.65950411896
2020-06-08,53782.8103394115,58324.32639849881,44051.49188117614,75664.92645230074,60141.876912565116,60553.335192134036
2020-06-09,53782.8103394115,58324.32639849881,43089.99566363096,76395.59675141604,60172.81657640597,59833.89905781603
2020-06-10,53782.8103394115,58324.32639849881,43870.08470280472,76333.2264370812,60387.602573729,60247.813728162146
2020-06-11,53782.8103394115,58324.32639849881,42674.68644221211,77166.37157598519,60388.11055435381,58972.41821247814
2020-06-12,53782.8103394115,58324.32639849881,42943.72719215532,77046.07975418039,60420.41550167932,59394.67305870775
2020-06-15,53782.8103394115,58324.32639849881,41401.729628169545,76645.0997633121,59763.59934390874,58446.539298106145
2020-06-16,53782.8103394115,58324.32639849881,42199.70273820532,77059.44249069248,60199.06196735539,59043.88549368898
2020-06-17,53782.8103394115,58324.32639849881,42002.29167171693,77041.62007003716,60128.746466810546,58848.2461377832
2020-06-18,53782.8103394115,58324.32639849881,43571.10722025599,76845.58975874624,60542.82683430168,60101.90136235668
2020-06-19,53782.8103394115,58324.32639849881,44364.92199955546,77785.66398294293,61199.407790835845,61011.620296103
2020-06-22,53782.8103394115,58324.32639849881,44364.92199955546,78266.83670880136,61409.72565062165,61409.45366497222
2020-06-23,53782.8103394115,58324.32639849881,44364.92199955546,78952.95911423715,61708.806408281795,62361.15846322546
2020-06-24,53782.8103394115,58324.32639849881,44364.92199955546,78672.27638381287,61586.929361576345,61374.31325863467
2020-06-25,53782.8103394115,58324.32639849881,44364.92199955546,78507.42579105016,61515.23502627412,61276.64479725986
2020-06-26,53782.8103394115,58324.32639849881,44364.92199955546,78970.78153489246,61716.93878724555,61837.06506767931
2020-06-29,53782.8103394115,58324.32639849881,44364.92199955546,79073.25637468115,61761.43086457922,61416.601556297755
2020-06-30,53782.8103394115,58324.32639849881,44364.92199955546,79884.12484742577,62072.61552025835,61355.254153773996
2020-07-01,53782.8103394115,58324.32639849881,44364.92199955546,79001.96669205988,61735.82019773181,62117.27520288903
2020-07-02,53782.8103394115,58324.32639849881,44364.92199955546,79483.1448565575,61920.57054564364,62841.77709257282
2020-07-03,53782.8103394115,58324.32639849881,44364.92199955546,,61920.57054564364,63173.20311957474
2020-07-06,53782.8103394115,58324.32639849881,44364.92199955546,79683.63485199164,61997.312463296534,64104.06911016372
2020-07-07,53782.8103394115,58324.32639849881,44364.92199955546,80383.11999393952,62264.71298793703,64318.47095379623
2020-07-08,53782.8103394115,58324.32639849881,44364.92199955546,80886.57482459648,62456.322770531326,63759.237151912515
2020-07-09,53782.8103394115,58324.32639849881,44364.92199955546,80160.35333234601,62180.805328879534,64400.65716398425
2020-07-10,53782.8103394115,58324.32639849881,44364.92199955546,80115.80000002733,62163.82457583235,64130.27029032769
2020-07-13,53782.8103394115,58324.32639849881,44364.92199955546,80686.08482916234,62381.24052770292,64336.63439123288
2020-07-14,53782.8103394115,58324.32639849881,44364.92199955546,80668.26240850703,62374.470318502805,63173.20311957474
2020-07-15,53782.8103394115,58324.32639849881,44364.92199955546,80703.90724981767,62388.01225859124,63237.824942616215
2020-07-16,53782.8103394115,58324.32639849881,44364.92199955546,80138.07666618668,62173.09413541425,63962.920066567865
2020-07-17,53782.8103394115,58324.32639849881,44364.92199955546,80565.79300735754,62336.13611639974,64926.239461222314
2020-07-20,53782.8103394115,58324.32639849881,44364.92199955546,80904.3972452518,62464.86073583118,65643.8900767145
2020-07-21,53782.8103394115,58324.32639849881,44364.92199955546,82085.06055169732,62912.74906887292,66477.97164130824
2020-07-22,53782.8103394115,58324.32639849881,44364.92199955546,83051.86568755738,63276.826302732974,66301.38557424088
2020-07-23,53782.8103394115,58324.32639849881,44364.92199955546,84165.69899552483,63693.78739411285,66794.8110845474
2020-07-24,53782.8103394115,58324.32639849881,44364.92199955546,84531.03958372168,63829.63121771539,66667.95782360261
2020-07-27,53782.8103394115,58324.32639849881,44364.92199955546,86032.48470740611,64386.68307067627,66296.62225203127
2020-07-28,53782.8103394115,58324.32639849881,44364.92199955546,86642.86318471661,64611.129568057964,67301.63089405872
2020-07-29,53782.8103394115,58324.32639849881,44364.92199955546,87034.93468457683,64754.784270364005,66719.76694966268
2020-07-30,53782.8103394115,58324.32639849881,44364.92199955546,86535.9395380631,64572.37176476428,66120.04200098617
2020-07-31,53782.8103394115,58324.32639849881,44364.92199955546,87449.2828505964,64939.8989212932,65949.11492355245
2020-08-03,53782.8103394115,58324.32639849881,44364.92199955546,87591.85133856056,64996.992077968614,64866.084343256516
2020-08-04,53782.8103394115,58324.32639849881,44364.92199955546,89160.12646072304,65624.55454635262,66078.94598788104
2020-08-05,53813.83541726757,58324.32639849881,44405.07337391341,90492.27218477997,66176.02550075033,66117.06419760238
2020-08-06,54291.30161392217,58324.32639849881,44678.91558529069,91401.16125180924,66761.10363241415,66703.69146420802
2020-08-07,54291.30161392217,58324.32639849881,44908.89288387019,89556.6522060873,66118.76706237065,66786.4709086639
2020-08-10,54291.30161392217,58324.32639849881,45210.81041354978,90193.76703370037,66481.34114389519,67120.58393793793
2020-08-11,54291.30161392217,58324.32639849881,45885.76316129272,86103.76895138819,65098.78601823406,67432.35762581132
2020-08-12,54291.30161392217,58324.32639849881,45961.73546453157,86206.2437911769,65166.975880588565,67348.38589679748
2020-08-13,54291.30161392217,58324.32639849881,45822.07658186071,87177.503172541,65514.397150551544,67301.03765979085
2020-08-14,54291.30161392217,58324.32639849881,44754.88788852954,86299.80470131832,64784.83569859365,66574.15701701338
2020-08-17,54291.30161392217,58324.32639849881,44799.16810475761,88438.36465261583,65666.2864586085,66983.30254912765
2020-08-18,54291.30161392217,58324.32639849881,45768.91774278306,89079.93372573292,66271.46800034151,67806.6651847442
2020-08-19,54291.30161392217,58324.32639849881,46006.943057351564,87266.60983717839,65628.42528944726,67943.94657355448
2020-08-20,54291.30161392217,58324.32639849881,45415.59532540618,86157.23621335416,64971.82375342008,67371.01603930979
2020-08-21,54291.30161392217,58324.32639849881,46035.22401133295,86192.87561602559,65203.51721894748,67724.77559169011
2020-08-24,54291.30161392217,58324.32639849881,47136.37484828905,85885.45653529874,65460.258151937676,68289.66838320746
2020-08-25,54291.30161392217,58324.32639849881,47671.36630795072,85177.06290234279,65351.13821805941,68324.20973925493
2020-08-26,54291.30161392217,58324.32639849881,48336.20258669746,86464.6498554418,66107.18987084244,68784.87359631757
2020-08-27,54291.30161392217,58324.32639849881,48336.20258669746,85613.68229588252,65756.33438646304,68842.34752803353
2020-08-28,54291.30161392217,58324.32639849881,48336.20258669746,87529.47558558654,66549.83674588194,69368.52305953944
2020-08-31,54291.30161392217,58324.32639849881,48336.20258669746,87663.13558254264,66593.33995981568,67819.47206570336
2020-09-01,54291.30161392217,58324.32639849881,48336.20258669746,87689.86649420601,66602.03266189383,68312.29852571979
2020-09-02,54291.30161392217,58324.32639849881,48336.20258669746,86183.96712501753,66112.41028884382,68697.92406391994
2020-09-03,54291.30161392217,58324.32639849881,48336.20258669746,85881.00228979472,66012.92108372234,68652.96039602924
2020-09-04,54291.30161392217,58324.32639849881,48336.20258669746,85716.15713567121,65958.67913803285,67499.95143621434
2020-09-07,54291.30161392217,58324.32639849881,48336.20258669746,,65958.67913803285,67626.21146289127
2020-09-08,54291.30161392217,58324.32639849881,48336.20258669746,86121.5913720435,66092.23313967719,67401.68392454943
2020-09-09,54291.30161392217,58324.32639849881,48336.20258669746,86642.86318471661,66263.48285158307,67167.33312465445
2020-09-10,54291.30161392217,58324.32639849881,48336.20258669746,87066.11984174425,66402.05389561583,68187.23078360081
2020-09-11,54291.30161392217,58324.32639849881,48336.20258669746,86335.44954262895,66163.50302558522,68277.75716967233
2020-09-14,54291.30161392217,58324.32639849881,48336.20258669746,87017.11226392152,66387.13098880407,68132.43803813473
2020-09-15,54291.30161392217,58324.32639849881,48336.20258669746,87159.68619052487,66433.6945912237,68619.30889138358
2020-09-16,54291.30161392217,58324.32639849881,48336.20258669746,87333.43983565643,66490.38817358615,69112.1353514
2020-09-17,54291.30161392217,58324.32639849881,48336.20258669746,86433.4646982744,66197.07197885947,68585.36076960397
2020-09-18,54291.30161392217,58324.32639849881,48336.20258669746,86972.5589316028,66373.8176445476,68518.95924375892
2020-09-21,54291.30161392217,58324.32639849881,48336.20258669746,84704.79322885323,65632.95113945751,67003.85055568021
2020-09-22,54291.30161392217,58324.32639849881,48336.20258669746,84588.95565255245,65594.52819561714,66426.75574951601
2020-09-23,54291.30161392217,58324.32639849881,48336.20258669746,82864.74386727452,65022.164885174636,66296.91886916521
2020-09-24,52699.90020854084,58324.32639849881,48336.20258669746,83238.99294647943,64619.47131780346,64353.60554411156
2020-09-25,53893.331001704646,58324.32639849881,48336.20258669746,82766.72327298987,64868.226810297565,65810.94368334039
2020-09-28,54758.04239380537,58324.32639849881,48336.20258669746,83439.48294191358,65382.49620982662,66866.8716000261
2020-09-29,54732.92811344655,58324.32639849881,48336.20258669746,84397.37958676557,65695.50109615432,66836.20371478646
2020-09-30,54732.92811344655,58324.32639849881,48336.20258669746,84094.41475154275,65637.58739063045,66985.98373537751
2020-10-01,54732.92811344655,58324.32639849881,48336.20258669746,85025.58048473138,65816.06958871945,67994.86584821275
2020-10-05,54732.92811344655,58324.32639849881,48336.20258669746,85208.24805951021,65850.79331018406,68509.42678331747
2020-10-06,54732.92811344655,58324.32639849881,48336.20258669746,84700.3389833492,65754.39979630677,69456.67069251725
2020-10-07,54732.92811344655,58324.32639849881,48336.20258669746,83920.655667772,65605.75819561274,69911.9721770802
2020-10-08,54732.92811344655,58324.32639849881,48336.20258669746,84143.42232936548,65648.52489661399,70482.22152507503
2020-10-09,54732.92811344655,58324.32639849881,48336.20258669746,85520.12138574109,65912.29543032248,70956.29131338693
2020-10-12,54732.92811344655,58324.32639849881,48336.20258669746,85653.78138269718,65937.59318856307,71056.04772674374
2020-10-13,54732.92811344655,58324.32639849881,48336.20258669746,84138.96808386146,65651.22279094157,71077.18896756416
2020-10-14,54732.92811344655,58324.32639849881,48336.20258669746,84709.25291299647,65760.49756567036,71294.8652317144
2020-10-15,54732.92811344655,58324.32639849881,48336.20258669746,84793.89989349064,65776.6347653487,69563.56918117736
2020-10-16,54732.92811344655,58324.32639849881,48336.20258669746,84686.97624683712,65756.26606750698,70052.52798640818
2020-10-19,54732.92811344655,58324.32639849881,48336.20258669746,84936.47382009398,65803.840027874,70711.21576849255
2020-10-20,54732.92811344655,58324.32639849881,48336.20258669746,85114.68714936878,65837.74626988437,70852.66142922232
2020-10-21,54732.92811344655,58324.32639849881,48336.20258669746,85747.34229283861,65957.92288155123,71095.9514552909
2020-10-22,54732.92811344655,58324.32639849881,48336.20258669746,84700.3389833492,65760.14541015588,70850.57929326258
2020-10-23,54732.92811344655,58324.32639849881,48336.20258669746,84740.43807016387,65767.79071069008,71052.47087306985
2020-10-26,54732.92811344655,58324.32639849881,48336.20258669746,84771.62322733128,65773.73435687536,70084.09153907186
2020-10-27,54732.92811344655,58324.32639849881,48336.20258669746,85043.40290538671,65825.51905439346,70808.59342875564
2020-10-28,54732.92811344655,58324.32639849881,48336.20258669746,83590.95992088578,65549.4388809442,69856.88281448017
2020-10-29,54732.92811344655,58324.32639849881,48336.20258669746,83118.69568603543,65458.494224593785,69506.6942997515
2020-10-30,54732.92811344655,58324.32639849881,48336.20258669746,83644.42718285174,65550.09695141183,69337.55855716586
2020-11-02,54732.92811344655,58324.32639849881,48336.20258669746,84223.62050299482,65650.52082880343,69496.87103819835
2020-11-03,54732.92811344655,58324.32639849881,48336.20258669746,85030.0347302354,65789.5927854046,70356.56054868818
2020-11-04,54732.92811344655,58324.32639849881,48724.90527817215,84410.74232327766,65976.21046286561,70922.34319160735
2020-11-05,54732.92811344655,58324.32639849881,49591.50690065473,86669.59953501918,67015.87369362367,72183.73954177422
2020-11-06,54732.92811344655,58324.32639849881,50177.62964332578,86892.36619661268,67492.08647462663,73036.88021122862
2020-11-09,54732.92811344655,58324.32639849881,50985.722080865264,82566.23327755573,67349.8452112481,74213.1125478237
2020-11-10,54732.92811344655,58324.32639849881,51681.49909946291,83555.32051821434,68036.71286180038,75225.86231544452
2020-11-11,54732.92811344655,58324.32639849881,52164.51653527939,82900.38326994596,68270.43542128724,75928.92634717395
2020-11-12,54732.92811344655,58324.32639849881,51925.76885314222,83430.5690122663,68194.20847995437,75581.4132026729
2020-11-13,54732.92811344655,58324.32639849881,52045.040803599855,84014.21657791341,68386.39680809194,75755.02146635647
2020-11-17,54732.92811344655,58324.32639849881,52676.17122633639,83960.75475458665,68835.46651605215,76673.67381025414
2020-11-18,54732.92811344655,58324.32639849881,52938.23787339386,83470.66809908098,68935.99023984728,77055.12926051255
2020-11-19,54732.92811344655,58324.32639849881,52256.781480271595,82918.20569060127,68344.21286175297,76063.2241165782
2020-11-20,54732.92811344655,58324.32639849881,52614.18177778028,83430.5690122663,68696.18931377304,76583.44404131656
2020-11-23,54732.92811344655,58324.32639849881,52889.957706647474,81880.11631075913,68612.89888370373,76984.85426385967
2020-11-24,54732.92811344655,58324.32639849881,53416.54836255576,80409.8563442421,68718.16896373169,77751.34201805037
2020-11-25,54732.92811344655,58324.32639849881,52611.52463047529,80449.94999241756,68152.92529051982,76579.57638653099
2020-11-26,54732.92811344655,58324.32639849881,53137.70372822956,,68529.93655710127,77345.4650904316
2020-11-27,54732.92811344655,58324.32639849881,53063.851015991415,79389.58394641608,68276.29911910776,77237.96755148139
2020-12-01,54732.92811344655,58324.32639849881,53637.083597450524,80824.19907162247,68960.23506476174,78072.34573320906
2020-12-02,54732.92811344655,58324.32639849881,53656.31495080236,81341.01663879154,69071.96147329197,78100.33824822107
2020-12-03,54732.92811344655,58324.32639849881,53738.76243575188,81835.56297844044,69224.24789197002,78220.34605099651
2020-12-04,54732.92811344655,58324.32639849881,54248.77888561333,81795.46389162577,69581.70129525961,78962.70894496077
2020-12-07,54732.92811344655,58324.32639849881,54646.48391224316,82949.3962864079,70083.2364324866,79541.59508597302
2020-12-08,54732.92811344655,58324.32639849881,54798.69250215214,83350.37627727618,70266.96915221176,79763.14482093108
2020-12-09,54732.92811344655,58324.32639849881,55355.76243571842,81737.54238415578,70361.66297130725,80573.9971927224
2020-12-10,54732.92811344655,58324.32639849881,55147.909585103465,81692.98905183708,70206.36360194188,80271.45353213427
2020-12-11,54732.92811344655,58324.32639849881,55293.365424718526,81969.22297539652,70361.9918060993,80483.17418951695
2020-12-14,54732.92811344655,58324.32639849881,55474.62682373227,81474.67663574762,70395.79876202974,80747.01222213809
2020-12-15,54732.92811344655,58324.32639849881,55514.3122177673,82526.13962938025,70625.662075094,80804.77695496572
2020-12-16,54732.92811344655,58324.32639849881,55984.235711149944,82695.4390290078,70989.99211125146,81488.78188183448
2020-12-17,54732.92811344655,58324.32639849881,56221.54893331344,84081.04657639147,71421.49883537133,81834.20707435354
2020-12-18,54732.92811344655,58324.32639849881,56302.76573951116,84014.21657791341,71466.20288722237,81952.42354228091
2020-12-21,54732.92811344655,58324.32639849881,54534.58005145533,83724.61991784188,70164.57500059479,79378.71156728888
2020-12-22,54732.92811344655,58324.32639849881,55098.81029775929,83163.24901835412,70463.3317329725,80199.98625092344
2020-12-23,54732.92811344655,58324.32639849881,55650.35815978344,83524.12992240774,70923.14138854259,81002.80087998742
2020-12-24,54732.92811344655,58324.32639849881,55650.35815978344,83755.81051364848,70966.85866945772,81885.12634901181
2020-12-28,54732.92811344655,58324.32639849881,55650.35815978344,83635.51325320448,70944.20785308014,82623.32497105657
2020-12-29,54732.92811344655,58324.32639849881,55650.35815978344,83746.89658400122,70965.20372450165,82977.08452343689
2020-12-30,54732.92811344655,58324.32639849881,55650.35815978344,84250.35141465819,71060.00730285229,83270.99720702981
2020-12-31,54732.92811344655,58324.32639849881,55650.35815978344,84343.91232479962,71077.54350127435,83269.80492247184
2021-01-01,54732.92811344655,58324.32639849881,55650.35815978344,,71077.54350127435,83488.67347118004
2021-01-04,54732.92811344655,58324.32639849881,55650.35815978344,86642.86318471661,71508.0659901577,84169.99721179894
2021-01-05,54732.92811344655,58324.32639849881,55650.35815978344,86999.28984326619,71573.4362034765,84566.6382961102
2021-01-06,54732.92811344655,58324.32639849881,55650.35815978344,84958.75048625334,71200.38484804345,84249.5022357371
2021-01-07,54732.92811344655,58324.32639849881,55650.35815978344,85199.33956850215,71245.19099782089,84196.49500909683
2021-01-08,54732.92811344655,58324.32639849881,55650.35815978344,81715.26571799643,70597.75899192627,85446.57919601868
2021-01-11,54732.92811344655,58324.32639849881,55650.35815978344,82405.84236893625,70730.34176385084,86265.47512655956
2021-01-12,54732.92811344655,58324.32639849881,55650.35815978344,82107.33721785666,70673.40574856309,86734.18254237177
2021-01-13,54732.92811344655,58324.32639849881,55650.35815978344,82584.05569821104,70764.59077465624,86742.51690223301
2021-01-14,54732.92811344655,58324.32639849881,55650.35815978344,82437.03296474286,70736.59504626242,86925.6518103358
2021-01-15,54732.92811344655,58324.32639849881,55650.35815978344,81501.4129860502,70558.18932745753,85961.44256427955
2021-01-18,54732.92811344655,58324.32639849881,55650.35815978344,,70558.18932745753,85053.80576649298
2021-01-19,54732.92811344655,58324.32639849881,55650.35815978344,81955.85480024524,70645.61682755845,86482.26153930799
2021-01-20,54732.92811344655,58324.32639849881,55650.35815978344,83132.06386118672,70870.925155183,87218.07559223683
2021-01-21,54732.92811344655,58324.32639849881,55650.35815978344,83105.33294952333,70865.86107240024,86894.38487480606
2021-01-22,54732.92811344655,58324.32639849881,55650.35815978344,82677.61660835247,70784.8113551691,85593.38722924817
2021-01-25,54732.92811344655,58324.32639849881,55650.35815978344,82641.97720568103,70778.03072538105,84801.29152916136
2021-01-27,54732.92811344655,58324.32639849881,55650.35815978344,82196.44388249406,70693.23666065901,83184.93752603396
2021-01-28,54732.92811344655,58466.35773061758,55650.35815978344,81884.57055626316,70633.63058142844,82291.8931280324
2021-01-29,54008.24102854941,58865.39885638415,55650.35815978344,82303.37296778677,70506.08388342417,81202.31370670102
2021-02-01,56569.50144653059,63725.45157165904,55650.35815978344,82904.84295408918,71363.61763643053,85053.21253222512
2021-02-02,58021.842585616774,65995.76367940207,55650.35815978344,81554.87480937695,71512.5333131707,87236.83226394132
2021-02-03,58021.842585616774,65995.76367940207,56190.22911101683,81630.61329886307,71912.70931317864,88083.12747522637
2021-02-04,58021.842585616774,65995.76367940207,56591.80708208877,79701.45727264695,71820.56745068498,88712.63627376295
2021-02-05,58021.842585616774,65995.76367940207,56700.46320209221,80681.63058365832,72093.45454035969,88882.96430090656
2021-02-08,58021.842585616774,65995.76367940207,57428.20246215899,81617.25056235098,72793.29695102217,90023.75961403015
2021-02-09,58021.842585616774,65995.76367940207,57403.5075521425,81768.73297996238,72805.93023942944,89985.04817004094
2021-02-10,58021.842585616774,65995.76367940207,57392.87048678534,82004.86237806796,72845.15666321764,89968.3736342962
2021-02-11,58021.842585616774,65995.76367940207,57646.657435381785,81305.37723612008,72886.0310649009,90366.20700316543
2021-02-12,58021.842585616774,65995.76367940207,57608.665266125645,81158.3490640127,72830.0549808983,90306.65093548973
2021-02-15,58021.842585616774,65995.76367940207,58183.8681927327,,73234.04571713413,91208.33212650871
2021-02-16,58021.842585616774,65995.76367940207,58179.11917157568,80071.24666770862,73012.73432468157,91200.88761804925
2021-02-17,58021.842585616774,65995.76367940207,57781.9117840373,78908.40578191845,72500.1707453716,90578.23009370426
2021-02-18,58021.842585616774,65995.76367940207,57440.17147954379,79010.88062170714,72282.87763815418,90042.5221017569
2021-02-19,58021.842585616774,65995.76367940207,56918.91817531501,79117.80970699985,71940.2014402607,89225.41169004184
2021-02-22,58021.842585616774,65995.76367940207,55756.16857726546,80494.50332473626,71401.93072445049,87402.69940203149
2021-02-23,58148.75158876001,65995.76367940207,55878.121956508556,80392.03392358677,71503.20119624402,87593.8720528616
2021-02-24,59232.82937432617,68505.30782907209,56919.86797954642,80035.6072650372,72469.56746766169,89226.90059173373
2021-02-25,59688.87554509806,68687.03075659189,57358.106167846854,79055.43395402584,72706.30992435486,89913.87750596403
2021-02-26,59688.87554509806,68687.03075659189,55199.39407885131,76992.61249221442,71532.49042558072,86529.90639344855
2021-03-01,59688.87554509806,68687.03075659189,56082.32986626029,78224.13928829448,72094.70925925481,87913.98591661848
2021-03-02,59688.87554509806,68687.03075659189,56680.8957508562,79059.02438029241,72472.80043596015,88852.2905996447
2021-03-03,59688.87554509806,68687.03075659189,57921.34007706911,80789.2073092907,73252.13304807292,90796.7962092563
2021-03-04,59688.87554509806,68687.03075659189,57295.04065095078,79915.63922355513,72862.93475852438,89815.01676003127
2021-03-05,59688.87554509806,68687.03075659189,56753.08087244286,79159.70883864147,72524.27474664884,88965.44712822851
2021-03-08,59688.87554509806,68687.03075659189,56821.848924900136,79255.62713816346,72567.45527102627,89073.24710033488
2021-03-09,59688.87554509806,68687.03075659189,57362.09831375698,80009.17185617237,72906.47740399958,89920.13554588778
2021-03-10,59688.87554509806,68687.03075659189,57652.35626077021,80414.02625738649,73087.75011909386,90375.14041331678
2021-03-12,59688.87554509806,68687.03075659189,57105.84039008977,79651.74099403672,72747.31250000243,89518.42870621073
2021-03-15,59688.87554509806,68687.03075659189,56720.40909095169,79114.13794327645,72506.04954632164,88914.23123643632
2021-03-16,59688.87554509806,68687.03075659189,56648.03475055331,79013.18956082297,72460.58982777722,88800.77809071855
2021-03-17,59688.87554509806,68687.03075659189,55929.411385004336,78010.84721205504,72008.91531389006,87674.2727442238
2021-03-18,59688.87554509806,67939.6448097358,55929.411385004336,77144.69487615573,71846.25227775214,86700.82765486003
2021-03-19,60452.11378404316,68551.28064827425,55929.411385004336,78131.13967886855,72500.4397230899,87809.46618105208
2021-03-22,60420.95450225723,67431.25210993458,55929.411385004336,78090.8679655219,72473.82953457673,87764.20589602743
2021-03-23,60742.19700774237,68597.02713355787,55929.411385004336,78506.05680666833,72748.21303723665,88230.82535985766
2021-03-24,60742.19700774237,66808.78322775973,55929.411385004336,77099.92092808645,72483.11300896085,86650.50743049184
2021-03-25,60742.19700774237,66808.78322775973,55929.411385004336,75910.25456496206,72255.56585624558,85313.47371117238
2021-03-26,60742.19700774237,66808.78322775973,55929.411385004336,76876.82226012355,72442.74887768952,86399.7728959638
2021-03-30,60742.19700774237,66808.78322775973,55929.411385004336,78666.88491093292,72785.936051335,88411.5756988445
2021-03-31,60742.19700774237,66808.78322775973,55929.411385004336,77848.69431228584,72617.70835818628,87492.03350354504
2021-04-01,60742.19700774237,66808.78322775973,55929.411385004336,78784.79171084169,72811.7521404051,88544.08794942294
2021-04-05,60742.19700774237,66808.78322775973,55929.411385004336,77568.36551352101,72561.92918500392,87176.9795791317
2021-04-06,60742.19700774237,66808.78322775973,55929.411385004336,77810.53916675708,72612.27212330601,87449.15197161409
2021-04-07,60742.19700774237,66808.78322775973,55929.411385004336,78528.84225435083,72761.23114842839,88256.43330575376
2021-04-08,60742.19700774237,66808.78322775973,55929.411385004336,78818.97246985667,72820.96923267176,88582.50277627821
2021-04-09,60742.19700774237,66808.78322775973,55929.411385004336,78612.56829524462,72778.59209208147,88350.53072947692
2021-04-12,60742.19700774237,66808.78322775973,55929.411385004336,75835.53299351355,72207.27061333285,85229.4961661363
2021-04-13,60742.19700774237,66808.78322775973,55929.411385004336,76863.57430507762,72424.79414164199,86384.88387904488
2021-04-15,60742.19700774237,67526.35808930271,56530.13389021678,77269.75867677877,72682.71027601276,86841.38346418801
2021-04-16,60742.19700774237,67241.64123298794,56291.78130518634,77462.64579725802,72654.92773188565,87058.16406091422
2021-04-19,60742.19700774237,67241.64123298794,54937.977543096036,76093.3402687003,71981.22704609226,85519.23876178748
2021-04-20,60742.19700774237,67241.64123298794,54769.51063464699,75759.22787743848,71861.94110412388,85143.73891829664
2021-04-22,60742.19700774237,67241.64123298794,55948.77555554977,76340.81310395473,72328.37572438286,85797.36676103744
2021-04-23,60742.19700774237,67241.64123298794,55842.6267563223,75997.42196917832,72225.58291354458,85411.43878968111
2021-04-26,60742.19700774237,67241.64123298794,56815.8413617746,76758.65153611035,72666.06791357565,86266.96402825144
2021-04-27,60742.19700774237,67241.64123298794,57625.95615221206,77649.17803930117,73083.65963789857,87267.80258233714
2021-04-28,60742.19700774237,67241.64123298794,59364.22740623429,78769.95503618674,73807.97688896311,88527.4134136782
2021-04-29,60742.19700774237,67241.64123298794,59349.61488407198,78930.78831543378,73837.42889061567,88708.16956868728
2021-04-30,60742.19700774237,67241.64123298794,57707.72438799177,77532.85995900143,73086.96735133966,87137.07585058452
2021-05-03,60742.19700774237,67241.64123298794,57151.36550006409,77549.02660414342,72931.25253033635,87155.2451040434
2021-05-04,60742.19700774237,67241.64123298794,56807.390166604026,76819.59212932161,72680.40146940948,86335.4535060785
2021-05-05,60742.19700774237,67241.64123298794,57711.066357766314,77462.64579725802,73076.01880285906,87058.16406091422
2021-05-06,60742.19700774237,67241.64123298794,57788.70182845449,78029.39434911932,73216.48310099894,87695.11736791028
2021-05-07,60742.19700774237,67241.64123298794,57923.72153323416,78550.57200561563,73363.28254631665,88280.85478311413
2021-05-10,60742.19700774237,67241.64123298794,58342.50610368417,79182.23036221956,73613.53534623803,88990.75845699069
2021-05-11,60742.19700774237,67241.64123298794,57866.8599117,78696.8273593297,73378.2155016141,88445.22720349017
2021-05-12,60742.19700774237,67241.64123298794,57127.68977592064,77879.4285329959,72998.002640546,87526.5748595925
2021-05-14,60742.19700774237,67241.64123298794,56629.94945042707,77780.33279425588,72833.86131678402,87415.20384983449
2021-05-17,60742.19700774237,67241.64123298794,58900.278108460974,79080.49020745276,73762.42079018078,88876.41545987113
2021-05-18,60742.19700774237,68172.41409826386,59715.58808030719,80060.56978176463,74195.16395398026,89977.90027871542
2021-05-19,60742.19700774237,68172.41409826386,59298.03439995932,79647.50268341851,73993.35371304739,89513.66538400113
2021-05-20,60742.19700774237,68172.41409826386,58680.767081418635,78989.87108994916,73684.30875233067,88774.57109453235
2021-05-21,60742.19700774237,68172.41409826386,60920.55384901307,80416.67584839568,74613.70484793285,90378.11821670056
2021-05-24,60742.19700774237,68172.41409826386,61513.27213032109,80535.37959560017,74801.96631020162,90511.52613470303
2021-05-25,60742.19700774237,68172.41409826386,61513.27213032109,80592.34580229766,74813.67057741852,90575.5489074544
2021-05-26,60742.19700774237,68172.41409826386,61513.27213032109,81085.1697300062,74914.87035886935,91129.42033683842
2021-05-27,60742.19700774237,68172.41409826386,61513.27213032109,81278.05685048546,74954.29161465539,91346.20093356463
2021-05-28,60742.19700774237,68172.41409826386,61513.27213032109,81796.32099186814,75060.01595299848,91928.66392825075
2021-05-31,60742.19700774237,68172.41409826386,61513.27213032109,,75060.01595299848,92805.02797448535
2021-06-01,60742.19700774237,68172.41409826386,61513.27213032109,82533.9629888395,75192.69545627042,92757.67973747871
2021-06-02,60742.19700774237,68172.41409826386,61513.27213032109,82541.11998955376,75193.9735341998,92765.72329622827
2021-06-03,60742.19700774237,68172.41409826386,61513.27213032109,83146.01851196139,75301.98715424645,93445.55231913306
2021-06-04,60742.19700774237,68172.41409826386,61513.27213032109,83039.5070233851,75283.07919080739,93325.8469495138
2021-06-07,60742.19700774237,68172.41409826386,61513.27213032109,83470.86250967352,75359.73256170751,93810.63566680287
2021-06-08,60742.19700774237,68172.41409826386,61513.27213032109,83409.65281737538,75348.9005788525,93741.84375581966
2021-06-09,60742.19700774237,68172.41409826386,61513.27213032109,82854.56350095096,75250.6111536543,93117.9939469167
2021-06-10,60742.19700774237,68172.41409826386,61513.27213032109,83397.20180962517,75347.21343179811,93727.85040632477
2021-06-11,60742.19700774237,68172.41409826386,61513.27213032109,83723.62935196387,75405.02115060232,94094.71345679818
2021-06-14,60742.19700774237,68172.41409826386,61513.27213032109,83789.86912719352,75416.7149163582,94169.15854139281
2021-06-15,60742.19700774237,68172.41409826386,61513.27213032109,84094.04424504102,75470.37892416454,94511.01269626022
2021-06-16,60742.19700774237,68172.41409826386,61513.27213032109,83555.11639877615,75375.5752354255,93905.3263247939
2021-06-17,60742.19700774237,68172.41409826386,61513.27213032109,83151.58679306663,75304.22156563526,93451.81035905679
2021-06-18,60742.19700774237,68172.41409826386,61513.27213032109,83108.92423783279,75296.64837366213,93403.86307176006
2021-06-21,60742.19700774237,68172.41409826386,61513.27213032109,83443.56965228592,75356.07706719365,93779.961965541
2021-06-22,60742.19700774237,68172.41409826386,61513.27213032109,83582.67318026818,75380.70040209906,93936.29664318971
2021-06-23,60742.19700774237,68172.41409826386,61513.27213032109,83128.0043980884,75300.32514630591,93425.30674573664
2021-06-24,60742.19700774237,68172.41409826386,61513.27213032109,83676.46973698983,75397.70788942388,94041.71204618015
2021-06-25,60742.19700774237,68172.41409826386,61513.27213032109,84046.87945508453,75463.12938779026,94458.00546961995
2021-06-28,60742.19700774237,68172.41409826386,61513.27213032109,83804.97490093534,75420.55576749322,94186.13551029372
2021-06-29,60742.19700774237,68172.41409826386,61513.27213032109,83453.90409221823,75358.62621127485,93791.5765619422
2021-06-30,60742.19700774237,68172.41409826386,61513.27213032109,83311.09010182664,75305.30603856573,93631.07179635175
2021-07-01,60742.19700774237,68172.41409826386,61513.27213032109,83091.17404806422,75223.11694823968,93383.9141154976
2021-07-02,60742.19700774237,68172.41409826386,61513.27213032109,83314.800564236,75306.822489061,93635.2418842935
2021-07-05,60742.19700774237,68172.41409826386,61513.27213032109,,75306.822489061,94303.15969366312
2021-07-06,60742.19700774237,68172.41409826386,61513.27213032109,83823.78596210407,75497.04064476398,94207.27675111414
2021-07-07,60742.19700774237,68172.41409826386,61513.27213032109,84149.15780802506,75618.20562242166,94572.95333305183
2021-07-08,60742.19700774237,68172.41409826386,61513.27213032109,83345.00693673719,75319.42762653127,93669.19000607308
2021-07-09,60742.19700774237,68172.41409826386,61513.27213032109,83143.10499684777,75243.9875023112,93442.27789861533
2021-07-12,60742.19700774237,68172.41409826386,61513.27213032109,83157.94167150272,75249.53908248231,93458.9524343601
2021-07-13,60742.19700774237,68172.41409826386,61513.27213032109,83792.51871820271,75486.95998490191,94172.13634477659
2021-07-14,60742.19700774237,68172.41409826386,61513.27213032109,84012.96779515641,75569.07251888787,94419.89307592085
2021-07-15,60742.19700774237,68172.41409826386,61513.27213032109,84385.23533194703,75707.52074965222,94838.27445134263
2021-07-16,60742.19700774237,68172.41409826386,61513.27213032109,84380.9970213288,75705.94857851222,94833.51112913302
2021-07-19,60742.19700774237,68172.41409826386,61513.27213032109,83474.83689618729,75369.80503068372,93815.10237187856
2021-07-20,60742.19700774237,68172.41409826386,61513.27213032109,82837.34115939126,75131.81784315086,93098.63822492209
2021-07-22,60742.19700774237,68172.41409826386,61513.27213032109,83854.52018281413,75513.260817912,94241.8181071616
2021-07-23,60865.032206584576,68874.436023344,61513.27213032109,84024.09400740203,75601.98953982686,94432.39752372385
2021-07-26,60865.032206584576,68707.923143744,61513.27213032109,83856.64192561447,75539.69436392735,94244.20267627752
2021-07-27,60865.032206584576,68707.923143744,61513.27213032109,83443.30572818148,75385.74578818599,93779.66534840707
2021-07-28,60865.032206584576,68707.923143744,61513.27213032109,83246.97206939732,75312.40814083203,93559.01128087305
2021-07-29,60865.032206584576,68707.923143744,61513.27213032109,83612.87955276937,75449.27675166962,93970.2447649693
2021-07-30,60865.032206584576,68707.923143744,61513.27213032109,83531.27007969348,75417.53621149826,93878.52609433983
2021-08-02,60865.032206584576,68707.923143744,61513.27213032109,84178.30330912609,75669.32806792465,94605.70917027348
2021-08-03,60865.032206584576,68707.923143744,61513.27213032109,85479.78034284516,76173.5805649418,96068.40386597977
2021-08-04,60865.032206584576,68707.923143744,61513.27213032109,86158.33956530112,76434.20826362215,96831.01814936266
2021-08-05,60865.032206584576,68707.923143744,61513.27213032109,86348.04924656234,76506.7473003382,97044.22770843722
2021-08-06,60865.032206584576,68707.923143744,61513.27213032109,86049.17848571565,76392.61134562288,96708.3349763596
2021-08-09,60865.032206584576,68707.923143744,61513.27213032109,86155.42605018751,76433.26648458917,96827.74372884494
2021-08-10,60865.032206584576,68707.923143744,61513.27213032109,86271.21110729595,76477.5400134309,96957.87141030746
2021-08-11,60865.032206584576,68707.923143744,61513.27213032109,86282.60641862843,76481.89398961527,96970.67829126662
2021-08-12,60865.032206584576,68707.923143744,61513.27213032109,86717.93629143063,76648.21445343267,97459.9337136314
2021-08-13,60865.032206584576,68707.923143744,61513.27213032109,87590.70742987044,76980.70961011774,98440.81749543239
2021-08-16,60865.032206584576,68707.923143744,61513.27213032109,87770.62086937307,77048.86172251636,98643.01732441808
2021-08-17,60865.032206584576,68707.923143744,61513.27213032109,88043.7874924412,77152.21792153537,98950.02187405962
2021-08-18,60865.032206584576,68707.923143744,61513.27213032109,87801.3499151007,77060.65039709488,98677.55286444329
2021-08-20,60865.032206584576,68707.923143744,60612.49497339955,87174.19379321941,76500.57903378418,97972.70912991028
2021-08-23,60865.032206584576,68707.923143744,60769.146287287826,87417.68706697763,76649.23994632717,98246.36460806233
2021-08-24,60865.032206584576,69857.55320369561,61785.94368259411,88096.77931262492,77272.78093835914,99009.57794173533
2021-08-25,60865.032206584576,69611.36819148884,61568.20383053611,88150.0402318955,77215.01239881259,99069.43644256718
2021-08-26,60865.032206584576,69611.36819148884,61622.35832288637,88161.96339143683,77238.94365411089,99082.83655779422
2021-08-27,60865.032206584576,69611.36819148884,61640.092178861305,88523.89131331268,77381.97131589151,99489.59752079257
2021-08-30,60865.032206584576,69611.36819148884,62885.510336332154,89720.71985213377,78280.17358717795,100834.68061488384
2021-08-31,60865.032206584576,69611.36819148884,63018.64942272928,90786.64203515729,78804.47431830488,102032.64161054495
2021-09-01,60865.032206584576,69611.36819148884,63277.6421165826,90490.15694121535,78737.64488594615,101699.4300647172
2021-09-02,60865.032206584576,69611.36819148884,63722.27935684419,91326.89985190917,79237.74646462225,102639.82269972541
2021-09-03,60865.032206584576,69611.36819148884,63600.91328001579,91800.90754346654,79422.14499432291,103172.54707226675
2021-09-06,60865.032206584576,69611.36819148884,63308.87235608723,,79344.95501056328,103495.34793829573
2021-09-07,60865.032206584576,69611.36819148884,63095.113159962624,92004.92605117385,79381.01091085415,103401.83793281819
2021-09-08,60865.032206584576,69611.36819148884,63613.112064327805,91959.35515580884,79498.26739113427,103350.62204102598
2021-09-09,60865.032206584576,69611.36819148884,63466.050819657685,92042.81727259817,79497.32281597555,103444.42284761522
2021-09-13,60865.032206584576,69611.36819148884,63100.30355683334,91968.89782342785,79366.76943426969,103361.3467860254
2021-09-14,60865.032206584576,69611.36819148884,63344.68474282929,92099.78347929567,79491.24647561941,103508.44562036659
2021-09-15,60865.032206584576,69611.36819148884,63758.5242766588,92838.75027177163,79936.67845825388,104338.95033128644
2021-09-16,60865.032206584576,69611.36819148884,65170.90695846677,93421.92939287935,80575.62173033685,104994.3695088753
2021-09-17,60865.032206584576,69611.36819148884,65418.910608945385,93186.91274035755,80533.89320278594,104730.24067514247
2021-09-20,60865.032206584576,69611.36819148884,64266.22348723366,92189.34172539914,79780.03234136075,103609.09770114742
2021-09-21,60865.032206584576,69611.36819148884,64422.19896819606,93064.23460663926,80219.29671725997,104592.36605206432
2021-09-22,60865.032206584576,69611.36819148884,63918.38579694497,92982.89423265026,80049.62809813555,104500.94981459103
2021-09-23,60865.032206584576,69611.36819148884,65349.27954259261,94447.05201434734,81092.00478425702,106146.47698524393
2021-09-24,60865.032206584576,69611.36819148884,65450.661239802925,94607.35227040309,81191.03371304722,106326.63408996293
2021-09-27,60865.032206584576,69611.36819148884,66040.54173416404,94617.42278623096,81350.46060092004,106337.9520692302
2021-09-28,60865.032206584576,69611.36819148884,65649.10606182723,94053.0599012744,80993.15048816323,105703.679948484
2021-09-29,60865.032206584576,69611.36819148884,65299.626097528664,93855.40662196808,80812.35381029955,105481.54279528033
2021-09-30,60865.032206584576,69611.36819148884,64749.626504123364,93361.78574696381,80427.73206599723,104926.77569847228
2021-10-01,60865.032206584576,69611.36819148884,64404.9787452448,92905.528245175,80119.60112065022,104414.0002821934
2021-10-04,60865.032206584576,69611.36819148884,65017.00628458679,93749.15388251378,80682.61254564316,105362.12822677275
2021-10-05,61315.899727052565,69910.2542709262,65296.165832948194,94443.61582600731,81220.94187990401,106142.6151464806
2021-10-06,61315.899727052565,69910.2542709262,64916.489653521596,93509.36589618248,80686.21682163652,105092.63702054022
2021-10-07,61315.899727052565,69910.2542709262,65317.272095223234,94274.30075054141,81151.51550304734,105952.32653103003
2021-10-08,61315.899727052565,69910.2542709262,65355.42286388881,94829.91791517468,81414.62200603768,106576.76957420088
2021-10-11,61315.899727052565,69910.2542709262,66252.5707979984,95098.85140260703,81800.18851676806,106879.01661765504
2021-10-12,61315.899727052565,69910.2542709262,66646.5138104902,95342.61377545213,82025.5022272874,107152.97452896327
2021-10-13,61315.899727052565,69910.2542709262,66844.18142464975,96242.41902215756,82490.69719066925,108164.24121091444
2021-10-14,61315.899727052565,69910.2542709262,66844.18142464975,97179.31854299158,82913.65859348136,109217.19714023861
2021-10-18,61315.899727052565,69910.2542709262,66844.18142464975,97913.25525253602,83243.48097046433,110042.04867754705
2021-10-19,61315.899727052565,69910.2542709262,66844.18142464975,97604.30880087901,83105.13668267647,109694.83215017992
2021-10-20,61315.899727052565,69910.2542709262,66844.18142464975,96798.03618679082,82743.5519675597,108788.68425408525
2021-10-21,61315.899727052565,69910.2542709262,66844.18142464975,96329.05857816494,82532.40298238376,108261.61305515532
2021-10-22,61315.899727052565,69910.2542709262,66844.18142464975,95994.15441458982,82381.27078458892,107885.22336026267
2021-10-25,61315.899727052565,69910.2542709262,66844.18142464975,96049.79582578271,82406.42154457919,107947.75723132218
2021-10-26,61315.899727052565,69910.2542709262,67371.54731658717,96807.57885440985,82902.4092630743,108799.40899908467
2021-10-27,61315.899727052565,69910.2542709262,67159.67466974305,96503.13463747546,82703.51284551944,108457.2524110611
2021-10-28,61315.899727052565,69910.2542709262,65855.27673985729,94628.81809756343,81478.08734782267,106350.75895018937
2021-10-29,61315.899727052565,69910.2542709262,65170.80888292523,93645.29198494669,80841.82758866563,105245.40066053727
2021-11-01,61315.899727052565,69910.2542709262,66122.2802124347,95012.48094568652,81728.59529723042,106781.94720657033
2021-11-02,61176.70967487141,70217.39671323316,65972.1794445413,94796.79802755987,81543.06744075676,106539.54703190355
2021-11-03,60972.37635387107,69274.33576766224,65751.82901067234,94480.17190196218,81270.70944923881,106183.69952754125
2021-11-04,60972.37635387107,69274.33576766224,66074.89248020327,94944.38852674342,81570.72600277816,106705.41998601594
2021-11-08,60972.37635387107,69274.33576766224,66634.52726412988,95748.5393980313,82089.80530803054,107609.18331299469
2021-11-09,60972.37635387107,69274.33576766224,66544.90906008316,95619.7651349989,82006.85513561145,107464.45741572497
2021-11-10,60972.37635387107,69274.33576766224,66445.1492042684,95476.418121416,81914.48697688455,107303.35359984441
2021-11-11,60972.37635387107,69274.33576766224,65915.57202888439,94715.45765357085,81423.96570512328,106448.13079443025
2021-11-12,60972.37635387107,69274.33576766224,65915.57202888439,95929.76728307363,81957.0369930488,107812.86041162781
2021-11-15,60972.37635387107,69218.89183553089,65915.57202888439,95965.26766261077,81972.52481395246,107852.75832415275
2021-11-16,60972.37635387107,68511.9886872386,65915.57202888439,95381.03284508533,81717.68567327296,107196.15267802816
2021-11-17,60972.37635387107,68037.05439965165,65915.57202888439,94848.206303117,81484.57382283831,106597.32339677565
2021-11-18,60972.37635387107,67920.26304211134,65915.57202888439,94138.91285995096,81173.404564175,105800.1677573453
2021-11-22,60972.37635387107,66404.60926031873,65915.57202888439,92293.47272205309,80360.81917564354,103726.12770053906
2021-11-23,61276.24425986369,66662.14828125603,65915.57202888439,92753.4355112688,80664.92255520345,104243.06738873746
2021-11-24,60967.12510948408,66964.67261960686,65915.57202888439,92285.52394902555,80355.9330893784,103717.1942903877
2021-11-25,61391.422920929945,66826.60074073689,65915.57202888439,,80494.99722591302,104439.00917779941
2021-11-26,59606.69726024768,66826.60074073689,65915.57202888439,90226.25353671449,78995.86939370175,101402.83619487443
2021-11-29,59606.69726024768,66826.60074073689,65915.57202888439,90371.9810422197,79061.02284909053,101566.61538098262
2021-11-30,59606.69726024768,66826.60074073689,65915.57202888439,89997.06391441992,78987.29318575526,101145.25620217703
2021-12-01,59606.69726024768,68080.18121854882,65915.57202888439,90970.5298611737,79179.34923789371,102239.30814460632
2021-12-02,59606.69726024768,68080.18121854882,65915.57202888439,92214.51283998639,79422.7399409272,103637.38683329338
2021-12-03,59606.69726024768,68080.18121854882,65915.57202888439,91128.43927534224,79212.46710334526,102416.77824705323
2021-12-06,59606.69726024768,68080.18121854882,65915.57202888439,89621.09109020243,78917.93574981907,100722.71055483572
2021-12-07,59606.69726024768,68080.18121854882,65915.57202888439,91022.4556349748,79195.32840576414,102297.66611170184
2021-12-08,59606.69726024768,68080.18121854882,65915.57202888439,92575.38506544451,79499.0537830261,104042.96132775601
2021-12-09,59606.69726024768,68080.18121854882,65915.57202888439,92824.97446851683,79547.23424037588,104323.46808009964
2021-12-10,59606.69726024768,68080.18121854882,65915.57202888439,92795.5702182938,79541.5699083933,104290.42144176632
2021-12-13,59606.69726024768,68080.18121854882,65915.57202888439,92037.5180905798,79395.50552555475,103438.46724084765
2021-12-14,59606.69726024768,68080.18121854882,65915.57202888439,91807.80062007639,79350.96007168412,103180.29401388238
2021-12-15,59606.69726024768,68080.18121854882,65915.57202888439,91259.33528117494,79244.39861894984,102563.8887134389
2021-12-16,59606.69726024768,68080.18121854882,65915.57202888439,91402.41319567096,79272.32677210442,102724.69009616328
2021-12-17,59606.69726024768,68080.18121854882,65915.57202888439,90007.66227845667,79000.40815517095,101157.16741571217
2021-12-20,59606.69726024768,65827.07568074724,65915.57202888439,88041.66574964087,78612.5160476907,98947.63730494371
2021-12-21,59606.69726024768,65827.07568074724,65915.57202888439,88871.78468281173,78779.13412101133,99880.58543149244
2021-12-22,60262.79836941419,65827.07568074724,65915.57202888439,89850.01161341013,79166.1185033345,100979.98811437696
2021-12-23,60679.1724965783,65827.07568074724,65915.57202888439,90470.81285685531,79410.22554905429,101677.68977360667
2021-12-24,60679.1724965783,65827.07568074724,65915.57202888439,,79410.22554905429,101267.64857406839
2021-12-27,60679.1724965783,65827.07568074724,65915.57202888439,90543.14876139906,79424.49805383524,101758.98613239292
2021-12-28,60679.1724965783,65827.07568074724,65915.57202888439,91322.12851809966,79578.10236337036,102634.4603272257
2021-12-29,60679.1724965783,65827.07568074724,65915.57202888439,91217.9975214457,79557.70491127865,102517.43032783405
2021-12-30,60679.1724965783,65827.07568074724,65915.57202888439,91166.85834497544,79547.67877079925,102459.95639611811
2021-12-31,60679.1724965783,65827.07568074724,65915.57202888439,91962.27384590489,79701.90990723998,103353.90227756594
2022-01-03,60679.1724965783,65827.07568074724,65915.57202888439,93401.78836122359,79979.15416648758,104971.73355034075
2022-01-04,60679.1724965783,65827.07568074724,65915.57202888439,94353.26063260813,80160.2069631402,106041.06739827574
2022-01-05,60679.1724965783,65827.07568074724,65915.57202888439,94989.1624748127,80280.2617514199,106755.74021038415
2022-01-06,60679.1724965783,65827.07568074724,65915.57202888439,94038.75624981076,80101.76452189866,105687.60446302933
2022-01-07,60679.1724965783,65827.07568074724,65915.57202888439,94392.73539865905,80168.76846688535,106085.43201587634
2022-01-10,60679.1724965783,65827.07568074724,65915.57202888439,95402.76777133255,80359.39766470077,107220.57997141077
2022-01-11,60679.1724965783,65827.07568074724,65915.57202888439,95680.70572821017,80411.42253969386,107532.94689355201
2022-01-12,60679.1724965783,65827.07568074724,65915.57202888439,96510.55556229418,80566.40422277116,108465.5925869446
2022-01-13,60679.1724965783,65827.07568074724,65915.57202888439,96751.40959500807,80611.08498505269,108736.28189375733
2022-01-14,60679.1724965783,65827.07568074724,65915.57202888439,96740.54213188446,80609.07286853195,108724.06824706602
2022-01-17,60679.1724965783,65827.07568074724,65915.57202888439,,80609.07286853195,109035.84193493942
2022-01-18,60679.1724965783,65827.07568074724,65915.57202888439,95984.35299784882,80469.05181918219,107874.20781415158
2022-01-19,60679.1724965783,65827.07568074724,65915.57202888439,95058.84878834726,80296.62916470844,106834.05876578658
2022-01-20,60679.1724965783,65827.07568074724,65915.57202888439,94097.5751002217,80116.18646971813,105753.7093717405
2022-01-21,60679.1724965783,65827.07568074724,65915.57202888439,93356.48656494543,79975.96987429216,104920.8200917047
2022-01-24,59067.053994840324,64729.06227978117,65915.57202888439,90876.20028126074,79031.61699211918,102133.29369132577
2022-01-25,59510.8537865219,66059.11848883567,65915.57202888439,91558.99781433491,79295.52959678877,102900.67129691828
2022-01-27,58932.90026902574,66541.51048751871,65915.57202888439,90669.80128163112,78953.26426133634,101901.32746054672
2022-01-28,58904.65277656283,66028.71962861421,65915.57202888439,90626.34177910155,78936.44489387143,101852.48450582595
2022-01-31,59724.05878262267,66028.71962861421,66832.50495467916,91887.01925126508,80034.50750852429,103269.32568223977
2022-02-01,60540.36355171529,66028.71962861421,67745.96752967723,93142.92538961912,81128.41424398207,104680.80448615385
2022-02-02,60540.36355171529,66028.71962861421,68528.96448719695,94219.45628664424,81857.7124457209,105890.68832739459
2022-02-03,60540.36355171529,66028.71962861421,67681.79238750407,93054.69193902025,81070.6438041239,104581.64130706491
2022-02-04,60540.36355171529,66028.71962861421,67512.5958484444,92822.06612838566,80913.01384015755,104320.19947560418
2022-02-07,60540.36355171529,66028.71962861421,66345.90305555043,91217.9975214457,79825.47289500167,102517.43032783405
2022-02-08,60540.36355171529,66028.71962861421,66550.75914281822,91499.65111571511,80017.17716847874,102833.9731539393
2022-02-09,60540.36355171529,66028.71962861421,67310.24654385624,92543.85907242115,80727.41911339393,104007.53012030675
2022-02-10,60540.36355171529,66028.71962861421,67857.74143125927,93296.60166815188,81238.13043489169,104853.5170824134
2022-02-11,60540.36355171529,66028.71962861421,66967.02056939961,92071.96277369923,80408.7425743237,103477.17868483685
2022-02-14,60540.36355171529,66028.71962861421,64916.74334101318,89253.06703901249,78493.99991902367,100309.09831764578
2022-02-15,60540.36355171529,66028.71962861421,66881.06728220513,91953.7868747036,80341.34647986098,103344.36400110225
2022-02-16,60540.36355171529,66028.71962861421,66764.47554003766,91793.48661864785,80232.41353774333,103164.20689638326
2022-02-17,60540.36355171529,66028.71962861421,66696.64185016994,91700.2230851175,80169.0111831018,103059.39054368292
2022-02-18,60540.36355171529,66028.71962861421,66587.5704560413,91550.2624439765,80067.0419967619,102890.85385138736
2022-02-21,60540.36355171529,66028.71962861421,66319.1188730458,,79887.71152994128,102476.04351361723
2022-02-22,60540.36355171529,66028.71962861421,65877.992872318,90574.67475442242,79403.3217640885,101794.41733984216
2022-02-23,60540.36355171529,66028.71962861421,65766.41469550975,90421.26757497652,79298.72142232086,101622.0071767388
2022-02-24,60540.36355171529,66028.71962861421,62624.02710485462,86100.84551039478,76351.74066534571,96766.40214234342
2022-02-25,62069.71363867334,66028.71962861421,64206.013992274944,88275.89580483182,78280.51238681379,99210.88210329697
2022-02-28,62069.71363867334,66028.71962861421,64728.267911735864,88993.93496832115,78563.5063299346,100017.86682030272
2022-03-02,62069.71363867334,66028.71962861421,64003.85288458463,87997.94749798931,78172.72680118079,98898.50354911125
2022-03-03,62069.71363867334,66028.71962861421,64003.85288458463,87426.17403817893,78059.85272794821,98255.90288452602
2022-03-04,62069.71363867334,66028.71962861421,64003.85288458463,86087.06453215753,77794.15378067673,96750.9140751344
2022-03-07,62069.71363867334,66028.71962861421,64003.85288458463,84061.72130472193,77387.43410720806,94474.68582138693
2022-03-08,62069.71363867334,66028.71962861421,64003.85288458463,84858.18732708666,77550.37380560988,95369.81235534826
2022-03-09,62069.71363867334,66028.71962861421,64003.85288458463,86616.98273399468,77907.55859315448,97346.4747518914
2022-03-10,62069.71363867334,66028.71962861421,64003.85288458463,87939.39774666523,78171.87967362253,98832.70107355628
2022-03-11,62069.71363867334,66028.71962861421,64003.85288458463,88127.7774574394,78209.09215924313,99044.41591491671
2022-03-14,62069.71363867334,66028.71962861421,64003.85288458463,89404.09372653607,78460.7962179381,100478.83311052153
2022-03-15,62069.71363867334,66028.71962861421,64003.85288458463,88300.26997212335,78245.52670511144,99238.27556801891
2022-03-16,62069.71363867334,66028.71962861421,64003.85288458463,89955.46740556869,78571.46454079106,101098.5070154605
2022-03-17,62069.71363867334,66028.71962861421,64003.85288458463,91607.22865067399,78892.07083346923,102954.87662413876
2022-03-21,62069.71363867334,66028.71962861421,64003.85288458463,90709.27604768203,78720.22282199727,101945.69207814732
2022-03-22,62069.71363867334,66028.71962861421,64003.85288458463,91757.98623911072,78922.46772655383,103124.30898385834
2022-03-23,62069.71363867334,66028.71962861421,64003.85288458463,91387.84044512046,78851.71925082579,102708.31217755245
2022-03-24,62069.71363867334,66028.71962861421,64003.85288458463,91266.48710690677,78828.4510948767,102571.92645616621
2022-03-25,62069.71363867334,66028.71962861421,64003.85288458463,90896.86916112535,78757.50766296421,102156.5228841282
2022-03-28,62069.71363867334,66028.71962861421,64003.85288458463,91262.51272039299,78827.91022330345,102567.45975109054
2022-03-29,62069.71363867334,66028.71962861421,64003.85288458463,91809.9223628767,78932.98234952924,103182.6785829983
2022-03-30,62069.71363867334,66028.71962861421,64003.85288458463,92726.4117529681,79108.0814116635,104212.69612063175
2022-03-31,62069.71363867334,66028.71962861421,64003.85288458463,92548.88915535265,79067.3736512071,104013.18329391815
2022-04-01,62069.71363867334,66028.71962861421,64003.85288458463,93638.92675654571,79317.68108668686,105238.2469531895
2022-04-04,62069.71363867334,66028.71962861421,64003.85288458463,95668.25472045997,79779.71301680086,107518.95354405712
2022-04-05,62069.71363867334,66028.71962861421,64003.85288458463,95159.53324669633,79665.68518743773,106947.21529437041
2022-04-06,62069.71363867334,66028.71962861421,64003.85288458463,94365.98073944521,79487.1183408586,106055.36318092678
2022-04-07,62069.71363867334,66028.71962861421,64003.85288458463,93475.19031214992,79285.43826098177,105054.22800970718
2022-04-08,62069.71363867334,66028.71962861421,64003.85288458463,94242.50565843118,79460.37342871871,105916.59289042464
2022-04-11,62069.71363867334,66028.71962861421,64003.85288458463,93662.77307562839,79328.99088815102,105265.04718364358
2022-04-12,62069.71363867334,66028.71962861421,64003.85288458463,92896.25467664286,79154.49159570193,104403.57797035016
2022-04-13,62069.71363867334,66028.71962861421,64003.85288458463,92606.65230934588,79088.16531644852,104078.10173409355
2022-04-18,62069.71363867334,66028.71962861421,64003.85288458463,91006.29933979771,78720.80582555354,102279.50849028742
2022-04-19,62069.71363867334,66028.71962861421,64003.85288458463,89866.97520584785,78455.91217899868,100999.05303525987
2022-04-20,62720.84011678072,66028.71962861421,64003.85288458463,90809.7017569091,79106.98953404692,102058.55780561945
2022-04-21,62720.84011678072,66028.71962861421,64003.85288458463,92166.55110273419,79424.69186865976,103583.48393922907
2022-04-22,62720.84011678072,66028.71962861421,64003.85288458463,90997.28452038755,79153.85866408363,102269.37697955588
2022-04-25,62720.84011678072,66028.71962861421,64003.85288458463,89842.06284038257,78883.76452663173,100971.05470422561
2022-04-26,62720.84011678072,66028.71962861421,64003.85288458463,91150.17420158946,79192.48028532525,102441.20554043583
2022-04-27,62720.84011678072,66028.71962861421,64003.85288458463,90289.58497181298,78991.51154180721,101474.01267497358
2022-04-28,62720.84011678072,66028.71962861421,64003.85288458463,91384.66300590239,79249.02148540593,102704.7411399008
2022-04-29,62720.84011678072,66028.71962861421,64003.85288458463,90629.52956828447,79103.4984377286,101856.0671755221
2022-05-02,62720.84011678072,66028.71962861421,64003.85288458463,90452.26571979102,79069.1162406452,101656.84514992019
2022-05-04,62720.84011678072,66028.71962861421,64003.85288458463,88377.6359595986,78666.10651720567,99325.22510041653
2022-05-05,62720.84011678072,66028.71962861421,64003.85288458463,88404.40096877732,78671.40071494681,99355.30556741054
2022-05-06,62720.84011678072,66028.71962861421,64003.85288458463,86966.20089899834,78386.98748876262,97738.95156428315
2022-05-09,62720.84011678072,66028.71962861421,64003.85288458463,86386.46831619553,78270.86704900755,97087.4058575021
2022-05-10,62720.84011678072,66028.71962861421,64003.85288458463,86058.97990245666,78204.92873304604,96719.35052247073
2022-05-11,62720.84011678072,66028.71962861421,64003.85288458463,85672.40353921997,78126.86295130975,96284.88784557204
2022-05-12,62720.84011678072,66028.71962861421,64003.85288458463,83769.46934641578,77741.2330589787,94146.23178174655
2022-05-13,62720.84011678072,66028.71962861421,64003.85288458463,83632.48756123385,77712.9832205438,93992.28167321376
2022-05-16,62720.84011678072,66028.71962861421,64003.85288458463,83951.23025464942,77778.80146443282,94350.50793066976
2022-05-17,62720.84011678072,66028.71962861421,64003.85288458463,86160.98915631032,78233.75449258501,96833.99595274644
2022-05-18,62720.84011678072,66028.71962861421,64003.85288458463,86060.30469796126,78213.43871633914,96720.83942416262
2022-05-19,62720.84011678072,66028.71962861421,64003.85288458463,83776.89027123447,77752.2796748053,94154.57195763005
2022-05-20,62720.84011678072,66028.71962861421,64003.85288458463,86197.29165812561,78251.46725890067,96874.79534871764
2022-05-23,62720.84011678072,66028.71962861421,64003.85288458463,85924.64770828391,78196.46478543035,96568.37821732172
2022-05-24,62720.84011678072,66028.71962861421,64003.85288458463,85450.10699353524,78100.49592775539,96035.05479449026
2022-05-25,62720.84011678072,66028.71962861421,64003.85288458463,84923.63015502058,77993.56386690683,95443.36177251885
2022-05-26,62720.84011678072,66028.71962861421,64003.85288458463,85688.57018436196,78149.6790309375,96303.05709903092
2022-05-27,62720.84011678072,66028.71962861421,64003.85288458463,86654.61003131459,78345.46737316853,97388.76304955449
2022-05-30,62720.84011678072,66028.71962861421,65213.09080387291,,78674.4000360986,99228.74892359969
2022-05-31,62720.84011678072,66028.71962861421,64912.29972767778,87884.55328276806,78744.70585168386,98771.06286992082
2022-06-01,62720.84011678072,66028.71962861421,64670.41009865991,87557.05969404675,78584.41399845909,98403.0017188672
2022-06-02,62720.84011678072,66028.71962861421,65082.3609338952,88114.79860148035,78857.86279980683,99029.82933115395
2022-06-03,62720.84011678072,66028.71962861421,64911.32122213091,87883.22848726346,78744.65444166864,98769.57396822893
2022-06-06,62720.84011678072,66028.71962861421,64853.58939486516,87805.06555249248,78706.39701377947,98681.72876840728
2022-06-07,62720.84011678072,66028.71962861421,64253.956608994056,86993.22465729907,78308.87496950252,97769.32283238888
2022-06-08,62720.84011678072,66028.71962861421,64018.72540443971,86674.7458879879,78152.26987939351,97411.39319206681
2022-06-09,62720.84011678072,66028.71962861421,64495.64747907273,87320.44914693349,78470.3099416911,98137.08155028633
2022-06-10,62720.84011678072,66028.71962861421,63414.20391312152,85856.28619025396,77751.55862326562,96491.54856361117
2022-06-13,62720.84011678072,66028.71962861421,63414.20391312152,83591.41890059147,77379.29868352177,93946.12572076509
2022-06-14,62720.84011678072,66028.71962861421,63414.20391312152,83367.2593612284,77341.63811639602,93694.19890167909
2022-06-15,62720.84011678072,66028.71962861421,63414.20391312152,83155.56117958041,77305.99287932205,93456.27706413246
2022-06-16,62720.84011678072,66028.71962861421,63414.20391312152,81398.61324140341,77009.54571910341,91481.69098752685
2022-06-17,62720.84011678072,66028.71962861421,63414.20391312152,81043.04019796365,76948.49048194215,91082.07209983178
2022-06-20,62720.84011678072,66028.71962861421,63414.20391312152,,76948.49048194215,91419.45954962353
2022-06-21,62720.84011678072,66028.71962861421,63414.20391312152,82872.84671391083,77263.81380006728,93138.54195346926
2022-06-22,62720.84011678072,66028.71962861421,63414.20391312152,81677.88116876806,77061.61163309007,91795.55262738223
2022-06-23,62720.84011678072,66028.71962861421,63414.20391312152,82437.52201609108,77191.69101720041,92649.29234712673
2022-06-24,62720.84011678072,66028.71962861421,63414.20391312152,83193.18330191787,77320.11298999056,93498.55954577331
2022-06-27,62720.84011678072,66028.71962861421,63414.20391312152,83896.91363896111,77438.8203233336,94289.46296130217
2022-06-28,62720.84011678072,66028.71962861421,63414.20391312152,83993.09586258754,77454.9332375635,94397.55955054246
2022-06-29,62720.84011678072,66028.71962861421,63414.20391312152,83722.30455645929,77409.61147929773,94093.2245551063
2022-06-30,62720.84011678072,66028.71962861421,63414.20391312152,83622.41704540595,77389.08793366213,93980.96369394648
2022-07-01,62720.84011678072,66028.71962861421,63414.20391312152,83622.41704540595,77389.08793366213,93813.01441989657
2022-07-04,62720.84011678072,66028.71962861421,63414.20391312152,,77389.08793366213,94309.1153004307
2022-07-05,62720.84011678072,66028.71962861421,63414.20391312152,83622.41704540595,77389.08793366213,94163.20293462524
2022-07-06,62720.84011678072,66028.71962861421,63414.20391312152,83622.41704540595,77389.08793366213,95228.95992888634
2022-07-07,62720.84011678072,66028.71962861421,63414.20391312152,83622.41704540595,77389.08793366213,96081.21074693894
2022-07-08,62720.84011678072,66028.71962861421,63414.20391312152,83622.41704540595,77389.08793366213,96603.51280763703
2022-07-11,62720.84011678072,66028.71962861421,63396.22180556377,83622.41704540595,77384.21128732689,96576.11934291512
2022-07-12,62720.84011678072,66028.71962861421,62779.6951306247,83622.41704540595,77216.97583764598,95636.91899246488
2022-07-13,62720.84011678072,66028.71962861421,62421.39304735779,83622.41704540595,77119.04253382632,95091.09112183042
2022-07-14,62720.84011678072,66028.71962861421,62311.92744483215,83622.41704540595,77088.98915328181,94924.33413233847
2022-07-15,62720.84011678072,66028.71962861421,62744.120336946755,83622.41704540595,77207.80825702705,95582.72529728888
2022-07-18,62720.84011678072,66028.71962861421,63640.56466834422,83622.41704540595,77452.93968812973,96948.34476588824
2022-07-19,62720.84011678072,66028.71962861421,63883.147498941194,83622.41704540595,77518.5468766179,97317.88900261151
2022-07-20,62720.84011678072,66028.71962861421,64588.02702591879,83622.41704540595,77708.6204329421,98391.68373959993
2022-07-21,62720.84011678072,66028.71962861421,64917.98915496041,83622.41704540595,77796.84078042282,98894.33927719173
2022-07-22,62720.84011678072,66028.71962861421,65364.44937954705,83622.41704540595,77915.73675794456,99574.46491723045
2022-07-25,62720.84011678072,66028.71962861421,65018.65841442594,83622.41704540595,77824.13902972855,99047.69615145666
2022-07-26,62720.84011678072,66028.71962861421,64443.376051152765,83622.41704540595,77671.12020332969,98171.32628919985
2022-07-27,62720.84011678072,66028.71962861421,65060.88391540018,83622.41704540595,77836.51097129934,99112.02135736421
2022-07-28,62720.84011678072,66028.71962861421,66186.02934850291,83622.41704540595,78135.64068070914,100826.03800584418
2022-07-29,62720.84011678072,66028.71962861421,67079.93480484179,83622.41704540595,78721.91643361804,102187.78981965795
2022-08-01,62720.84011678072,66028.71962861421,67790.68237838334,84508.441013402,79370.66131250787,103270.52378281996
2022-08-02,62720.84011678072,66028.71962861421,67811.787493156,84534.75082891456,79389.88042116654,103302.67475372927
2022-08-03,62720.84011678072,66028.71962861421,67978.72711843629,84742.85918511981,79541.89138767892,103556.98614193118
2022-08-04,62720.84011678072,66028.71962861421,67954.68225359579,84712.88465217876,79520.00869525353,103520.35683390172
2022-08-05,62720.84011678072,66028.71962861421,68015.27928356535,84788.42542493844,79575.16103000236,103612.66873879907
2022-08-08,62720.84011678072,66028.71962861421,68514.12814507502,85410.29465693979,80029.09800206838,104372.60183593212
2022-08-10,62720.84011678072,66028.71962861421,68551.85621023121,85457.32678372982,80063.3738218298,104430.07576764804
2022-08-11,62720.84011678072,66028.71962861421,69037.60982143875,86062.8713653679,80504.62536444304,105170.05990851863
2022-08-12,62720.84011678072,66028.71962861421,69190.66771782731,86253.67464031343,80643.4435478746,105403.22423987789
2022-08-16,62720.84011678072,66028.71962861421,69687.56183643473,86873.1070731935,81093.88767547198,106160.17953362713
2022-08-17,62720.84011678072,66028.71962861421,70152.7906471687,87453.06526405814,81514.95833792907,106868.89673896796
2022-08-18,62720.84011678072,66028.71962861421,70200.68184827367,87512.7668425295,81558.23996901471,106941.85292187071
2022-08-19,62720.84011678072,66028.71962861421,69426.4051304092,86547.54690309186,80858.5941459134,105762.34034873566
2022-08-22,62720.84011678072,66028.71962861421,68379.64030625776,85242.6409736464,79910.38059283426,104167.7266367188
2022-08-23,62720.84011678072,66028.71962861421,68718.98672837304,85665.67310859925,80218.82378726105,104684.67795696166
2022-08-24,62720.84011678072,66028.71962861421,68826.29905942043,85799.4495728589,80316.25647926965,104848.1547099137
2022-08-25,62720.84011678072,66028.71962861421,68503.76648055023,85397.37771784769,80023.5191135787,104356.81715158916
2022-08-26,62720.84011678072,66028.71962861421,68646.27181955248,85575.02608503695,80152.99528877833,104573.90599749377
2022-08-29,62720.84011678072,66028.71962861421,67684.53831164863,84376.12091736718,79279.59550723841,103108.82673267154
2022-08-30,62720.84011678072,66028.71962861421,69429.73430191459,86551.6970765953,80869.50239896297,105767.41192012369
2022-09-01,62720.84011678072,66028.71962861421,68583.33062524312,85496.56305708105,80102.71963979398,104478.02305494477
2022-09-02,62720.84011678072,66028.71962861421,68570.22773922652,85480.22888797121,80090.81678369755,104458.06246663784
2022-09-05,62720.84011678072,66028.71962861421,69064.19737919504,,80411.35135935013,105210.5626873559
2022-09-06,62720.84011678072,66028.71962861421,69024.31604256059,86046.29922759387,80503.88881836955,105149.80851909998
2022-09-07,62720.84011678072,66028.71962861421,68902.34313974637,85894.24676992463,80393.24334830604,104963.99824076958
2022-09-08,62720.84011678072,66028.71962861421,69583.96046261583,86743.95671976566,81011.80317221521,106002.35595428653
2022-09-09,62720.84011678072,66028.71962861421,69719.22714430818,86912.58131520892,81134.28890989443,106208.41762203557
2022-09-12,62720.84011678072,66028.71962861421,70121.90418217036,87414.56193419262,81498.76099035903,106821.84511909528
2022-09-13,62720.84011678072,66028.71962861421,70644.60701565898,88066.16773047083,81971.26738483207,107618.11672314606
2022-09-14,62720.84011678072,66028.71962861421,70385.4050525357,87743.04435949046,81737.34248436672,107223.25534163839
2022-09-15,62720.84011678072,66028.71962861421,69891.44304828162,87127.26712529233,81291.18624185704,106470.7667529648
2022-09-16,62720.84011678072,66028.71962861421,68536.60768845082,85438.31784683451,80065.55024708086,104406.84657484562
2022-09-19,62720.84011678072,66028.71962861421,68893.93621812384,85883.76662995381,80390.22334950538,104951.19135981043
2022-09-20,62720.84011678072,66028.71962861421,69652.37646419434,86829.24468901046,81078.55721599441,106106.579072719
2022-09-21,62720.84011678072,66028.71962861421,69269.63627679217,86352.11751731453,80732.03612829014,105523.52284376501
2022-09-22,62720.84011678072,66028.71962861421,68923.45589023351,85920.56610418376,80418.2303127727,104996.16084372337
2022-09-23,62720.84011678072,66028.71962861421,67741.02732723768,84446.54060447354,79345.18537722396,103194.88059764514
2022-09-26,62720.84011678072,66028.71962861421,66524.98634918063,82930.61358237317,78237.35685822985,101342.39609181916
2022-09-27,62720.84011678072,65589.11126317154,66490.1903983778,82887.23665426509,78205.52854564624,101289.3888651789
2022-09-28,62172.08429309952,64564.39369461808,65908.45585638433,82162.04142827351,77521.29441941988,100403.1899253467
2022-09-29,62022.72613333456,64372.712504781506,65750.1216813026,81964.66069944983,77335.06231849018,100161.98785126011
2022-09-30,62022.72613333456,66055.5635446346,65750.1216813026,83310.99221395704,77617.34828766345,101807.22422080133
2022-10-03,62022.72613333456,65025.70963086599,65750.1216813026,83310.99221395704,77617.34828766345,100574.41361991435
2022-10-04,62022.72613333456,65025.70963086599,65750.1216813026,83310.99221395704,77617.34828766345,102878.94263785222
2022-10-06,62022.72613333456,65025.70963086599,65750.1216813026,83310.99221395704,77617.34828766345,103221.39002698752
2022-10-07,62022.72613333456,65025.70963086599,65750.1216813026,83310.99221395704,77617.34828766345,103119.2490445148
2022-10-10,62022.72613333456,65025.70963086599,65750.1216813026,83310.99221395704,77617.34828766345,102680.61627967436
2022-10-11,62022.72613333456,65025.70963086599,65750.1216813026,83310.99221395704,77617.34828766345,101147.34997018124
2022-10-12,62022.72613333456,65025.70963086599,65750.1216813026,83310.99221395704,77617.34828766345,101981.42571875275
2022-10-13,62022.72613333456,65025.70963086599,65750.1216813026,83310.99221395704,77617.34828766345,101330.77567939572
2022-10-14,62022.72613333456,65025.70963086599,65750.1216813026,83310.99221395704,77617.34828766345,102351.26657260995
2022-10-17,62022.72613333456,65025.70963086599,65750.1216813026,83310.99221395704,77617.34828766345,103102.27789163611
2022-10-18,62022.72613333456,65025.70963086599,65750.1216813026,83310.99221395704,77617.34828766345,104145.39311134041
2022-10-19,62022.72613333456,65025.70963086599,65750.1216813026,83310.99221395704,77617.34828766345,104296.07461537773
2022-10-20,62022.72613333456,65025.70963086599,65750.1216813026,83310.99221395704,77617.34828766345,104603.9748324433
2022-10-21,62022.72613333456,65025.70963086599,65750.1216813026,83310.99221395704,77617.34828766345,104677.53588165838
2022-10-24,62022.72613333456,65025.70963086599,65750.1216813026,83310.99221395704,77617.34828766345,105597.37469409176
2022-10-25,62022.72613333456,65025.70963086599,65750.1216813026,83310.99221395704,77617.34828766345,105154.27522417567
2022-10-27,62022.72613333456,65025.70963086599,65750.1216813026,83310.99221395704,77617.34828766345,105634.29480323292
2022-10-28,62022.72613333456,65025.70963086599,65750.1216813026,83310.99221395704,77617.34828766345,105931.19110623185
2022-10-31,62022.72613333456,65025.70963086599,65750.1216813026,83310.99221395704,77617.34828766345,107273.57556600656
2022-11-01,62022.72613333456,65025.70963086599,65750.1216813026,83927.08143538961,77744.90038134529,108066.86936667356
2022-11-02,62022.72613333456,65025.70963086599,65750.1216813026,83637.76819904304,77685.34437324322,107694.34151054427
2022-11-03,62022.72613333456,65025.70963086599,65750.1216813026,83498.31499135299,77656.56027327756,107514.77764009315
2022-11-04,62022.72613333456,65025.70963086599,65750.1216813026,83796.41801658874,77718.17071295931,107898.6234754897
2022-11-07,62022.72613333456,65025.70963086599,65750.1216813026,84192.57280811768,77799.81945813786,108408.72352154099
2022-11-09,62022.72613333456,65025.70963086599,65750.1216813026,83980.73257229906,77756.318307407,108135.95207876849
2022-11-10,62022.72613333456,65025.70963086599,65750.1216813026,83384.99627416284,77633.74452753492,107368.86527428769
2022-11-11,62022.72613333456,65025.70963086599,65750.1216813026,84872.01535892322,77941.4014199739,109283.59285006144
2022-11-14,62022.72613333456,65025.70963086599,65750.1216813026,84776.97181431565,77922.00534713722,109161.21211021455
2022-11-15,62022.72613333456,65025.70963086599,65750.1216813026,85120.3969062082,77992.15115645336,109603.41591270661
2022-11-16,62022.72613333456,65025.70963086599,65750.1216813026,85149.3047422261,77998.03715740223,109640.63845500394
2022-11-17,62022.72613333456,65025.70963086599,65750.1216813026,84845.19430731787,77936.13277773319,109249.05731003621
2022-11-18,62022.72613333456,65025.70963086599,65750.1216813026,84677.52885841411,77901.9078400696,109033.1665647118
2022-11-21,62022.72613333456,65025.70963086599,65750.1216813026,83994.37345742002,77762.24305714769,108153.51646591502
2022-11-22,62022.72613333456,65025.70963086599,65750.1216813026,84384.05108694121,77842.41299471068,108655.27633608281
2022-11-23,62022.72613333456,65025.70963086599,65750.1216813026,84490.66679965469,77864.26868961951,108792.55772489306
2022-11-24,62022.72613333456,65025.70963086599,65750.1216813026,,77864.26868961951,110084.02872603174
2022-11-25,62022.72613333456,65025.70963086599,65750.1216813026,85626.1665984375,78096.81209031142,110254.65918633151
2022-11-28,62022.72613333456,65025.70963086599,65750.1216813026,85857.42928658063,78143.68477840794,110552.43952471002
2022-11-29,62022.72613333456,65025.70963086599,65750.1216813026,86113.20943314645,78195.41809519679,110881.78923177441
2022-11-30,62022.72613333456,65025.70963086599,65750.1216813026,86762.12711585684,78522.78037305639,111717.3538820378
2022-12-01,62022.72613333456,65025.70963086599,65750.1216813026,87012.5864138556,78648.71064229374,112039.85231491063
2022-12-02,62022.72613333456,65025.70963086599,65750.1216813026,86474.20506911862,78378.36023576983,111346.61736075657
2022-12-05,62022.72613333456,65025.70963086599,65750.1216813026,86497.10549546406,78389.8915991414,111376.10459348273
2022-12-06,62022.72613333456,65025.70963086599,65750.1216813026,86227.44958760965,78254.12406703283,111028.88806611561
2022-12-07,62022.72613333456,65025.70963086599,65750.1216813026,85847.0224656142,78062.31874192094,110539.03940948298
2022-12-08,62022.72613333456,65025.70963086599,65750.1216813026,86072.9643051903,78176.45939837626,110829.96847366988
2022-12-09,62022.72613333456,65025.70963086599,65750.1216813026,85551.46694342751,77913.31820017367,110158.47381062635
2022-12-12,62022.72613333456,65025.70963086599,65750.1216813026,85554.01444647659,77914.60712161196,110161.75404716631
2022-12-13,62022.72613333456,65025.70963086599,66144.14860711627,86066.72201935017,78277.77192791102,110821.93073094255
2022-12-14,62022.72613333456,65025.70963086599,66330.05739082587,86308.6264046274,78448.89259515314,111133.41361770425
2022-12-15,62022.72613333456,65025.70963086599,65457.75516029361,85173.58732448112,77646.47774433398,109671.90539053369
2022-12-16,62022.72613333456,65025.70963086599,64939.13644149867,84498.76099373969,77167.99710364075,108802.98003673632
2022-12-19,62022.72613333456,65025.70963086599,65477.47907001498,85199.25206264576,77665.55660100994,109704.952028867
2022-12-20,62022.72613333456,65025.70963086599,65352.54014733076,85036.68161984015,77550.29363364309,109495.62175662251
2022-12-21,62022.72613333456,65025.70963086599,64690.66794272418,84175.45394897585,76939.42103082304,108386.6807972743
2022-12-22,62022.72613333456,65025.70963086599,64435.62480737592,83843.59199149042,76703.49468133834,107959.36601170113
2022-12-23,62022.72613333456,65025.70963086599,63296.199327832874,82360.97231802404,75648.5478680598,106050.30324158327
2022-12-26,62746.50857836509,66527.12490916337,64034.842737542924,,76040.89932696964,107287.87134865763
2022-12-27,63156.47259371268,66885.04103880792,64453.22428331526,83866.49241783586,77033.92826927584,107988.85324442729
2022-12-28,63122.33557051412,66835.41936566387,64418.386346327636,83821.1613174803,76992.29027259226,107930.48364528733
2022-12-29,63122.33557051412,66835.41936566387,64661.87700516186,84137.9912002364,77218.63752775823,108338.44270886586
2022-12-30,63122.33557051412,66835.41936566387,64357.24986304484,83741.61056623855,77044.89509280828,107828.0518617029
2023-01-02,63122.33557051412,66835.41936566387,64684.8014507444,,77126.83397315463,108376.85171969891
2023-01-03,63122.33557051412,66835.41936566387,64809.57375117121,84330.17410756285,77303.54315792973,108585.90282287619
2023-01-04,63122.33557051412,66835.41936566387,64135.61449030806,83453.21876716506,76919.60846234085,107456.71047410934
2023-01-05,63122.33557051412,66835.41936566387,63955.044561429764,83218.26129623089,76816.17841772255,107154.17262954345
2023-01-06,63122.33557051412,66835.41936566387,63483.34389328496,82604.48470167976,76545.59083487553,106363.85663226024
2023-01-09,63122.33557051412,66835.41936566387,64342.67041552112,83722.63979885181,77040.45052789089,107803.62456832029
2023-01-10,62470.060616004615,65943.9194461026,63677.78512509297,82857.4915027276,76244.35266634494,106689.63530167298
2023-01-11,62470.060616004615,66285.99992318722,63612.1984390184,82772.15015058352,76206.84682602431,106579.74737758464
2023-01-12,62470.060616004615,66285.99992318722,63478.90063308725,82598.70313447618,76130.57922805208,106356.41212380078
2023-01-13,62470.060616004615,66285.99992318722,63828.67546436941,83053.82991148162,76330.92573427859,106942.44615613857
2023-01-16,62470.060616004615,66285.99992318722,63609.17841060278,,76276.07564762166,106574.68743824112
2023-01-17,62470.060616004615,66285.99992318722,64172.4102388203,83501.0973705697,76527.5537809902,107518.36030978925
2023-01-18,62470.060616004615,66285.99992318722,64570.69991738615,84019.35163447922,76754.40024413016,108185.6790688688
2023-01-19,62470.060616004615,66285.99992318722,64570.69991738615,83753.39954311462,76689.13289712311,107843.23167973354
2023-01-20,62470.060616004615,66285.99992318722,64570.69991738615,83382.45780481251,76597.8886106302,107365.5966697922
2023-01-23,62470.060616004615,66285.99992318722,64570.69991738615,83802.8951785965,76701.64432245665,107906.9636513732
2023-01-24,62470.060616004615,66285.99992318722,64570.69991738615,83801.73886515577,76701.3600139731,107905.4747496813
2023-01-25,62470.060616004615,66285.99992318722,64570.69991738615,82754.8054489728,76443.94273835652,106557.41385220627
2023-01-27,62470.060616004615,66285.99992318722,64570.69991738615,81424.58427351322,76113.84518393992,104844.58367226204
2023-01-30,62470.060616004615,66285.99992318722,64570.69991738615,81630.86878459714,76165.64680207829,105110.20140768676
2023-01-31,62516.78736426662,66725.2016428909,64570.69991738615,81691.92755448619,76209.95747005565,105188.82239624536
2023-02-01,62354.49850268197,66492.06045033806,64570.69991738615,81619.95435522265,76085.128213913,104915.76015236117
2023-02-02,62333.613533529795,66748.58949028351,64570.69991738615,81133.06284608734,75970.10952950301,104880.6197460236
2023-02-03,63196.03624679175,68111.48295914823,64570.69991738615,78872.19167436338,76083.60512948556,106331.70566135093
2023-02-06,62879.41568995616,68111.48295914823,64570.69991738615,79011.90526733271,75901.78322495069,105798.96965676511
2023-02-07,62879.41568995616,68111.48295914823,64570.69991738615,79244.7664238757,75951.49324991644,105542.28533149174
2023-02-08,62879.41568995616,68111.48295914823,64570.69991738615,79486.09835979487,76002.8938287927,106436.81281516298
2023-02-09,62879.41568995616,68111.48295914823,64570.69991738615,79011.90526733271,75902.13533697411,106566.34726235762
2023-02-10,62879.41568995616,68111.48295914823,64570.69991738615,78867.95886880567,75871.40624344123,106346.2922451137
2023-02-13,62879.41568995616,68111.48295914823,64570.69991738615,78406.46936127743,75772.74948316337,105836.4946322186
2023-02-14,62879.41568995616,68111.48295914823,64570.69991738615,78495.3789510326,75791.84349734655,106783.13367510606
2023-02-15,62879.41568995616,68111.48295914823,64570.69991738615,77657.07672017357,75611.97028602914,107295.3158571171
2023-02-16,62879.41568995616,68111.48295914823,64570.69991738615,77987.31824584791,75683.42463802302,107414.42799246848
2023-02-17,62879.41568995616,68111.48295914823,64570.69991738615,77919.57785214212,75668.81592386197,106868.5943058118
2023-02-20,62879.41568995616,68111.48295914823,64570.69991738615,,75668.81592386197,106275.41819817072
2023-02-21,62879.41568995616,68111.48295914823,64570.69991738615,77606.27271695941,75601.20368041348,106168.81051062232
2023-02-22,62879.41568995616,66976.61014050026,63494.82358884889,77563.93432486069,75312.11235010701,104546.51253277183
2023-02-23,62879.41568995616,66986.07548166056,63503.7968731928,76971.19683547856,75186.582149484,104290.11900861016
2023-02-24,62716.21658546247,66831.75836810649,63357.5019520061,76581.68569547462,74955.12822976598,104019.44133384188
2023-02-27,62453.72341472807,67497.74683680928,63988.86893584994,76928.85844337984,75022.3377640617,103584.07717349693
2023-02-28,62135.039817470104,67434.0274945546,63928.462050712405,77432.68634300679,74903.10991994817,103055.5170728751
2023-03-01,62662.712246477415,67434.0274945546,64609.66890067372,77432.68634300679,75433.86736070196,103930.7004665962
2023-03-02,62662.712246477415,67434.0274945546,64609.66890067372,77432.68634300679,75433.86736070196,103162.42719357967
2023-03-03,62662.712246477415,67434.0274945546,64609.66890067372,77432.68634300679,75433.86736070196,104785.02760458633
2023-03-06,62662.712246477415,67434.0274945546,64609.66890067372,77432.68634300679,75433.86736070196,105482.4268306599
2023-03-08,62662.712246477415,67434.0274945546,64609.66890067372,77432.68634300679,75433.86736070196,105738.2271205537
2023-03-09,62662.712246477415,67434.0274945546,64609.66890067372,77432.68634300679,75433.86736070196,104756.73847244038
2023-03-10,62662.712246477415,67434.0274945546,64609.66890067372,77432.68634300679,75433.86736070196,103704.38740942853
2023-03-13,62662.712246477415,67434.0274945546,64609.66890067372,77432.68634300679,75433.86736070196,102164.26982574383
2023-03-14,62662.712246477415,67434.0274945546,64609.66890067372,77432.68634300679,75433.86736070196,101503.19747454357
2023-03-15,62662.712246477415,66818.23099679495,64609.66890067372,77432.68634300679,75433.86736070196,101079.45372662206
2023-03-16,62662.712246477415,66818.23099679495,64609.66890067372,77432.68634300679,75433.86736070196,101159.55198482808
2023-03-17,62662.712246477415,66818.23099679495,64609.66890067372,77432.68634300679,75433.86736070196,101841.17815860316
2023-03-20,62662.712246477415,66818.23099679495,64609.66890067372,77432.68634300679,75433.86736070196,101176.23233659507
2023-03-21,62662.712246477415,66818.23099679495,64609.66890067372,77432.68634300679,75433.86736070196,101885.54277620376
2023-03-22,62662.712246477415,66818.23099679495,64609.66890067372,77432.68634300679,75433.86736070196,102149.97404309276
2023-03-23,62662.712246477415,66818.23099679495,64609.66890067372,77432.68634300679,75433.86736070196,101703.30353552502
2023-03-24,62662.712246477415,66818.23099679495,64609.66890067372,77432.68634300679,75433.86736070196,100918.05910962982
2023-03-27,62662.712246477415,66818.23099679495,64609.66890067372,77432.68634300679,75433.86736070196,101160.14521909595
2023-03-28,62662.712246477415,66818.23099679495,64609.66890067372,77432.68634300679,75433.86736070196,100957.65458899857
2023-03-29,62662.712246477415,66818.23099679495,64609.66890067372,77432.68634300679,75433.86736070196,101725.9278620151
2023-03-31,62662.712246477415,66818.23099679495,64609.66890067372,77432.68634300679,75433.86736070196,103387.84458332331
2023-04-03,62662.712246477415,66818.23099679495,64609.66890067372,77603.52592198824,75489.34389027226,103615.94897533901
2023-04-05,62662.712246477415,66818.23099679495,64609.66890067372,78312.74103905722,75719.30845794074,104562.89045138266
2023-04-06,62662.712246477415,66818.23099679495,64609.66890067372,78500.52518617324,75779.83026478143,104813.61916988845
2023-04-10,62662.712246477415,66818.23099679495,64609.66890067372,78611.59269216175,75815.5696297168,104961.91610480985
2023-04-11,62662.712246477415,66818.23099679495,64609.66890067372,79049.83410884117,75956.45437501128,105547.05446972359
2023-04-12,62662.712246477415,66818.23099679495,64609.66890067372,79451.72093280821,76085.1744351805,106083.65231307276
2023-04-13,62662.712246477415,66818.23099679495,64609.66890067372,79521.30256041273,76107.38553483371,106176.55745223795
2023-04-17,62662.712246477415,66818.23099679495,64609.66890067372,78980.91458261361,75934.98931377709,105455.03336593795
2023-04-18,62662.712246477415,66818.23099679495,64609.66890067372,78772.6140046714,75868.2335148448,105176.91118271022
2023-04-19,62662.712246477415,66818.23099679495,64458.20555118493,78587.94870351537,75749.66244064411,104930.34673612393
2023-04-20,62662.712246477415,66818.23099679495,64479.05614578833,78613.36991164733,75765.9978369875,104964.28904188129
2023-04-21,62662.712246477415,66818.23099679495,64477.59846199838,78611.59269216175,75764.85593786057,104961.91610480985
2023-04-24,62662.712246477415,66818.23099679495,64914.23906666938,79143.94833483489,76106.90768191466,105672.71544611044
2023-04-25,62662.712246477415,66818.23099679495,65008.809875297215,79259.24980489197,76180.82563792479,105826.66555464322
2023-04-26,62662.712246477415,66818.23099679495,65171.06294303519,79457.0700149854,76307.58356182542,106090.79438837606
2023-04-27,62662.712246477415,66818.23099679495,65542.22210529854,79909.59017057101,76597.30579446624,106694.9976741727
2023-04-28,62662.712246477415,66818.23099679495,66090.81139593647,80578.4345273646,77095.95506563778,107588.03625615206
2023-05-02,62662.712246477415,66818.23099679495,66393.18789073842,81558.28681680995,77500.24877653636,108080.2694819006
2023-05-03,62662.712246477415,66818.23099679495,66181.72370407186,82137.28572447099,77485.37963022366,107736.03075791727
2023-05-04,62662.712246477415,66818.23099679495,66788.85614809762,82922.78575776331,78044.9541046449,108724.37068022219
2023-05-05,62662.712246477415,66818.23099679495,66105.44539790624,81683.8037168915,77342.16082793943,107611.85868322232
2023-05-08,62662.712246477415,66818.23099679495,66820.31782323086,82044.16251460936,77882.64398240425,108775.5865720144
2023-05-09,62662.712246477415,66818.23099679495,66825.98421168888,82445.0060112273,77970.87125874688,108784.81078327744
2023-05-10,62662.712246477415,66818.23099679495,67005.80093999408,82214.21703180588,78038.92671423583,109077.5311823124
2023-05-11,62662.712246477415,66818.23099679495,66939.58351018265,81574.47871933672,77861.13766128049,108969.73702622828
2023-05-12,62662.712246477415,66818.23099679495,67004.70767715161,81566.38276807334,77901.50352767136,109075.7514795088
2023-05-15,62662.712246477415,66818.23099679495,67312.20035623596,81708.09651326483,78130.19127019605,109576.3132490964
2023-05-16,62662.712246477415,66818.23099679495,66901.16925501204,80509.6041138763,77610.47231052676,108907.2031551688
2023-05-17,62662.712246477415,66818.23099679495,66517.9413284289,80197.8309089051,77296.69884899537,108283.35334626584
2023-05-18,62662.712246477415,66818.23099679495,66328.42814471698,79217.98356204294,76964.48601041893,107974.84826288793
2023-05-19,62662.712246477415,66818.23099679495,66597.149293192,80116.85162593854,77331.7810313064,108412.29455919264
2023-05-22,63044.814541109205,66818.23099679495,67003.24284785287,79958.94597822029,77664.67243179424,109073.36691039288
2023-05-23,63160.47659373009,66818.23099679495,67126.16703529713,79861.76985014377,77754.51797475813,109273.47297137436
2023-05-24,63160.47659373009,66818.23099679495,66897.1463335721,79473.07028042088,77523.04033420455,108900.65431413337
2023-05-25,63160.47659373009,66818.23099679495,67027.93772617684,78675.4213776503,77434.33777996087,109113.56725607399
2023-05-26,63160.47659373009,66818.23099679495,67679.87965572622,78715.9110191336,77861.61518389986,110174.85172923718
2023-05-29,63160.47659373009,66818.23099679495,68043.17161282907,,78093.80710717189,110766.24813407467
2023-05-30,63160.47659373009,66818.23099679495,68171.94797195947,79278.71802426786,78299.99682756269,110975.88083947534
2023-05-31,63160.47659373009,66818.23099679495,67808.11295618977,79517.60789753587,78139.73007729874,110383.6003992583
2023-06-01,63160.47659373009,66818.23099679495,67637.44247911566,79317.46506087513,77984.71445042672,110105.76901714226
2023-06-02,63160.47659373009,66818.23099679495,67807.01254783853,79516.31746434157,78138.81292338106,110381.80906441023
2023-06-05,63160.47659373009,66818.23099679495,67807.01254783853,79772.6611804448,78203.96485093771,110737.65656877255
2023-06-06,63160.47659373009,66818.23099679495,67807.01254783853,79794.75775403803,78209.56750322084,110768.33027003444
2023-06-07,63160.47659373009,66818.23099679495,67807.01254783853,80341.34000618555,78348.12661557383,111527.07689863173
2023-06-08,63160.47659373009,66818.23099679495,67807.01254783853,79947.28025405473,78248.73593410123,110980.05674343932
2023-06-09,63160.47659373009,66818.23099679495,67807.01254783853,79642.02576811316,78171.46258515827,110556.31299551783
2023-06-12,63160.47659373009,66818.23099679495,67807.01254783853,79805.48343253607,78212.95849311925,110783.21928695333
2023-06-13,63160.47659373009,66818.23099679495,67807.01254783853,80297.36472434357,78337.6395081197,111466.03192926414
2023-06-14,63160.47659373009,66818.23099679495,67807.01254783853,80467.90301246246,78380.67087394635,111702.76729827504
2023-06-15,63160.47659373009,66818.23099679495,67807.01254783853,80177.019259821,78307.38845438948,111298.97250661602
2023-06-16,63160.47659373009,66818.23099679495,67807.01254783853,80768.6493616603,78456.83887432198,112120.25300627282
2023-06-19,63160.47659373009,66818.23099679495,67807.01254783853,,78456.83887432198,111700.08029600295
2023-06-20,63160.47659373009,66818.23099679495,67807.01254783853,80728.74648587304,78446.81383177087,112064.86121051662
2023-06-21,63160.47659373009,66818.23099679495,67807.01254783853,80901.00255843888,78490.10663268031,112303.98114864346
2023-06-22,63160.47659373009,66818.23099679495,67807.01254783853,80533.75700255316,78397.9531808222,111794.18353574835
2023-06-23,63160.47659373009,66818.23099679495,67807.01254783853,80080.06080208595,78283.72166243555,111164.37812007782
2023-06-26,63160.47659373009,66818.23099679495,67807.01254783853,80190.3174252713,78311.59864736072,111317.43256118658
2023-06-27,63160.47659373009,66818.23099679495,67807.01254783853,80731.7547035143,78448.35463617498,112069.0371144806
2023-06-28,63160.47659373009,66818.23099679495,67807.01254783853,81395.45633719864,78615.1586039114,112990.36482860589
2023-06-30,63160.47659373009,66818.23099679495,67807.01254783853,82326.23574492059,78894.8492372557,114282.44069605689
2023-07-03,63160.47659373009,66818.23099679495,67807.01254783853,82898.98697671606,79065.61525366275,115077.51419952748
2023-07-04,63160.47659373009,66818.23099679495,67807.01254783853,,79065.61525366275,115473.25961641473
2023-07-05,63160.47659373009,66818.23099679495,67807.01254783853,83224.82973771206,79162.30302093715,115529.83788070663
2023-07-06,63160.47659373009,66818.23099679495,67807.01254783853,83648.71190372924,79287.7429134495,116118.25648216034
2023-07-07,63160.47659373009,66818.23099679495,67807.01254783853,82938.67198715881,79078.35356534149,115132.60356212751
2023-07-10,63160.47659373009,66818.23099679495,67807.01254783853,83042.06585199268,79109.02402848352,115276.13135881705
2023-07-11,63160.47659373009,66818.23099679495,67807.01254783853,83400.3035138273,79215.19948742878,115773.42452390915
2023-07-12,63160.47659373009,66818.23099679495,67807.01254783853,83163.91123561772,79145.34421374551,115445.27291742493
2023-07-13,63160.47659373009,66818.23099679495,67845.90114301753,83290.25637655013,79200.75518604947,115620.66088391207
2023-07-14,63160.47659373009,67048.98663125584,68080.20581900603,83937.01478998209,79500.57071879899,116518.46860412325
2023-07-17,63160.47659373009,67992.12899409563,69037.85379259707,84567.4668203225,80129.86180846035,117393.64036579989
2023-07-18,63160.47659373009,67992.12899409563,68978.76733687651,84729.64243098744,80150.47133366871,117618.7669544318
2023-07-19,63160.47659373009,67992.12899409563,69371.3499006282,85089.59787726901,80437.3219082385,118118.44468863984
2023-07-20,63160.47659373009,67992.12899409563,70157.57713654432,85715.97750155472,80983.10198696505,118987.96327670505
2023-07-21,63160.47659373009,67992.12899409563,69987.90680100211,84711.40877754077,80610.1455065668,117593.45562566965
2023-07-24,63160.47659373009,67992.12899409563,69756.79438381836,84399.71888450038,80412.29786505231,117160.77846759679
2023-07-25,63160.47659373009,67992.12899409563,69638.23579055139,84435.11362354392,80368.586919178,117209.91222342924
2023-07-26,63160.47659373009,67992.12899409563,69968.39130061398,84854.27816690924,80643.8311065015,117791.78198384753
2023-07-27,63160.47659373009,67992.12899409563,69386.53983100023,84346.30835735466,80227.66435939322,117086.63581615832
2023-07-28,63160.47659373009,67992.12899409563,69065.72968825637,84286.88977436276,80062.96876428764,117004.15298883637
2023-07-31,63160.47659373009,67992.12899409563,69343.70541406443,84749.16651762842,80293.47456295298,117645.86961804204
2023-08-01,63160.47659373009,67992.12899409563,69254.69004865774,84662.28852179427,80233.90214969231,117525.26858099875
2023-08-02,63160.47659373009,67992.12899409563,68348.15381734194,83774.20234215634,79626.1725306926,116292.45798011177
2023-08-03,63160.47659373009,67992.12899409563,67615.61942515102,83152.54034052251,79154.99378943737,115429.48823308197
2023-08-04,63160.47659373009,67992.12899409563,68171.64801313232,83733.2268985193,79539.23361121534,116235.57728266367
2023-08-07,63420.34417658601,67928.49928748677,68107.85030556981,84077.73904365094,79712.43031573501,116713.81715891733
2023-08-08,63334.74348887336,68120.82646708882,68300.68528492936,83964.25633747986,79732.66209016708,116556.28438068843
2023-08-09,63334.74348887336,68120.82646708882,68173.46961806365,84228.97111047334,79736.91219765658,116923.75229747419
2023-08-10,63334.74348887336,68120.82646708882,67658.68525118232,83845.20130615159,79417.5297024657,116391.01629288837
2023-08-11,63334.74348887336,68120.82646708882,67138.12752404631,83352.68317718327,79069.59332282958,115707.31961519801
2023-08-14,63334.74348887336,68120.82646708882,66973.84486693292,83379.49737342837,79001.58281067759,115744.54215749532
2023-08-16,63334.74348887336,67897.49449398115,66754.273236692,83510.13278575998,78932.38617419369,115925.88573075004
2023-08-17,63334.74348887336,67812.44668517064,66670.65741684723,83082.1782136881,78795.97608760186,115331.81395568492
2023-08-18,63334.74348887336,67750.1816948571,66609.44081073465,82845.78593547849,78713.6381497456,115003.66234920072
2023-08-21,63334.74348887336,67983.39929887817,66838.73162298706,83203.80573196863,78900.38382880703,115500.65308113667
2023-08-22,63344.04961473159,67969.88048737268,66825.44043391154,83216.03132956914,78901.51335505351,115517.62423401533
2023-08-23,63499.33881291163,68720.44610919499,67563.36843809787,83420.03708637643,79354.91579062048,115800.81798863107
2023-08-24,63499.33881291163,68720.44610919499,67589.41679525925,83174.20118342676,79309.7078391466,115459.55706803153
2023-08-25,63499.33881291163,68720.44610919499,67187.26338865988,82655.51407481049,79008.2987124518,114739.53351546789
2023-08-28,63499.33881291163,68720.44610919499,67587.06116933828,82828.19749862897,79228.80087695848,114979.24668786257
2023-08-29,63499.33881291163,68720.44610919499,67587.97493858723,82985.21975595305,79265.78364278282,115197.21956914675
2023-08-30,63499.33881291163,68720.44610919499,67587.97493858723,83005.8080310075,79270.57200450634,115225.79950240439
2023-08-31,63499.33881291163,68720.44610919499,67587.97493858723,82604.03081801989,79112.41596206922,114668.06623425704
2023-09-01,63499.33881291163,68720.44610919499,67587.97493858723,83382.7150769778,79419.81448731897,115749.008862571
2023-09-04,63499.33881291163,68720.44610919499,67587.97493858723,,79419.81448731897,116305.8580953388
2023-09-05,63499.33881291163,68720.44610919499,67587.97493858723,83981.63528842122,79654.95030106313,116580.40924091489
2023-09-06,63499.33881291163,68720.44610919499,67587.97493858723,84136.73027539017,79715.5852730752,116795.70675197142
2023-09-07,63499.33881291163,68720.44610919499,67587.97493858723,84634.40175769936,79909.94099938378,117486.55713700956
2023-09-08,63499.33881291163,68720.44610919499,67587.97493858723,85032.96126713757,80065.05251224824,118039.82370008124
2023-09-11,63499.33881291163,68720.44610919499,67587.97493858723,85789.7668178467,80358.77484902272,119090.39506028946
2023-09-12,63499.33881291163,68720.44610919499,67587.97493858723,85776.2507870519,80353.55636967767,119071.63257256272
2023-09-13,63499.33881291163,68720.44610919499,67587.97493858723,86105.74698228632,80480.78516767379,119529.02782512989
2023-09-14,63499.33881291163,68720.44610919499,67587.97493858723,86247.75328971315,80535.49491102483,119726.15608272757
2023-09-15,63499.33881291163,68720.44610919499,67587.97493858723,86630.66001209326,80682.87184216516,120257.69398673318
2023-09-18,63499.33881291163,68720.44610919499,67587.97493858723,86377.32451363129,80585.61889949013,119906.02238633485
2023-09-20,63499.33881291163,68720.44610919499,67587.97493858723,85382.4089002656,80203.0223747194,118524.91485052647
2023-09-21,63499.33881291163,68720.44610919499,67587.97493858723,84700.03788244558,79938.81807521557,117577.6709413267
2023-09-22,63499.33881291163,68720.44610919499,67587.97493858723,84407.87207604617,79825.15995161657,117172.09644686406
2023-09-25,63500.30959505084,68957.7460814128,67587.97493858723,84409.16250924046,79826.17536753247,117173.88778171211
2023-09-26,63468.5133281017,68739.1595740528,67587.97493858723,84366.8966324091,79792.91728487288,117115.21574941599
2023-09-27,63635.538286286544,68683.86158625754,67587.97493858723,84588.9181773186,79967.63582178779,117423.41839963773
2023-09-28,63012.95174604772,68241.22496186201,67587.97493858723,83761.3315279587,79316.65850388426,116274.59115980905
2023-09-29,63383.311435935844,68678.08508263584,67587.97493858723,84253.64017101884,79692.23180354663,116957.99703638772
2023-10-03,63383.311435935844,68392.34070348227,67587.97493858723,83783.63758746008,79476.21200201157,116305.55566218264
2023-10-04,63383.311435935844,67722.26628336475,67587.97493858723,83386.14226643536,79292.99069785856,115753.76636875838
2023-10-05,63383.311435935844,67722.26628336475,67587.97493858723,83856.57220124677,79510.36182987939,116406.80097723132
2023-10-06,63383.311435935844,67722.26628336475,67587.97493858723,84318.84894451241,79723.3496019121,117048.517606437
2023-10-09,63383.311435935844,67722.26628336475,67587.97493858723,83713.27546062565,79445.12615914702,116207.88138478559
2023-10-10,63383.311435935844,67722.26628336475,67587.97493858723,84474.79863398669,79796.29991239219,117265.00158602926
2023-10-11,63383.311435935844,67722.26628336475,67587.97493858723,84996.06660899155,80035.5668188102,117988.60780828902
2023-10-12,63383.311435935844,67722.26628336475,67587.97493858723,84921.63207610241,80001.50838556282,117885.28035728056
2023-10-13,63383.311435935844,67722.26628336475,67587.97493858723,84737.36827128057,79917.15823162535,117629.49169943122
2023-10-16,63383.311435935844,67722.26628336475,67587.97493858723,84654.56268150115,79879.21007215005,117514.54383599933
2023-10-17,63383.311435935844,67722.26628336475,67587.97493858723,84996.7118255887,80036.08908591956,117989.50347571305
2023-10-18,63383.311435935844,67722.26628336475,67587.97493858723,84394.35604525136,79760.4741061973,117153.33395913732
2023-10-19,63383.311435935844,67722.26628336475,67587.97493858723,84195.28577644042,79669.05294619342,116876.99147871317
2023-10-20,63383.311435935844,67722.26628336475,67539.39504374868,83843.27403579646,79496.0681573621,116388.34092266075
2023-10-23,63383.311435935844,67722.26628336475,66656.05072316813,82723.94055185346,78778.2714390297,114834.52079059284
2023-10-25,62858.67276226414,67221.30930230739,66162.98078070983,82039.2149124257,78139.67976107856,113884.00827689756
2023-10-26,61987.88748818448,67221.30930230739,65310.530642413876,80902.72034288583,77071.92231761855,112306.36571775939
2023-10-27,62612.458866447756,67221.30930230739,66085.74532499832,81717.87190873707,77875.3502721959,113437.93100359767
2023-10-30,62920.308095645385,67221.30930230739,66482.96486011463,82119.65750116101,78274.80144581264,113995.6759037895
2023-10-31,62718.79907757208,67221.30930230739,66184.52826604934,81856.66051261447,77990.55610052278,113630.59255611966
2023-11-01,62718.79907757208,67221.30930230739,65960.54544448595,81592.7704026248,77818.76826106544,113091.91257681075
2023-11-02,62718.79907757208,67221.30930230739,66449.05970186128,81873.15490283413,78100.01949317494,113950.1131856087
2023-11-03,62718.79907757208,67221.30930230739,66914.09558750429,82116.43331677574,78359.56637490193,114529.88917802274
2023-11-06,62718.79907757208,67221.30930230739,67379.28232364674,81708.22106739998,78411.30614152727,115608.74967037693
2023-11-07,62718.79907757208,67221.30930230739,67562.33035368302,81097.96889632236,78287.10278744623,115578.66920338293
2023-11-08,62718.79907757208,67221.30930230739,67439.91215638026,80467.09496243426,78036.81662301502,115797.84018524727
2023-11-09,62718.79907757208,67221.30930230739,67478.4574759963,80990.7578765852,78220.96634323012,115510.78459186821
2023-11-10,62718.79907757208,67221.30930230739,67689.31027008872,79687.78158333169,77882.96780196893,115689.74359600699
2023-11-13,62718.79907757208,67221.30930230739,67799.21390995823,80219.69420928306,78098.40784350559,115798.14261840345
2023-11-15,62718.79907757208,67221.30930230739,67799.21390995823,80821.70170194145,78293.77062048079,117179.23852216736
2023-11-16,62718.79907757208,67221.30930230739,67799.21390995823,81803.06003612709,78610.65846411377,117713.75422955677
2023-11-17,62718.79907757208,67221.30930230739,67799.21390995823,81708.22106739998,78580.27918581455,117514.84626915552
2023-11-20,62718.79907757208,67221.30930230739,67799.21390995823,81547.40957117545,78528.72740761103,117289.71968052357
2023-11-21,62718.79907757208,67221.30930230739,67961.30254945222,82438.05630922482,78877.19976335812,117822.15325195322
2023-11-22,62718.79907757208,67221.30930230739,67588.67185673134,82112.31097756613,78629.14731124617,117991.5856116728
2023-11-23,62718.79907757208,67221.30930230739,67787.626167296,,78706.29834540543,117932.92521142114
2023-11-24,62718.79907757208,67221.30930230739,68085.67481836179,82557.62931320959,78963.9324905046,117889.44462920008
2023-11-28,62718.79907757208,67221.30930230739,68259.66109819802,84103.88402040472,79524.17633435986,118455.22727211923
2023-11-29,62718.79907757208,67221.30930230739,69326.00078582768,84409.01262263414,80034.45142804008,119687.44463873835
2023-11-30,62718.79907757208,67221.30930230739,69194.24566042381,84037.9114929073,79854.93339945542,119905.12671891083
2023-12-01,62718.79907757208,67221.30930230739,69711.39197125474,85394.49329602941,80532.627551444,120707.64473084088
2023-12-04,62718.79907757208,67221.30930230739,72227.05019117713,83460.6430688878,81472.18731533515,123202.45073218485
2023-12-05,62718.79907757208,67221.30930230739,73130.60245042651,83229.73670595622,81922.38547743463,124204.77237194021
2023-12-06,62718.79907757208,67221.30930230739,73130.60245042651,83724.53821225866,82064.29744065947,124696.70316453259
2023-12-07,62718.79907757208,67221.30930230739,73130.60245042651,83699.79914361979,82057.23184522966,124479.03271640459
2023-12-08,62718.79907757208,67221.30930230739,73130.60245042651,82396.82285036627,81685.01768898452,124885.50287829123
2023-12-11,62718.79907757208,67221.30930230739,73130.60245042651,81559.78162218549,81443.22524952087,125050.46853293515
2023-12-12,62718.79907757208,67221.30930230739,73130.60245042651,81551.53694376627,81440.82632515063,124510.29965193434
2023-12-13,62718.79907757208,67221.30930230739,73130.60245042651,81737.08750862967,81494.81917213392,124629.10935412957
2023-12-14,62718.79907757208,67221.30930230739,73130.60245042651,83712.16616124862,82068.61734725724,126155.82682258723
2023-12-15,62718.79907757208,67221.30930230739,73130.60245042651,83336.94269231216,81961.43026310702,127787.37227578973
2023-12-18,62718.79907757208,67221.30930230739,73130.60245042651,83551.3596984053,82022.87647556911,127561.05921862206
2023-12-19,62718.79907757208,67221.30930230739,73130.60245042651,84050.28354391735,82165.59477449403,127766.22521894707
2023-12-20,62718.79907757208,67221.30930230739,73130.60245042651,83889.4720476928,82119.78777562168,125961.97880152953
2023-12-21,62718.79907757208,67221.30930230739,73130.60245042651,84079.14495176583,82173.88930930784,126586.72427785651
2023-12-22,62718.79907757208,67221.30930230739,73130.60245042651,84821.35224460071,82385.25510046468,127148.63344996785
2023-12-26,62718.79907757208,67221.30930230739,73130.60245042651,84866.70300928764,82398.09001080741,127696.2468394281
2023-12-27,62718.79907757208,67221.30930230739,73130.60245042651,85843.93397088248,82674.55552027292,128967.17565003646
2023-12-28,62718.79907757208,67221.30930230739,73130.60245042651,85514.0663000142,82581.98644254907,129705.36845605896
2023-12-29,62718.79907757208,67221.30930230739,73130.60245042651,85039.88152314101,82480.2250923491,129423.67523517959
2024-01-01,62718.79907757208,67221.30930230739,73130.60245042651,,82480.2250923491,129486.20910623907
2024-01-02,62718.79907757208,67221.30930230739,73130.60245042651,84783.17542464122,82424.89634173464,129032.98975763588
2024-01-03,62718.79907757208,67221.30930230739,73130.60245042651,84202.25243572662,82299.39314712086,128148.87295376345
2024-01-04,62718.79907757208,67221.30930230739,73130.60245042651,84754.99561146443,82419.44912771398,128990.10240968269
2024-01-05,62718.79907757208,67169.91047438393,73130.60245042651,84959.27059567273,82463.592659176,129300.99206217653
2024-01-08,62718.79907757208,67169.91047438393,73130.60245042651,84185.23143113083,82296.63671031172,128122.96839073341
2024-01-09,62718.79907757208,67169.91047438393,73130.60245042651,84309.866151357,82323.71197469553,128312.65213987161
2024-01-10,62718.79907757208,67169.91047438393,73130.60245042651,84598.8563645459,82386.41913963913,128752.47137324777
2024-01-11,62718.79907757208,67279.82547569877,73250.27136479196,84710.38330619919,82485.4519122337,128922.2061661235
2024-01-12,62718.79907757208,67664.81052390294,73669.42018173603,85678.32587738472,82957.11949042925,130395.33480571752
2024-01-15,62718.79907757208,67664.81052390294,74361.95577003164,,83390.36692808826,131603.7181132219
2024-01-16,62718.79907757208,67664.81052390294,74310.69235757235,86217.37276204229,83475.01885472066,131215.7196379503
2024-01-17,62718.79907757208,67664.81052390294,71128.808114202,84415.91304797427,81101.71197838953,128474.04675686387
2024-01-18,62718.79907757208,67664.81052390294,70586.9805649354,83986.63521046752,80666.84177014789,127820.72134727922
2024-01-19,62718.79907757208,67664.81052390294,70586.9805649354,84613.33988664247,80800.60455229355,128774.51409751446
2024-01-23,62718.79907757208,66648.97898578439,69527.27936303677,83112.22791285333,79808.14698876033,126489.9456678835
2024-01-24,62718.79907757208,66748.69346901268,69527.27936303677,83954.15237726942,79987.80348214663,127771.28515829062
2024-01-25,62718.79907757208,66428.51518518235,69193.77283535943,83557.54844845015,79690.67573027112,127167.68673880627
2024-01-29,62718.79907757208,67281.63762541437,70082.40868948928,85064.1404672753,80578.56049995965,129460.59534432073
2024-01-30,62718.79907757208,67171.18305777363,69967.35616662833,84220.84025933551,80327.55138912298,128177.1620859094
2024-01-31,62718.79907757208,67171.18305777363,70937.49508818857,85017.5715489986,81112.43496379185,129389.72129737776
2024-02-01,62718.79907757208,67171.18305777363,71233.36766936301,84907.02291385105,81250.13212401752,129221.4754061939
2024-02-02,62718.79907757208,67171.18305777363,70897.6261178098,85518.86191695063,81233.84935599564,130152.64382993906
2024-02-05,62718.79907757208,67171.18305777363,70673.38876280248,85197.57994605304,81013.89374021368,129663.67920868598
2024-02-06,62718.79907757208,67171.18305777363,70465.57371260817,85814.70027567966,81070.42928058203,130602.88537515845
2024-02-07,62718.79907757208,67171.18305777363,70662.51485957889,85819.00329570095,81185.02201188014,130609.43421619388
2024-02-08,62718.79907757208,67171.18305777363,69418.70901184816,84987.24404732096,80234.33301933791,129343.56534492908
2024-02-09,62718.79907757208,67171.18305777363,70378.82345974412,85239.84584430844,80861.01884258997,129728.00441459351
2024-02-12,62718.79907757208,67171.18305777363,69218.60509524176,84588.49243000081,80008.96448353872,128736.69832094928
2024-02-13,62718.79907757208,67171.18305777363,70175.01458442165,85086.25172290874,80703.12693944619,129494.2468489664
2024-02-14,62718.79907757208,67171.18305777363,70801.00802368247,85465.05505913545,81170.94997037628,130070.75423688497
2024-02-15,62718.79907757208,67171.18305777363,71280.02002756989,85741.71708174824,81524.4320946038,130491.81098253437
2024-02-16,62718.79907757208,67171.18305777363,71535.9573708113,86250.23774621918,81815.70056282065,131265.7374291623
2024-02-19,62718.79907757208,67171.18305777363,71768.29141608595,,81948.66079056765,131751.42181387544
2024-02-20,62718.79907757208,67171.18305777363,72629.93227833496,86861.67931230082,82614.94158080043,132196.3009865951
2024-02-21,62718.79907757208,67171.18305777363,72515.03638787504,86306.39865406377,82391.38503724852,131351.2096919125
2024-02-22,62718.79907757208,67171.18305777363,72360.97034851773,86941.90044577072,82485.47725083873,132318.3909253303
2024-02-23,62718.79907757208,67171.18305777363,72194.33154681826,86923.31262216184,82385.14738706753,132290.10179318435
2024-02-26,62718.79907757208,67171.18305777363,71831.52271150684,86568.5847975996,82077.29521281348,131750.2353453397
2024-02-27,62718.79907757208,67171.18305777363,71849.33663495955,86867.15935733682,82172.25643385788,132204.6411624786
2024-02-28,62718.79907757208,67171.18305777363,70885.59554454804,85899.81294167823,81346.70136343542,130732.41982235308
2024-02-29,62718.79907757208,67171.18305777363,71128.88180924676,86023.66807390763,81513.87377976354,130920.91710295557
2024-03-01,62718.79907757208,68869.36332092484,72927.1181619486,87416.57781955904,82926.13894093948,133040.81067905432
2024-03-04,62718.79907757208,69115.79334437124,73188.06774202215,87678.1754505875,83152.30603755539,133438.94066505748
2024-03-05,62718.79907757208,69115.79334437124,73380.68944931902,87485.25799346916,83175.40691023976,133145.33623064298
2024-03-06,62718.79907757208,69115.79334437124,73973.51898982869,87946.04035766829,83638.93030653804,133846.60892752433
2024-03-07,62718.79907757208,69115.79334437124,73973.51898982869,88022.34826511529,83667.42530617358,133962.74325949195
2024-03-11,62718.79907757208,69115.79334437124,73973.51898982869,87392.70866942313,83432.42825211668,133004.48380418104
2024-03-12,62718.79907757208,69115.79334437124,73973.51898982869,87404.6394229813,83436.90058880561,133022.64142559544
2024-03-13,62718.79907757208,69115.79334437124,73973.51898982869,86081.96902723351,82941.12830574952,131009.64633815679
2024-03-14,62718.79907757208,69115.79334437124,73973.51898982869,86664.84862915956,83161.64604750519,131896.740945413
2024-03-15,62718.79907757208,69115.79334437124,73973.51898982869,86182.3448033254,82979.84859728653,131162.40997815385
2024-03-18,62718.79907757208,69088.79156982186,73973.51898982869,86308.93613656302,83027.70777563793,131355.07153067584
2024-03-19,62718.79907757208,68805.3250864033,73973.51898982869,85376.61003660175,82675.54612620668,129936.1482183023
2024-03-20,62718.79907757208,68695.70135835613,73973.51898982869,85461.33290860192,82707.76020877533,130065.08943122908
2024-03-21,62718.79907757208,69250.4777322738,73973.51898982869,86137.73249806016,82964.7920135269,131094.51373459466
2024-03-22,62718.79907757208,69515.77885877983,73973.51898982869,86469.57712201182,83090.29154726517,131599.5538413024
2024-03-26,62718.79907757208,69515.77885877983,73973.51898982869,86109.36160939396,82954.38002027338,131051.3355855298
2024-03-27,62718.79907757208,69515.77885877983,73973.51898982869,86574.84443063235,83130.45576852691,131759.7619897589
2024-03-28,62718.79907757208,69515.77885877983,73973.51898982869,87370.20761979134,83519.77132900122,132970.23906526752
2024-04-01,62718.79907757208,69515.77885877983,73973.51898982869,87898.88292688424,83777.39323467601,133774.83921315733
2024-04-02,62718.79907757208,69515.77885877983,73973.51898982869,87864.84091769265,83760.8535774365,133723.03008709726
2024-04-03,62718.79907757208,69515.77885877983,73973.51898982869,87791.85772376123,83725.38721351801,133611.9556944732
2024-04-04,62718.79907757208,69515.77885877983,73973.51898982869,88104.91580559502,83877.58056435619,134088.40423587878
2024-04-05,62718.79907757208,69515.77885877983,73973.51898982869,88101.1936550615,83875.77419099165,134082.73943022292
2024-04-08,62718.79907757208,69515.77885877983,73973.51898982869,88698.35806057513,84165.58627907353,134991.57432858966
2024-04-09,62718.79907757208,69515.77885877983,73973.51898982869,88606.19853052749,84121.0076141911,134851.3151363956
2024-04-10,62718.79907757208,69515.77885877983,73973.51898982869,89040.76533758086,84331.3199496552,135512.68992075205
2024-04-12,62718.79907757208,69515.77885877983,73973.51898982869,88123.5036292039,83888.46539968494,134116.69336802475
2024-04-15,62718.79907757208,69515.77885877983,73973.51898982869,87157.32659554045,83419.614193612,132646.25173070282
2024-04-16,62718.79907757208,69515.77885877983,73973.51898982869,86669.74016168821,83181.72006498733,131904.1854538725
2024-04-18,62718.79907757208,69515.77885877983,73973.51898982869,86074.73108769502,82890.61361754901,130998.63079204567
2024-04-19,63149.78815726034,70261.1574400709,73973.51898982869,86666.21672966366,83297.12223443709,131898.82308137277
2024-04-22,63689.84299741346,70779.1719874985,73973.51898982869,87407.3832670091,83805.50618466406,133026.81732955945
2024-04-23,63779.94588439063,70846.44488082477,73973.51898982869,87531.03968072953,83890.11915684718,133215.01217700576
2024-04-24,63779.94588439063,70846.44488082477,73973.51898982869,87665.65618452198,83955.8871916015,133419.88737621906
2024-04-25,63779.94588439063,70846.44488082477,73973.51898982869,88322.87943786399,84276.7374709241,134420.12688001466
2024-04-26,63779.94588439063,70846.44488082477,73973.51898982869,87734.32871541251,83990.4606233776,133524.4012957632
2024-04-29,63779.94588439063,70846.44488082477,73973.51898982869,88608.7436560463,84417.18338449218,134855.18860720342
2024-04-30,63779.94588439063,70846.44488082477,73973.51898982869,88457.88573565481,84379.42865537635,134625.5953134958
2024-05-02,63779.94588439063,70846.44488082477,74115.37895385045,88627.52255514458,84475.00687008661,134883.76854046108
2024-05-03,63779.94588439063,70846.44488082477,73551.3713483009,87953.0795786978,84095.30421843083,133857.32204047928
2024-05-06,63779.94588439063,70846.44488082477,73442.88794350968,87823.354607434,84022.04149714785,133659.89134972545
2024-05-07,63779.94588439063,70846.44488082477,72984.09128041394,87274.72337622811,83712.01236729023,132824.91993372992
2024-05-08,63779.94588439063,70846.44488082477,72984.09128041394,87274.72337622811,83712.01236729023,132824.91993372992
2024-05-09,62793.3263874681,70846.44488082477,71855.09177400243,85924.66039831987,82417.06138570902,130770.23559891827
2024-05-10,63072.72335573723,70746.79167909113,72174.80878775762,86306.97952355156,82783.77355736127,131352.09372729206
2024-05-13,63212.42742535354,71243.58911426009,72334.67368616321,86498.14672918698,82967.13697420518,131643.03442352344
2024-05-14,63537.86551971605,71400.75561704107,72707.07606524533,86943.46726478382,83394.27872546102,132320.77549444622
2024-05-15,63537.86551971605,71144.15153641326,72650.4663017247,86875.77304039901,83355.92657811908,132217.75047659394
2024-05-16,63537.86551971605,71144.15153641326,73315.75406000632,87671.3273050474,83806.79142651214,133428.51835321423
2024-05-17,63537.86551971605,71144.15153641326,73519.46484051102,87914.9256249743,83944.33322165444,133799.25487449547
2024-05-21,63537.86551971605,71144.15153641326,73519.46484051102,88161.26778892904,84006.12297850444,134174.1672997407
2024-05-22,63537.86551971605,71144.15153641326,73519.46484051102,88430.30207800494,84073.46555273455,134583.61526501112
2024-05-23,63537.86551971605,71144.15153641326,73519.46484051102,89877.6071939789,84434.93109368984,136786.294101588
2024-05-24,63537.86551971605,71144.15153641326,73519.46484051102,89836.31960222924,84424.74191527934,136723.45779737234
2024-05-27,63537.86551971605,71144.15153641326,73519.46484051102,,84424.74191527934,136576.64976414284
2024-05-28,63537.86551971605,71144.15153641326,73519.46484051102,89566.50572515656,84358.13320325194,136312.8233635662
2024-05-29,63537.86551971605,71144.15153641326,73519.46484051102,88848.6198254397,84180.51571848021,135220.26032282878
2024-05-30,63537.86551971605,71144.15153641326,73519.46484051102,88003.17192899906,83970.09102295966,133933.55845992197
2024-05-31,63537.86551971605,71144.15153641326,73519.46484051102,88167.71849745118,84001.98604076753,134183.9847452716
2024-06-03,65605.53492514325,71144.15153641326,73519.46484051102,91036.90040326967,85787.85354965788,138550.6426064806
2024-06-04,61715.54661779246,71144.15153641326,73519.46484051102,85638.99489864653,82464.74277904622,130335.47630488567
2024-06-05,61715.54661779246,71144.15153641326,75991.50073277949,88518.5407390101,83989.36884308934,134717.90721839314
2024-06-06,61715.54661779246,71144.15153641326,75991.50073277949,89305.29788812649,84141.01747300335,135915.28661183087
2024-06-07,61715.54661779246,71144.15153641326,75991.50073277949,91139.62258637139,84492.10424827364,138706.97728412933
2024-06-10,61715.54661779246,71144.15153641326,75991.50073277949,91018.5036551502,84469.29407147612,138522.64427544634
2024-06-11,61715.54661779246,71144.15153641326,75991.50073277949,91040.61491078362,84473.46267220411,138556.295780092
2024-06-12,61715.54661779246,71144.15153641326,75991.50073277949,91267.9718141115,84516.3176210449,138902.31420687892
2024-06-13,61715.54661779246,71144.15153641326,75991.50073277949,91565.18591636422,84572.22888370458,139354.64952010254
2024-06-14,61715.54661779246,71144.15153641326,75991.50073277949,91826.1950348853,84621.20234458806,139751.88383868168
2024-06-18,61715.54661779246,71144.15153641326,75991.50073277949,92187.38885400888,84688.82008188388,140301.59099614617
2024-06-19,61715.54661779246,71144.15153641326,75991.50073277949,,84688.82008188388,140052.04874617612
2024-06-20,61715.54661779246,71144.15153641326,75991.50073277949,92222.99768221356,84695.46546420334,140355.78469132216
2024-06-21,61715.54661779246,71144.15153641326,75779.00573628141,91965.11455869905,84565.24284013212,139963.30787893044
2024-06-24,61715.54661779246,71144.15153641326,75897.5056578637,92108.92561504146,84637.95443267027,140182.17642763862
2024-06-25,61715.54661779246,71144.15153641326,76489.04169817295,92826.81151475833,85000.66604633482,141274.739468376
2024-06-26,61715.54661779246,71144.15153641326,76964.65362833314,93404.01235313939,85291.28132635582,142153.1914665926
2024-06-27,61715.54661779246,71144.15153641326,77531.19359143364,94091.56310815903,85636.49378885396,143199.58692283684
2024-06-28,61715.54661779246,71144.15153641326,77421.88220012285,93958.90321737804,85536.47016829542,142997.68952700734
2024-07-01,61715.54661779246,71144.15153641326,77845.41739497459,94472.903926885,85924.11307825506,143779.95614951878
2024-07-02,61715.54661779246,71144.15153641326,77787.055427856,94402.07606447402,85870.74683040415,143672.16199343465
2024-07-03,61715.54661779246,71144.15153641326,78311.51960566253,95038.56380570628,86350.3791933803,144640.8437605888
2024-07-04,61715.54661779246,71144.15153641326,78311.51960566253,,86350.3791933803,144734.05133291014
2024-07-05,61715.54661779246,71144.15153641326,78311.51960566253,95184.72126905851,86403.43095210631,144863.28334694865
2024-07-08,61715.54661779246,71144.15153641326,78311.51960566253,95171.81220899461,86398.74958421987,144843.63682384233
2024-07-09,61715.54661779246,71144.15153641326,78311.51960566253,95612.63100606117,86558.6220332569,145514.52662057354
2024-07-10,61715.54661779246,71144.15153641326,78311.51960566253,95187.06767606834,86404.70961273724,144866.8543846003
2024-07-11,61715.54661779246,71144.15153641326,78311.51960566253,95153.8052548735,86392.64737927279,144816.23172707594
2024-07-12,61715.54661779246,71144.15153641326,78311.51960566253,95882.45252615341,86656.9383763008,145925.17268642416
2024-07-15,61715.54661779246,71144.15153641326,78311.51960566253,96213.31120057977,86776.39799854465,146428.71225939554
2024-07-16,61715.54661779246,71144.15153641326,78311.51960566253,96316.23210219045,86813.48181684082,146585.3493702004
2024-07-18,61715.54661779246,71144.15153641326,78311.51960566253,97051.33008199252,87078.17778362874,147704.10777507955
2024-07-19,61715.54661779246,71144.15153641326,78311.51960566253,95994.95777431242,86699.5266572986,146096.3963809918
2024-07-22,61715.54661779246,71144.15153641326,78311.51960566253,95910.23490231225,86668.95750620835,145967.45516806503
2024-07-23,61715.54661779246,71144.15153641326,78311.51960566253,95792.05853362782,86626.2952653289,145787.6004965022
2024-07-24,61715.54661779246,71144.15153641326,78311.51960566253,95535.54351061741,86533.62349814521,145397.20582007017
2024-07-25,61715.54661779246,71144.15153641326,78311.51960566253,95506.58410944388,86523.1444003645,145353.13200358127
2024-07-26,61715.54661779246,71713.42947946078,78938.14905917733,97184.37976677188,87427.33746513136,147906.5984051769
2024-07-29,61718.65291537371,71867.63361094044,79107.88837864144,97189.27129930053,87510.48648717187,147914.04291363637
2024-07-30,61718.65291537371,71997.72167326916,79251.08207233959,97272.23627679824,87608.27401567837,148040.30875633555
2024-07-31,61718.65291537371,71997.72167326916,79334.33170350644,97639.49101044559,87771.67062858472,148599.24012506308
2024-08-01,61718.65291537371,71997.72167326916,79350.64620267511,97873.30626531522,87857.26332210751,148955.0876294254
2024-08-02,61718.65291537371,71997.72167326916,79021.55498252487,96725.9438095826,87313.37962690154,147208.8967459472
2024-08-05,61718.65291537371,71997.72167326916,77085.5757628269,94134.99838840956,85486.63696700557,143265.69183154797
2024-08-06,61718.65291537371,71997.72167326916,76556.50869748728,93888.27407347604,85139.414117198,142890.1978040794
2024-08-07,62503.10702200226,72534.2123424363,77126.96914575815,95081.60929195842,86019.5928262534,144706.35543503208
2024-08-08,62038.787202371794,72588.77215284665,77184.98360098172,94375.27199482091,85698.00894259618,143631.36841348567
2024-08-09,62683.1756501138,73063.17849521588,77689.42863662538,95355.53511356299,86439.26323035895,145123.24790876196
2024-08-12,62683.1756501138,73063.17849521588,77833.23547657084,95275.31398009307,86484.64079038192,145001.15797002678
2024-08-13,62683.1756501138,73063.17849521588,76685.08306105345,94461.36296732521,85636.9075409166,143762.39176237222
2024-08-14,62683.1756501138,73063.17849521588,76524.19228351132,94479.95079093409,85562.07064916687,143790.68089451818
2024-08-16,62683.1756501138,73063.17849521588,77739.28584226462,96035.06834104739,86693.86259100746,146157.44135035938
2024-08-19,62683.1756501138,73063.17849521588,77510.69049429632,96158.33496076944,86619.87475898546,146345.04296353785
2024-08-20,62683.1756501138,73063.17849521588,78179.78934229401,96652.18102765443,87121.0869420598,147096.6358847874
2024-08-21,62683.1756501138,73063.17849521588,77998.8210307713,96931.38817578604,87122.85902693978,147521.56610124462
2024-08-22,62683.1756501138,73063.17849521588,78460.71251460398,97093.00746774056,87409.10923578816,147767.53731356305
2024-08-23,62683.1756501138,73063.17849521588,78380.30619887808,97138.59807951152,87383.82717947288,147836.92245881414
2024-08-26,62683.1756501138,73063.17849521588,78710.62972276067,97872.1292403005,87793.0997067647,148953.29629457733
2024-08-27,62683.1756501138,73063.17849521588,78911.6815795017,97900.11033496831,87903.5037275481,148995.88120937435
2024-08-28,62683.1756501138,73063.17849521588,78704.08949612267,98035.50642675752,87843.9906569763,149201.9428771234
2024-08-29,62683.1756501138,73063.17849521588,78717.78309564598,98425.26221003669,87979.57524391153,149795.11898476447
2024-08-30,62683.1756501138,73063.17849521588,79022.86543234755,98753.78212047277,88243.52713053927,150295.09915212865
2024-09-02,62683.1756501138,73063.17849521588,79159.1341801937,,88307.9686310969,150549.99214255397
2024-09-03,62683.1756501138,73063.17849521588,79543.16210185552,98599.33741415523,88433.1687542261,150556.84341674554
2024-09-04,62683.1756501138,73063.17849521588,79098.65511750545,98737.9364319811,88274.49600020146,150073.54360114835
2024-09-05,62683.1756501138,73063.17849521588,79210.68655486964,99450.7313807998,88586.8838121609,149754.3254048155
2024-09-06,62683.1756501138,73063.17849521588,77831.54631877187,98741.90027107908,87676.64817575789,148009.63505507365
2024-09-09,62683.1756501138,73063.17849521588,78664.0005517764,99070.5798755033,88192.59036110177,148511.39492524145
2024-09-10,62946.36036869906,73063.17849521588,78901.75702602806,99486.37692898087,88518.89029679185,149134.94230098822
2024-09-11,62638.05139632659,73063.17849521588,78498.10842445228,99478.45891868515,88250.80401040049,148404.48480453689
2024-09-12,62638.05139632659,73063.17849521588,79671.34573496997,101026.80214565674,89368.59768834553,151206.30698756684
2024-09-13,62638.05139632659,73063.17849521588,79926.26429290866,102218.75756611921,89918.96142705367,151013.3430018887
2024-09-16,62638.05139632659,73063.17849521588,80257.27309789117,102183.11201793814,90063.89887550256,151175.63328630498
2024-09-17,62638.05139632659,73063.17849521588,80311.9032262791,101545.56233667933,89861.08651469075,151382.8930546342
2024-09-18,62638.05139632659,73063.17849521588,81176.36730013591,101798.99667354368,90362.00922106463,151138.71317716382
2024-09-19,62638.05139632659,73063.17849521588,81618.33754216868,102484.07375237723,90817.92998057044,151366.5151360234
2024-09-20,62638.05139632659,73063.17849521588,81618.33754216868,103747.30093340139,91273.67123871292,153600.7517092417
2024-09-23,62638.05139632659,73063.17849521588,81618.33754216868,104008.66294846167,91367.28352424793,154482.78637715438
2024-09-24,62638.05139632659,73063.17849521588,81618.33754216868,104986.7740835384,91717.092596881,154490.8241198817
2024-09-25,62638.05139632659,73063.17849521588,81618.33754216868,105303.57183856893,91829.765491013,154870.4940513143
2024-09-26,62638.05139632659,73063.17849521588,81618.33754216868,105727.28690234222,91980.19600644469,156132.48945177128
2024-09-27,62638.05139632659,73063.17849521588,81618.33754216868,104713.53988698465,91621.14305740054,155911.52713505886
2024-09-30,62638.05139632659,73063.17849521588,81618.33754216868,104388.8241216584,91478.52394418328,153719.2706103252
2024-10-01,62638.05139632659,73063.17849521588,81618.33754216868,105624.33343269744,92022.01532159654,153636.19454873542
2024-10-03,62638.05139632659,73063.17849521588,81618.33754216868,105220.41822861355,91845.37109285685,150379.66411541036
2024-10-04,62638.05139632659,72523.22410983276,81618.33754216868,104772.93946605289,91649.30108297316,148977.11872164762
2024-10-07,62090.03890385561,71137.71038316513,81618.33754216868,104733.33974667406,91454.89741959899,147673.73650697383
2024-10-08,62634.42246602331,71901.67047629462,81618.33754216868,103553.26617560527,91114.65205127474,148968.48774465243
2024-10-09,62556.29286818639,71881.94088677915,81618.33754216868,103196.86870119593,90932.14791977224,148782.66583427758
2024-10-10,62597.60985363404,72620.24810961231,81618.33754216868,103775.02847128674,91201.13592696436,148880.93334594247
2024-10-11,62597.60985363404,72620.24810961231,81618.33754216868,105240.21808830295,91847.50818957886,148677.25624730936
2024-10-14,62597.60985363404,72620.24810961231,81618.33754216868,104852.1389048105,91677.4930956609,149652.18442234278
2024-10-15,62597.60985363404,72620.24810961231,81618.33754216868,105390.68928762228,91913.86359170804,149231.72091096124
2024-10-16,62597.60985363404,72620.24810961231,81618.33754216868,105889.64961895546,92132.30063493963,148719.24792783853
2024-10-17,62597.60985363404,72620.24810961231,81618.33754216868,106562.84484839535,92426.32337955826,147400.37182993346
2024-10-18,62597.60985363404,72620.24810961231,81618.33754216868,107461.75654471443,92817.69415758582,148020.95303434093
2024-10-21,62597.60985363404,72620.24810961231,81618.33754216868,107833.99970761544,92979.08729436083,147586.48454142004
2024-10-22,62597.60985363404,72620.24810961231,80600.62377247828,108669.54798576832,93019.2836799003,145746.20205024089
2024-10-23,62597.60985363404,72620.24810961231,80480.08032126073,107489.47441469957,92473.65641683525,145528.22916895672
2024-10-24,62597.60985363404,72620.24810961231,80361.18365607827,108301.26866196528,92786.35222556288,145313.23409105634
2024-10-25,62036.78406108421,72620.24810961231,79641.21008808512,108538.86697823818,92474.528998544,144011.34077807443
2024-10-28,62443.03613734179,72620.24810961231,80162.74593884898,108618.06641699582,92809.99322607213,144954.40878331024
2024-10-29,62770.653445388336,72620.24810961231,80583.33251910975,109627.85926115565,93485.62125774511,145714.93511471114
2024-10-30,62447.39554907592,72620.24810961231,80168.34243826513,110423.81748782995,93586.57290467774,144964.52866199735
2024-10-31,62447.39554907592,72620.24810961231,79722.06342275365,108435.91350859341,92539.0929212883,144157.5439449916
2024-11-01,62447.39554907592,72620.24810961231,80048.127057703,108447.7953579871,92628.46824774629,144747.14901498103
2024-11-04,62447.39554907592,72620.24810961231,79030.41328801261,108348.79605954008,92321.0481725602,142906.8665238019
2024-11-05,62447.39554907592,72620.24810961231,79748.25118036648,108515.11294735105,92585.04371868566,144204.89799802046
2024-11-06,62447.39554907592,72620.24810961231,80639.98581837189,105636.21528209113,91455.1329063359,145817.37853034004
2024-11-07,62447.39554907592,72620.24810961231,79702.30199033247,106855.87890463848,91804.0122978448,144121.8103043862
2024-11-08,62447.39554907592,72620.24810961231,79533.8344923904,106424.24583056949,91555.88825047726,143817.17869181608
2024-11-11,62447.39554907592,72620.24810961231,79511.1139913124,103402.78530838573,90111.91044789364,143776.09431075543
2024-11-12,62447.39554907592,72620.24810961231,78661.86128680615,102959.27038492303,89685.04695906094,142240.43180010194
2024-11-13,62447.39554907592,72620.24810961231,77593.4316534411,102198.9577064298,89049.01210376719,140308.44227033778
2024-11-14,62447.39554907592,72620.24810961231,77506.6408831851,101699.99737509663,88786.41987915247,140151.50272637676
2024-11-18,62238.02721912077,72886.89618648581,77246.78319305304,103379.0312774986,89464.47840687243,139681.61465805105
2024-11-19,62238.02721912077,73267.0766015515,77459.8747328915,104032.42664724906,89831.95646158852,140066.93776309505
2024-11-21,62238.02721912077,72900.06238753394,76904.57976840815,105814.4140192958,90540.8050124188,139062.82478849165
2024-11-22,62238.02721912077,72900.06238753394,78740.25087517999,107311.27567749488,91727.75969174999,142382.17989398786
2024-11-25,62238.02721912077,72900.06238753394,79776.57461361856,103624.54760406721,90251.33270418654,144256.11388981267
2024-11-26,62238.02721912077,72900.06238753394,79686.32945234362,103763.14662189306,90295.52647706866,144092.92793797236
2024-11-27,62238.02721912077,72900.06238753394,79951.13393333893,104539.29532097772,90735.63319092606,144571.76104849388
2024-11-28,62238.02721912077,72900.06238753394,78762.97780901592,,90437.20476996,142423.27590709302
2024-11-29,62238.02721912077,72900.06238753394,79477.51569654164,105216.45438951557,90944.97732314678,143715.3401424995
2024-12-02,62238.02721912077,72900.06238753394,79954.92282777124,104341.29672408363,90646.12403159008,144578.61232268548
2024-12-03,62238.02721912077,72900.06238753394,80551.38744313204,104729.37590757608,90983.69671204539,145657.1703818835
2024-12-04,62238.02721912077,72900.06238753394,80585.30737580029,105089.73722108341,91166.13518198581,145718.5061523628
2024-12-05,62238.02721912077,72900.06238753394,81378.89742576865,104012.62678755965,90846.53179282282,147153.5165822355
2024-12-06,62238.02721912077,72900.06238753394,81278.11540697225,104487.82342010544,91052.11103134164,146971.27734155674
2024-12-09,62238.02721912077,72900.06238753394,81084.45079614158,105529.28830544814,91508.09173772583,146621.08301080583
2024-12-10,62238.02721912077,72900.06238753394,81054.97589921652,106824.20686345563,92124.51564142463,146567.78498305386
2024-12-11,62238.02721912077,72900.06238753394,81159.54681244523,108257.71477138874,92837.7316878847,146756.8754979242
2024-12-12,62238.02721912077,72900.06238753394,80852.91010650367,106424.24583056949,91886.27754308315,146202.39920222785
2024-12-13,62238.02721912077,72900.06238753394,81576.18367932495,105176.85467013676,91470.6089803465,147510.2597540218
2024-12-16,62238.02721912077,72900.06238753394,81246.65922059871,104994.69209383412,91300.48624783616,146914.39664410864
2024-12-17,62238.02721912077,72900.06238753394,80152.36990027629,104717.49405818239,90893.3060246374,144935.64629558352
2024-12-18,62238.02721912077,72900.06238753394,79700.65520429738,104404.66014224985,90628.62026004467,144118.83250100238
2024-12-19,62238.02721912077,72900.06238753394,78886.647580597,102650.39064018823,89576.92938209652,142646.90196198857
2024-12-20,61291.66259243071,71745.97428323186,77687.131205735,104095.78039751502,89672.2914181982,140477.87463005737
2024-12-23,61722.87842806833,72535.25230201481,78233.69691768075,103446.34886686252,89641.882056498,141466.20292031782
2024-12-24,61722.87842806833,72415.67158323144,78148.72661792448,103751.26477249937,89767.0386499705,141312.5552449412
2024-12-26,61722.87842806833,72327.61207247902,78222.9928084526,104495.74143040116,90143.8466967261,141446.8471983232
2024-12-27,61722.87842806833,72327.61207247902,78431.15042294373,103640.38362465863,89787.22041787206,141823.2485252603
2024-12-30,61722.87842806833,72327.61207247902,77876.18352911579,103200.83254029391,89434.48348817187,140819.72878492478
2024-12-31,61722.87842806833,72327.61207247902,77875.85545846037,104115.58025720443,89698.59992135069,140819.1355506569
2025-01-01,61722.87842806833,72327.61207247902,78198.95359199496,,89822.64970993038,141403.37824814665
2025-01-02,61722.87842806833,72327.61207247902,79667.06334228457,105291.68998917523,90722.9788536227,144058.08996479097
2025-01-03,61722.87842806833,72327.61207247902,79667.06334228457,104741.25775696978,90564.88834091506,142962.85155382595
2025-01-06,61722.87842806833,72327.61207247902,79667.06334228457,104479.8957419095,90489.55915285237,140647.91185608928
2025-01-07,61722.87842806833,72327.61207247902,79667.06334228457,105204.57254012188,90698.77223808403,141194.9320112817
2025-01-08,61722.87842806833,72327.61207247902,79667.06334228457,105513.4522848567,90787.53585022321,141082.06628380954
2025-01-09,61722.87842806833,72327.61207247902,79667.06334228457,106277.7288024479,91006.7394374997,140114.5826172356
2025-01-10,61722.87842806833,72327.61207247902,79667.06334228457,107255.83993752464,91285.9283958822,139548.79997431644
2025-01-13,61722.87842806833,72327.61207247902,79667.06334228457,105869.84975926606,90892.72090171497,137490.83540296485
2025-01-14,61722.87842806833,72327.61207247902,80807.80902216115,106028.24863678131,91371.87939822469,138027.44487835848
2025-01-15,61722.87842806833,72327.61207247902,80845.20510403375,107414.2388150399,91784.10891630249,138248.68636413812
2025-01-16,61722.87842806833,72327.61207247902,81719.13203935254,108756.66543482168,92497.19616351444,138835.9184970561
2025-01-17,61722.87842806833,72327.61207247902,80495.14072494544,108673.5118248663,92011.81372271386,138189.13029646242
2025-01-20,61722.87842806833,72327.61207247902,81838.69844836074,,92523.74186255453,139032.15108722975
2025-01-21,61722.87842806833,72327.61207247902,80545.3821957585,109097.2268886396,92156.5995414663,137125.7636873395
2025-01-22,61722.87842806833,72327.61207247902,80799.93207160562,109596.18721997278,92394.1751627279,137904.15683904308
2025-01-23,61722.87842806833,72327.61207247902,80575.40011424068,109417.98848276812,92258.51523929794,138201.93717742158
2025-01-24,61722.87842806833,72327.61207247902,80208.58425971107,109980.30256436724,92276.5574005959,137528.05794526215
2025-01-27,61722.87842806833,72327.61207247902,79705.86509707702,108404.23179951031,91642.98255749671,135961.44256427957
2025-01-28,61722.87842806833,72327.61207247902,81036.16285520684,109564.50551088969,92479.7838068735,136724.35346479635
2025-01-29,61722.87842806833,72327.61207247902,81532.15810774498,109655.58679904102,92694.08931997514,137950.31279149177
2025-01-30,61722.87842806833,72327.61207247902,81532.15810774498,111790.00780639914,93295.51242808384,138464.8795426187
2025-01-31,61722.87842806833,72327.61207247902,81532.15810774498,111374.21075292156,93151.42721722378,140006.78846115147
2025-02-01,61722.87842806833,,,,93151.42721722378,139850.45378350277
2025-02-03,61722.87842806833,72327.61207247902,81532.15810774498,112221.64088046813,93445.72636519039,139129.23213035893
2025-02-04,61722.87842806833,72327.61207247902,81532.15810774498,112989.88123715733,93711.346001791,141381.63795703612
2025-02-05,61722.87842806833,72327.61207247902,81532.15810774498,113714.55803536972,93960.90728587969,141125.84929918675
2025-02-06,61722.87842806833,72327.61207247902,81532.15810774498,113096.79854590008,93748.9585696734,140572.26867091446
2025-02-07,61722.87842806833,72327.61207247902,81532.15810774498,113544.27730846075,93902.97561941139,140313.79301079304
2025-02-10,61722.87842806833,72327.61207247902,81532.15810774498,115405.46411926513,94542.09840559764,139251.6128702058
2025-02-11,61722.87842806833,72327.61207247902,81532.15810774498,115334.1826908032,94517.85154637964,137406.57287283932
2025-02-12,61722.87842806833,72327.61207247902,81532.15810774498,115195.58367297734,94470.68911539759,137248.44686034255
2025-02-13,61722.87842806833,72327.61207247902,81532.15810774498,115864.81506331926,94698.57519029762,137165.9640330206
2025-02-14,61722.87842806833,72327.61207247902,81532.15810774498,114189.7546679155,94130.11170491287,136557.59647530442
2025-02-17,61722.87842806833,72327.61207247902,81532.15810774498,,94130.11170491287,136737.7535800234
2025-02-18,61722.87842806833,72327.61207247902,81532.15810774498,116090.54119809871,94780.71313108693,136653.18861674168
2025-02-19,61722.87842806833,72327.61207247902,81532.15810774498,115607.41688735696,94616.93260608046,136579.33676641493
2025-02-20,61722.87842806833,72327.61207247902,81532.15810774498,116423.17497372067,94894.15275060775,136461.7135327554
2025-02-21,61722.87842806833,72327.61207247902,81532.15810774498,116328.1395143716,94861.98905649822,135763.41863925784
2025-02-24,61722.87842806833,72327.61207247902,81532.15810774498,116736.00888965321,95000.09385645537,134318.88156496597
2025-02-25,61722.87842806833,72327.61207247902,81532.15810774498,115017.38493577269,94419.35580240839,134284.34602494072
2025-02-27,61722.87842806833,72327.61207247902,81532.15810774498,114173.90897942384,94131.84743914036,134269.4570080218
2025-02-28,61722.87842806833,72327.61207247902,81532.15810774498,112336.48586740684,93348.86163811701,131766.0083976382
2025-03-03,61722.87842806833,72327.61207247902,81532.15810774498,114451.10701507555,94257.09147042531,131733.85742672888
2025-03-04,61722.87842806833,72327.61207247902,81532.15810774498,115219.34737176473,94584.10532581092,131515.58211228857
2025-03-05,61722.87842806833,72327.61207247902,81532.15810774498,115445.06383864394,94679.87565771774,133032.17970205913
2025-03-06,61722.87842806833,72327.61207247902,81532.15810774498,115496.54540741646,94701.69838788589,134267.36324001758
2025-03-07,61722.87842806833,72327.61207247902,81532.15810774498,115025.30294606839,94501.98453566697,134313.82162562243
2025-03-10,61722.87842806833,72327.61207247902,81532.15810774498,114482.78872415864,94271.61042576225,133764.71933447025
2025-03-11,61722.87842806833,72327.61207247902,81532.15810774498,115350.01871139464,94640.71549715269,133988.64782252198
2025-03-12,61722.87842806833,72327.61207247902,81532.15810774498,116387.53909343982,95080.69453174125,133825.46187068167
2025-03-13,61722.87842806833,72327.61207247902,81532.15810774498,118177.44447578228,95836.46676749791,133388.91124180102
2025-03-17,61722.87842806833,72327.61207247902,81532.15810774498,118799.15813644967,96097.05908573179,134053.26382954125
2025-03-18,61722.87842806833,72327.61207247902,81532.15810774498,120189.11215380621,96678.18757466147,135992.1162655414
2025-03-19,61722.87842806833,72327.61207247902,81532.15810774498,120220.78419498909,96691.35541118328,136428.65526237764
2025-03-20,61722.87842806833,72327.61207247902,81532.15810774498,120383.14691160232,96758.85006909091,138114.3944107561
2025-03-21,61722.87842806833,72327.61207247902,81532.15810774498,119519.87109556407,96400.21762106945,139065.80259187543
2025-03-24,61722.87842806833,72327.61207247902,81532.15810774498,119317.91832747226,96316.02719485958,140899.8270431308
2025-03-25,61722.87842806833,72327.61207247902,81532.15810774498,119737.66955214755,96491.15691931001,140961.17444565456
2025-03-26,61722.87842806833,72327.61207247902,81532.15810774498,119626.78840430683,96444.97314469458,139878.44048249256
2025-03-27,61722.87842806833,72327.61207247902,81532.15810774498,121183.05930947437,97093.47519119029,140504.37242735527
2025-03-28,61722.87842806833,72327.61207247902,81532.15810774498,122224.53386271728,97513.97553918112,140071.99770243856
2025-04-01,61722.87842806833,72327.61207247902,81532.15810774498,123507.56090343084,98029.81414893997,137965.79504267857
2025-04-02,61722.87842806833,72327.61207247902,81532.15810774498,124339.15501038599,98362.43203580173,138958.299236903
2025-04-03,61722.87842806833,72327.61207247902,81532.15810774498,122640.33091619487,97685.19715006418,138468.45058027035
2025-04-04,61722.87842806833,72327.61207247902,81532.15810774498,119274.35476899547,96334.13278132345,136409.89277465089
2025-04-07,61722.87842806833,72327.61207247902,78887.86261635815,116870.65373628134,94435.68639860934,131985.77261377042
2025-04-08,61722.87842806833,72327.61207247902,80220.06710992199,117547.80313691896,95181.07379960467,134214.6584465335
2025-04-09,61722.87842806833,72327.61207247902,79733.46373387547,121036.54228135278,96434.59803782661,133400.53165422444
2025-04-11,61722.87842806833,72327.61207247902,81261.9851231305,127598.21384884266,99613.54852432369,135957.87152662792
2025-04-15,61722.87842806833,72327.61207247902,83041.81744586106,127459.61483101678,100201.55338410096,138935.6749104129
2025-04-16,61722.87842806833,72327.61207247902,83428.56944761441,131732.43035273123,102031.70903830451,139582.7422800738
2025-04-17,61722.87842806833,72327.61207247902,84903.8766314078,131023.58957511027,102286.3972988906,142051.05048411989
2025-04-21,61722.87842806833,72327.61207247902,85878.87016829361,134884.5622145449,104151.23677979196,143682.29350416618
2025-04-22,61722.87842806833,72327.61207247902,86027.30540302135,134670.7275970594,104121.04674646765,143930.63765355607
2025-04-23,61722.87842806833,72327.61207247902,86602.90039520441,129740.56253439671,102405.34889297542,144893.65461505434
2025-04-24,61722.87842806833,72327.61207247902,86310.11797811523,131946.26497021675,103180.72215851609,144403.80595842173
2025-04-25,61722.87842806833,72327.61207247902,85572.02290437286,129982.11502186736,102146.857583676,143168.91322157497
2025-04-28,61722.87842806833,72327.61207247902,86601.30132710194,131966.06482990616,103294.36478235276,144890.97924482674
2025-04-29,61722.87842806833,72327.61207247902,86627.81804772264,131423.55060799644,103089.68842896938,144935.34386242734
2025-04-30,61722.87842806833,72327.61207247902,86621.58863459309,130877.07254698871,102902.36988238651,144924.92155058408
2025-05-02,61722.87842806833,72327.61207247902,86666.08444266135,127982.32919323712,101944.48403161272,144999.3666351787
2025-05-05,61722.87842806833,72327.61207247902,87073.49223281638,131126.5527126553,103212.35847826631,145680.9928089538
2025-05-06,61722.87842806833,72327.61207247902,86783.19879999102,135090.4788217347,104417.41919664366,145195.30842424068
2025-05-07,61722.87842806833,72327.61207247902,86907.07791064108,133902.48724037022,104081.77619459707,145402.5681925699
2025-05-08,61722.87842806833,72002.79875923393,86406.59045198324,130544.43877136674,102720.6488666755,144565.21220745845
2025-05-09,61722.87842806833,70982.46983363469,85460.42880823165,132080.90014894464,102793.13092313259,142982.20727582055
2025-05-12,61722.87842806833,70982.46983363469,88723.5706077379,127511.0963997893,102825.03121969958,148441.70734683418
2025-05-13,61722.87842806833,70982.46983363469,87490.68214827644,128314.97263675931,102535.37443884039,146378.9852692952
2025-05-14,61722.87842806833,70982.46983363469,87490.68214827644,125982.54336460689,101733.73619749813,146906.35890138132
2025-05-15,61722.87842806833,70982.46983363469,87490.68214827644,127538.81426977442,102274.25820151545,149260.01004310718
2025-05-16,61722.87842806833,70982.46983363469,87490.68214827644,126006.30706339427,101745.69120079438,149008.09485606564
2025-05-19,61722.87842806833,70982.46983363469,87490.68214827644,127863.53003510067,102390.69362502288,148565.28618726126
2025-05-20,61722.87842806833,70982.46983363469,87490.68214827644,129898.961411912,103091.7352691467,147007.60421643
2025-05-21,61722.87842806833,70982.46983363469,87490.68214827644,131047.35327389765,103483.7314489999,147779.14609394202
2025-05-22,61722.87842806833,70982.46983363469,87490.68214827644,130374.15804445778,103255.08818394999,146565.69121504962
2025-05-23,61722.87842806833,70982.46983363469,87490.68214827644,133197.61996974744,104216.86751145608,148015.5906618412
2025-05-26,61722.87842806833,70982.46983363469,87490.68214827644,,104216.86751145608,148897.0204634416
2025-05-27,61722.87842806833,70982.46983363469,87490.68214827644,130643.43806981378,103357.32585137282,147855.08008022854
2025-05-28,61722.87842806833,70982.46983363469,87490.68214827644,130425.63961323029,103283.21496311054,147415.85408112025
2025-05-29,61722.87842806833,70982.46983363469,87490.68214827644,131356.23301863248,103600.17192893299,147899.15389671744
2025-05-30,61722.87842806833,70982.46983363469,87490.68214827644,130239.51319782967,103248.46400266595,147405.431769277
2025-06-02,61722.87842806833,70982.46983363469,87490.68214827644,133474.81800539917,104272.66260530693,147202.34790491176
2025-06-03,61722.87842806833,70982.46983363469,87490.68214827644,132666.97792933116,104020.64860916858,146165.47909308673
2025-06-04,61722.87842806833,70982.46983363469,87490.68214827644,133589.65332443765,104309.53946885017,146628.2250861091
2025-06-05,61722.87842806833,70982.46983363469,87490.68214827644,132686.77778902056,104028.02077995741,147406.6298698572
2025-06-06,61722.87842806833,70982.46983363469,87490.68214827644,131577.9856464137,103680.88373001084,148908.3384427089
2025-06-09,61722.87842806833,70982.46983363469,87490.68214827644,131950.22880931472,103798.01431901556,149504.78315484544
2025-06-10,61722.87842806833,70982.46983363469,87490.68214827644,131506.70421795177,103658.69070132666,149511.04119476918
2025-06-11,61722.87842806833,70982.46983363469,87490.68214827644,131522.54990644346,103663.67836407301,149732.29431259327
2025-06-12,61722.87842806833,70982.46983363469,87490.68214827644,133882.68738068079,104406.51247142303,148224.3276998179
2025-06-13,61722.87842806833,70982.46983363469,87490.68214827644,135874.5551990153,105026.79824913283,147214.2591184469
2025-06-16,61722.87842806833,70982.46983363469,87490.68214827644,134496.48303105246,104601.43291535624,148571.544227185
2025-06-17,61722.87842806833,70689.69595484377,87490.68214827644,134108.41351546024,104480.91145787945,148017.07956353313
2025-06-18,61722.87842806833,70835.10156250845,87490.68214827644,134235.13068389238,104520.33399112876,147770.817550103
2025-06-19,61722.87842806833,70835.10156250845,87490.68214827644,,104520.33399112876,147658.84749005488
2025-06-20,61722.87842806833,70835.10156250845,87490.68214827644,133375.81870695212,104253.14804881852,149559.58171633375
2025-06-23,61722.87842806833,70835.10156250845,87490.68214827644,133755.97021224862,104371.80602444563,148722.81896549018
2025-06-24,61722.87842806833,70835.10156250845,87490.68214827644,131368.10520012592,103627.7460630689,149154.29802298284
2025-06-25,61722.87842806833,70835.10156250845,87490.68214827644,131752.23021242063,103748.74647369813,150347.80394561274
2025-06-26,61722.87842806833,70835.10156250845,87490.68214827644,132005.664549285,103828.43916228565,152159.79730464594
2025-06-27,61722.87842806833,70835.10156250845,87490.68214827644,129637.5993968517,103084.65736572337,152688.65983842392
2025-06-30,61722.87842806833,70835.10156250845,87490.68214827644,130457.31165441316,103322.22424085118,151969.52032123983
2025-07-01,61722.87842806833,70835.10156250845,87490.68214827644,132132.38171771716,103805.75009787311,152116.9215887372
2025-07-02,61722.87842806833,70835.10156250845,87490.68214827644,132579.8604802778,103933.87866824464,151590.44362407512
2025-07-03,61722.87842806833,70835.10156250845,87490.68214827644,131930.42894962532,103748.32294601134,151303.9812649639
2025-07-04,61722.87842806833,70835.10156250845,87490.68214827644,131966.06482990616,103758.53669090342,151635.70390909974
2025-07-07,61722.87842806833,70835.10156250845,87490.68214827644,131954.18298051247,103755.13177006484,151637.49524394784
2025-07-08,61722.87842806833,70835.10156250845,87490.68214827644,130956.27198574634,103469.14915294964,152001.97372530532
2025-07-09,61722.87842806833,70835.10156250845,87490.68214827644,131138.434562049,103521.60635694799,151725.63124488117
2025-07-10,61722.87842806833,70835.10156250845,87490.68214827644,131368.10520012592,103587.68603046828,151005.89849342924
2025-07-11,61722.87842806833,70835.10156250845,87490.68214827644,132896.65823530834,104026.98492661024,149782.61453696145
2025-07-14,61722.87842806833,70835.10156250845,87490.68214827644,132718.45949810368,103976.1458121502,149380.32027903877
2025-07-15,62002.18082391643,70835.10156250845,87490.68214827644,131859.1475211634,103816.2136002219,150056.28164715797
2025-07-16,62042.16905239689,70835.10156250845,87490.68214827644,132758.05921748249,104086.32020972647,150153.060257131
2025-07-17,61794.607312905144,70835.10156250845,87490.68214827644,132267.02656434526,103870.58994630439,149553.9169106779
2025-07-18,61794.607312905144,70835.10156250845,87490.68214827644,132777.8590771719,104016.80124780365,148701.97434180367
2025-07-21,61794.607312905144,70835.10156250845,87490.68214827644,134714.28148763592,104569.69201391733,149430.33807025081
2025-07-22,61794.607312905144,70835.10156250845,87490.68214827644,136191.35295404584,104987.57539776388,149252.8679678039
2025-07-23,61794.607312905144,70835.10156250845,87490.68214827644,134405.41141080137,104485.79115901394,150199.8094438475
2025-07-24,61794.607312905144,70835.10156250845,87490.68214827644,133490.6540259906,104226.60738495596,149260.01004310718
2025-07-25,61794.607312905144,70835.10156250845,87490.68214827644,132025.4644089744,103809.65834575029,147919.40528613608
2025-07-28,61794.607312905144,70835.10156250845,86940.8065068021,131039.43526360195,103230.90979342074,146989.7373961273
2025-07-29,61794.607312905144,70835.10156250845,87434.67151807934,131605.70351639882,103659.69552048598,147824.70881212282
2025-07-30,61879.132147293865,70835.10156250845,87554.26773288294,130512.75706228364,103436.04846057149,148026.90864110852
2025-07-31,61663.28091773913,70835.10156250845,87248.85465278475,130409.79392473862,103137.28231585826,147510.55055513352
2025-08-01,61663.28091773913,70835.10156250845,86533.76794842834,132567.9786308841,103046.96600377231,146301.5623813168
2025-08-04,61663.28091773913,70835.10156250845,87088.22571491328,133625.2892047185,103596.41582005627,147238.97721294122
2025-08-05,61663.28091773913,70505.11775329291,86830.37454201968,133922.28710005962,103477.17881451276,146803.0314503729
2025-08-06,61663.28091773913,70569.94044338907,86830.37454201968,133847.05150039995,103464.26059692756,146354.2671748009
2025-08-07,61663.28091773913,70710.0330721771,86830.37454201968,134650.92773737,103602.34932421772,146484.99972257574
2025-08-08,61663.28091773913,70052.55289388786,86830.37454201968,136187.39878284812,103865.0566117946,145098.23901315595
2025-08-11,61663.28091773913,70052.55289388786,86830.37454201968,132781.82291626988,103287.87752973688,146418.8948138646
2025-08-12,61663.28091773913,70052.55289388786,86830.37454201968,132615.49636055867,103259.12607609674,145837.3274866025
2025-08-13,61663.28091773913,70052.55289388786,86830.37454201968,133003.5755440511,103326.27545562794,146623.16514676556
2025-08-14,61663.28091773913,70052.55289388786,86830.37454201968,132072.98213864892,103165.62020816068,146694.3416268647
2025-08-18,61663.28091773913,70052.55289388786,86830.37454201968,131934.38312082307,103141.56170252284,148157.3271236827
2025-08-19,61663.28091773913,70052.55289388786,86830.37454201968,131209.70632261067,103015.666971236,148774.9305247064
2025-08-20,61663.28091773913,70052.55289388786,86830.37454201968,132397.69790397517,103222.93779075156,149191.22976416844
2025-08-21,61663.28091773913,70052.55289388786,86830.37454201968,132140.29972801288,103178.34252743096,149388.95125603396
2025-08-22,61663.28091773913,70052.55289388786,85886.54542639443,133625.2892047185,102812.94139729797,148116.53354373376
2025-08-25,61663.28091773913,70052.55289388786,85870.81990922132,133601.53517383133,102798.42176576657,148698.10087099587
2025-08-26,61663.28091773913,70052.55289388786,84798.04155277656,134187.61295421788,102185.15900487968,147175.256873346
2025-08-28,61663.28091773913,69241.90853693426,83816.76319780211,135898.31889780267,101817.7181598345,145917.7281779647
2025-08-29,61663.28091773913,69030.01176580756,83560.26389177227,137557.543272615,102439.10106406838,145476.71084400834
2025-09-01,61663.28091773913,69476.18402739089,84100.35176030075,,102586.23669787029,146657.1190845674
2025-09-02,61549.46720810396,69036.89675244175,83568.5981117054,140555.24009601137,103642.01327134858,146386.42977775467
2025-09-03,61888.6487893385,69559.9396385188,84201.73724161877,142289.7097383836,104653.95811965139,147193.1236936487
2025-09-04,61888.6487893385,69559.9396385188,84214.03782023542,141204.68129456413,104214.001371817,147307.76912392443
2025-09-05,61888.6487893385,69559.9396385188,84274.93237609726,143081.70412595992,105000.36312593704,147347.66703644936
2025-09-08,61888.6487893385,69559.9396385188,84387.60251287221,144067.7429392326,105433.56038146616,147539.14212043563
2025-09-09,61888.6487893385,69559.9396385188,84433.08180354384,144273.6595464224,105529.90775778121,148107.6001335824
2025-09-10,61888.6487893385,69559.9396385188,84931.27348763471,144285.5413958161,105673.10769509547,148729.96104079345
2025-09-11,61888.6487893385,69559.9396385188,85139.33698409691,144020.21554165782,105622.67933635844,148922.9250264716
2025-09-12,61888.6487893385,69559.9396385188,85356.89662458512,144515.21203389304,105884.3376761192,149569.10836075296
2025-09-15,61888.6487893385,69559.9396385188,85479.22715643585,145814.08476309828,106446.76342455139,149302.29252474805
2025-09-16,61888.6487893385,69559.9396385188,85883.747075176,146079.4009493563,106666.30998697082,150314.1524409671
2025-09-17,61888.6487893385,69559.9396385188,86422.11943274015,145798.2487425068,106700.84579147796,150857.00832423999
2025-09-18,61888.6487893385,69559.9396385188,86786.76892998995,144289.49556701383,106187.4685663572,151412.96188958376
2025-09-19,61888.6487893385,69559.9396385188,86368.47017318514,145390.36969932498,106523.82815997028,150837.95503540154
2025-09-22,61888.6487893385,69559.9396385188,86097.33427360849,148130.66834675902,107564.93003564999,150095.28389225889
2025-09-23,61888.6487893385,69559.9396385188,86447.73651313318,149710.70295071395,108299.62405283684,149899.64453635312
2025-09-24,61888.6487893385,69559.9396385188,85843.09798204227,147790.11656084136,107359.44144868896,149229.0455407336
2025-09-25,61888.6487893385,69559.9396385188,85616.81478579922,147980.18747953948,107373.25998796828,148240.11238416084
2025-09-26,61301.484075549415,69559.9396385188,84702.89152797784,149500.82250442618,107505.15794141794,146833.69351959028
2025-09-29,61252.256237227375,69559.9396385188,84814.47274112648,151306.56390736008,108238.83186853024,146715.7794848191
2025-09-30,61193.07793617259,69783.26760042184,85086.7766481682,152094.60412373865,108606.00278515094,146574.03139093312
2025-10-01,61753.01849472507,70692.78945983463,86195.75715265832,153151.914697573,109560.84440911692,147915.24101421656
2025-10-03,61897.10352609678,70692.78945983463,86195.75715265832,153678.59289889134,109826.96924397108,148260.36377357948
2025-10-06,61897.10352609678,70692.78945983463,86195.75715265832,156359.49196725714,110891.36609823098,149352.6243811607
2025-10-07,61897.10352609678,70692.78945983463,86195.75715265832,157472.24794896197,111329.79675637053,149535.1660549956
2025-10-08,61897.10352609678,70692.78945983463,86195.75715265832,160113.54729794903,112367.21172075479,149165.02276798224
2025-10-09,61897.10352609678,70692.78945983463,86195.75715265832,156272.3745182038,110869.58747470629,149972.903152412
2025-10-10,61897.10352609678,70692.78945983463,86195.75715265832,157444.52041107664,111331.58471938047,150589.5992539672
2025-10-13,61897.10352609678,70692.78945983463,86195.75715265832,162699.4109069658,113395.92841788406,150244.17406144814
2025-10-14,61897.10352609678,70692.78945983463,86195.75715265832,163891.36632742826,113857.4574110084,149756.70997393143
2025-10-15,61897.10352609678,70692.78945983463,86195.75715265832,165404.06400621874,114441.28557379321,150817.11041171505
2025-10-16,61897.10352609678,70692.78945983463,86195.75715265832,169494.7266195308,116013.66628727932,152375.9904831265
2025-10-17,61897.10352609678,70692.78945983463,86195.75715265832,165918.86035814337,114653.90797171774,153117.75432680067
2025-10-20,61897.10352609678,70692.78945983463,86195.75715265832,171720.21924714,116881.06241313223,153911.64136173553
2025-10-21,61897.10352609678,70692.78945983463,86195.75715265832,161871.77097120837,113156.9908369035,154063.2069011524
2025-10-23,61897.10352609678,70692.78945983463,86195.75715265832,163368.64229730767,113738.32016771055,154198.99938827078
2025-10-24,61897.10352609678,70692.78945983463,86195.75715265832,163087.480422558,113629.5719782051,153625.77223689217
2025-10-27,61897.10352609678,70692.78945983463,86195.75715265832,158474.11311492586,111843.83999904394,154643.58775987878
2025-10-28,61897.10352609678,70692.78945983463,86195.75715265832,157060.40506668217,111289.544994133,154465.80359223124
2025-10-29,61897.10352609678,70692.78945983463,86195.75715265832,157753.40015581145,111562.34558431082,155166.78548800093
2025-10-30,61897.10352609678,70692.78945983463,86195.75715265832,158450.35908403873,111836.1708948277,154118.29626375242
2025-10-31,61897.10352609678,70692.78945983463,86195.75715265832,157694.00057674324,111539.58926170213,153190.71050970338
2025-11-03,61897.10352609678,70692.78945983463,86195.75715265832,158410.7593646599,111821.24226798696,153436.37928886566
2025-11-04,61897.10352609678,70692.78945983463,86195.75715265832,156327.81025817405,111004.38572784618,152449.5399002971
2025-11-06,61897.10352609678,70692.78945983463,86195.75715265832,157602.91928859192,111507.39814921543,151925.73730586263
2025-11-07,61897.10352609678,70692.78945983463,86195.75715265832,158375.1138164788,111810.92257016173,151822.1190537425
2025-11-10,62096.32386529753,70692.78945983463,86195.75715265832,162826.1184074977,113636.64716242373,152310.76960979492
2025-11-11,62389.14821923663,70692.78945983463,86195.75715265832,162628.11981060362,113678.96080073115,153029.01345955496
2025-11-12,62828.268563178,70692.78945983463,86195.75715265832,166493.05628913624,115357.6738465696,154106.09424910558
2025-11-13,62828.268563178,70692.78945983463,86195.75715265832,165800.06120000692,115090.92164263442,154126.04320536804
2025-11-14,62828.268563178,70692.78945983463,86195.75715265832,161867.81680001062,113574.48461988634,154310.07378089486
2025-11-17,62828.268563178,70692.78945983463,86195.75715265832,161103.54028241942,113276.56556844291,154925.874215026
2025-11-18,62828.268563178,70692.78945983463,86195.75715265832,160826.34224676772,113168.28447513036,154310.07378089486
2025-11-19,62828.268563178,70692.78945983463,86195.75715265832,161475.7737774202,113422.16443030183,155159.34097954145
2025-11-20,62828.268563178,70692.78945983463,86195.75715265832,160636.26166016934,113094.56358007801,155990.14812361746
2025-11-21,62828.268563178,70692.78945983463,86195.75715265832,161436.1740580414,113407.43656337261,155251.65288443878
2025-11-24,62828.268563178,70692.78945983463,86195.75715265832,162038.08785901935,113642.34708726274,154604.5738827334
2025-11-25,62828.268563178,70692.78945983463,86195.75715265832,163911.16618711766,114372.15155722777,154159.69471001372
2025-11-26,62828.268563178,70692.78945983463,86195.75715265832,164940.75889096688,114771.2726702947,156068.4666790199
2025-11-27,62828.268563178,70692.78945983463,86195.75715265832,,114771.2726702947,156129.51164838747
2025-11-28,62828.268563178,70692.78945983463,86195.75715265832,167043.48852134167,115438.67586459356,156054.46169748055
2025-12-01,62828.268563178,70692.78945983463,86195.75715265832,167875.0826282968,115700.81558131093,155892.4738462204
2025-12-02,62828.268563178,70692.78945983463,86195.75715265832,165788.18901851345,115044.74565965253,155037.54184191796
2025-12-03,62828.268563178,70692.78945983463,86195.75715265832,166291.09385314415,115203.92937933776,154762.397462074
2025-12-04,62828.268563178,70692.78945983463,86195.75715265832,166786.09034537937,115360.352181239,155046.77768522548
2025-12-05,63196.78356870016,70692.78945983463,86195.75715265832,166829.65390385615,115558.95728944994,155956.19418581564
2025-12-08,62651.61402150652,70692.78945983463,86195.75715265832,165811.95271730085,114965.0551935072,154610.83192265715
2025-12-09,62651.61402150652,70692.78945983463,86195.75715265832,166584.14724518778,115209.27246528196,153890.79673804904
2025-12-10,62651.61402150652,70692.78945983463,86195.75715265832,166176.2585341057,115080.59719558021,153404.51911906805
2025-12-11,62651.61402150652,70692.78945983463,86195.75715265832,169704.59739791832,116195.15617745125,154241.5843030678
2025-12-12,62651.61402150652,70692.78945983463,86195.75715265832,170282.75716800915,116375.72464928482,155125.38704173962
2025-12-15,62651.61402150652,70692.78945983463,86195.75715265832,170544.11918306944,116457.20142454676,155008.36867439243
2025-12-16,62651.61402150652,70692.78945983463,86195.75715265832,170456.99206611587,116430.06312812612,154012.58424362805
2025-12-17,62651.61402150652,70692.78945983463,86195.75715265832,172159.77999940497,116960.59382029575,153765.1357616622
2025-12-18,62651.61402150652,70692.78945983463,86195.75715265832,171842.98224437443,116862.4213773471,153747.26894135948
2025-12-19,62651.61402150652,70692.78945983463,86195.75715265832,172710.2122316104,117131.43669138449,154645.6698958385
2025-12-22,62651.61402150652,70692.78945983463,86195.75715265832,176004.91661824813,118150.6651556816,155872.52488995795
2025-12-23,62651.61402150652,70692.78945983463,86195.75715265832,177517.61429703864,118613.8593944131,155900.8140221039
2025-12-24,62651.61402150652,70692.78945983463,86195.75715265832,177430.50651588553,118587.31024736237,155692.0653520828
2025-12-26,62651.61402150652,70692.78945983463,86195.75715265832,179351.09290575812,119172.83250757061,155097.702775906
2025-12-29,62651.61402150652,70692.78945983463,86195.75715265832,171272.75015247957,116724.36047648075,154500.9439985688
2025-12-30,62651.61402150652,70692.78945983463,86195.75715265832,173054.7375245263,117114.35886341598,154481.58827657418
