ticker,pattern_type,description,entry_label,exit_label,train_n,train_mean_ret,train_std_ret,train_t_stat,train_p_value,train_win_rate,train_sharpe,test_n,test_mean_ret,test_std_ret,test_t_stat,test_p_value,test_win_rate,test_sharpe,test_win_ci_lo,test_win_ci_hi,fdr_p_value,condition,significant
nifty50,multiday_hold,Buy Mon_Close -> Sell Close+2d,Mon_Close,Close+2d,377,0.0012421444832964627,0.014547224928932088,0.4050217651026152,0.6856918433915283,0.5013262599469496,0.8538704043999741,162,0.00016428482815553325,0.009366688877561365,-1.048506482412188,0.29597674207933716,0.5246913580246914,0.17539263906703506,0.4481110272266371,0.6001277741356266,0.9988106200615792,,False
nifty50,multiday_hold,Buy Tue_Close -> Sell Close+2d,Tue_Close,Close+2d,380,0.0014495311591479166,0.015116496011735862,0.658405810479687,0.510677154662005,0.5526315789473685,0.9589068511793717,164,0.001248006363833488,0.010329950281168485,0.38278832877172625,0.702375416632254,0.4817073170731707,1.208143630767135,0.40653117575390096,0.5577208332831911,0.9988106200615792,,False
nifty50,multiday_hold,Buy Wed_Close -> Sell Close+2d,Wed_Close,Close+2d,380,0.0009165810017932374,0.014062682710145998,-0.0300542557724624,0.9760396025667907,0.5473684210526316,0.6517824661804672,163,0.0012418261457320483,0.011268108125293759,0.34285924189534983,0.7321488356146891,0.50920245398773,1.10207155622202,0.4331324517981147,0.5848486752109764,0.9988106200615792,,False
nifty50,multiday_hold,Buy Thu_Close -> Sell Close+2d,Thu_Close,Close+2d,381,0.00012510563767384114,0.01793623053537052,-0.8837919343021432,0.3773673457553227,0.5459317585301837,0.06975023956518117,164,0.0012589217155749392,0.012128782531245531,0.33750644600491037,0.7361693865468751,0.5121951219512195,1.0379621469275844,0.4362936742169253,0.5875383197583467,0.9988106200615792,,False
nifty50,multiday_hold,Buy Fri_Close -> Sell Close+2d,Fri_Close,Close+2d,373,0.0009044866729262103,0.016375324128786704,-0.039815346263100286,0.9682617005710933,0.5227882037533512,0.5523473403107694,160,0.0008406865286434897,0.0094660795163996,-0.1300160485266648,0.8967180687245814,0.55625,0.8881042327893339,0.47884358379731345,0.6310186245795579,0.9988106200615792,,False
nifty50,multiday_hold,Buy Mon_Close -> Sell Close+3d,Mon_Close,Close+3d,377,0.0016942092957531816,0.019125412792349146,0.27640453957423783,0.7823892388359366,0.5358090185676393,0.8858419497386882,162,0.0004638638845449913,0.01204739051155905,-1.0086946595393307,0.3146346577341708,0.4567901234567901,0.3850326625503922,0.3819700748348308,0.5336120227812077,0.9988106200615792,,False
nifty50,multiday_hold,Buy Tue_Close -> Sell Close+3d,Tue_Close,Close+3d,380,0.0019925561224573844,0.01633348921819892,0.6805398948208692,0.4965781949980082,0.5263157894736842,1.2199206769838624,164,0.0022477239751291208,0.013985244196318707,0.7541817830653621,0.4518282168388839,0.5121951219512195,1.6072111030573084,0.4362936742169253,0.5875383197583467,0.9988106200615792,,False
nifty50,multiday_hold,Buy Wed_Close -> Sell Close+3d,Wed_Close,Close+3d,380,0.0007012713991800904,0.020767779883889108,-0.6752305613573376,0.4999410281051779,0.531578947368421,0.33767278115467286,163,0.0017818597532464743,0.014379919801786704,0.3188841903767163,0.7502251138597769,0.5153374233128835,1.2391305221501154,0.4391484866370029,0.5908200583781492,0.9988106200615792,,False
nifty50,multiday_hold,Buy Thu_Close -> Sell Close+3d,Thu_Close,Close+3d,381,0.0012866596730403362,0.018566487641709168,-0.14166434442259485,0.8874202127746641,0.5459317585301837,0.6930011200125361,164,0.0012362792346075882,0.013267263705333113,-0.1783220450216925,0.8586915008051104,0.49390243902439024,0.9318268348812833,0.41840318712886326,0.5696808158835007,0.9988106200615792,,False
nifty50,multiday_hold,Buy Fri_Close -> Sell Close+3d,Fri_Close,Close+3d,372,0.0012982014454216565,0.020621102394192257,-0.11524918318451458,0.9083099666265371,0.5161290322580645,0.6295499729380534,160,0.0016397819128405842,0.011903662874411117,0.23113378635235912,0.8175080281854141,0.5625,1.377543979648118,0.48505879638054433,0.6370103240382016,0.9988106200615792,,False
nifty50,multiday_hold,Buy Mon_Close -> Sell Close+5d,Mon_Close,Close+5d,377,0.00209963553574675,0.025956461250161145,-0.21865100486321554,0.8270405477384276,0.5225464190981433,0.8089066978395272,162,0.002004026231088591,0.01646500410841829,-0.29923614714094426,0.76514579723219,0.47530864197530864,1.217142867315754,0.39987222586437343,0.5518889727733629,0.9988106200615792,,False
nifty50,multiday_hold,Buy Tue_Close -> Sell Close+5d,Tue_Close,Close+5d,380,0.003391127263200011,0.023283994290836912,0.8351083495884813,0.40418281977839604,0.5526315789473685,1.4564198997998128,163,0.0031509702331879745,0.017716831529234874,0.5450191326741662,0.5864898983698716,0.5460122699386503,1.7785179183921795,0.46939666121906576,0.6205089738263904,0.9988106200615792,,False
nifty50,multiday_hold,Buy Wed_Close -> Sell Close+5d,Wed_Close,Close+5d,379,0.0020639528702815504,0.025015921835827074,-0.255206697191685,0.7987022585408008,0.525065963060686,0.8250556920615322,163,0.002906587166189951,0.017878133464188657,0.36611895403078215,0.7147539914094241,0.5030674846625767,1.6257777535960785,0.4271275823408157,0.5788661266622147,0.9988106200615792,,False
nifty50,multiday_hold,Buy Thu_Close -> Sell Close+5d,Thu_Close,Close+5d,381,0.0019132371909155082,0.024803395081019766,-0.3765245620125835,0.7067371057129812,0.5223097112860893,0.7713610111301132,164,0.0019866476875812465,0.017233582112052205,-0.30053568157492366,0.7641515586905574,0.5,1.1527769877812553,0.4243556892194609,0.5756443107805391,0.9988106200615792,,False
nifty50,multiday_hold,Buy Fri_Close -> Sell Close+5d,Fri_Close,Close+5d,372,0.0021570179071871668,0.024303399649253443,-0.1864875764058157,0.8521643502565316,0.5295698924731183,0.8875375208066525,160,0.002681963843311424,0.017040752149404443,0.21432394811130032,0.830569061326674,0.5375,1.573852973036261,0.4602691816412529,0.6129722906099946,0.9988106200615792,,False
nifty50,multiday_hold,Buy Mon_Close -> Sell Close+10d,Mon_Close,Close+10d,376,0.004528482613856343,0.03618627123924805,-0.13401044393644757,0.8934662062598301,0.5425531914893617,1.251436652291684,162,0.0040230468343591145,0.022787498440890674,-0.42087633499424043,0.6744066646979756,0.5,1.7654622532590154,0.4239009323083406,0.5760990676916594,0.9988106200615792,,False
nifty50,multiday_hold,Buy Tue_Close -> Sell Close+10d,Tue_Close,Close+10d,379,0.005517736246217168,0.033824828193133816,0.42467597354453424,0.6713145177504903,0.5408970976253298,1.631268077612062,163,0.005434427731875713,0.02327733272928775,0.35843833989150065,0.7204819635140979,0.5460122699386503,2.3346436617448303,0.46939666121906576,0.6205089738263904,0.9988106200615792,,False
nifty50,multiday_hold,Buy Wed_Close -> Sell Close+10d,Wed_Close,Close+10d,378,0.004059202781860715,0.03617787537939508,-0.3862586912609219,0.6995229872653218,0.5185185185185185,1.1220124839538288,163,0.0051493595755380175,0.022686190816214764,0.20784287951843836,0.8356127094466994,0.5337423312883436,2.2698211512254214,0.45726370693149515,0.6086670921018396,0.9988106200615792,,False
nifty50,multiday_hold,Buy Thu_Close -> Sell Close+10d,Thu_Close,Close+10d,380,0.004213334591546136,0.03441102914077012,-0.3199674727730293,0.7491693039023708,0.5342105263157895,1.2244140023566414,164,0.004555883038809059,0.022056086578352833,-0.1290939523146908,0.897442461476444,0.5,2.0655899325678546,0.4243556892194609,0.5756443107805391,0.9988106200615792,,False
nifty50,multiday_hold,Buy Fri_Close -> Sell Close+10d,Fri_Close,Close+10d,371,0.005070652716923211,0.03643211400430602,0.15403853025836478,0.87766333812473,0.5417789757412399,1.3918085336261012,160,0.0061099834503100785,0.0234866991782981,0.7146302818561332,0.4758854222878502,0.53125,2.601465367238898,0.45410132271210635,0.6069332374972666,0.9988106200615792,,False
nifty50,multiday_hold,Buy Mon_Close -> Sell Close+20d,Mon_Close,Close+20d,375,0.007822508983619872,0.0510800872633034,-0.5992645098218273,0.5493593414764886,0.5146666666666667,1.5314204424313238,161,0.008478164224815949,0.030502996638083948,-0.3844848928572008,0.7011296319929405,0.4658385093167702,2.779452892910428,0.3904792936359137,0.5427899781983805,0.9988106200615792,,False
nifty50,multiday_hold,Buy Tue_Close -> Sell Close+20d,Tue_Close,Close+20d,378,0.009461096473330769,0.0510573932734123,0.02120371676088429,0.983094367101972,0.5370370370370371,1.8530316310248363,162,0.010560392947625077,0.031837973755182374,0.4603303776496033,0.645900215282556,0.5123456790123457,3.316917410897145,0.4359832960718685,0.5881361046092636,0.9988106200615792,,False
nifty50,multiday_hold,Buy Wed_Close -> Sell Close+20d,Wed_Close,Close+20d,377,0.008687737996155348,0.04952847989778109,-0.2809455800724435,0.7789066707210627,0.5145888594164456,1.7540893671853968,162,0.011836198424626285,0.030563237968005363,1.0091909514322392,0.3143973664993544,0.5246913580246914,3.8726912498658743,0.4481110272266371,0.6001277741356266,0.9988106200615792,,False
nifty50,multiday_hold,Buy Thu_Close -> Sell Close+20d,Thu_Close,Close+20d,379,0.008676850023065587,0.050257983161893595,-0.28181497545435275,0.7782396085363416,0.5171503957783641,1.7264620418840273,163,0.01024474403409376,0.030838220380510706,0.34644919871209207,0.7294547276472235,0.5030674846625767,3.322093138866173,0.4271275823408157,0.5788661266622147,0.9988106200615792,,False
nifty50,multiday_hold,Buy Fri_Close -> Sell Close+20d,Fri_Close,Close+20d,370,0.010454152018872028,0.048306425913975624,0.41706733813710295,0.6768716845089887,0.5513513513513514,2.1641327879418872,159,0.01085210169385099,0.031618915132513234,0.5751468685474171,0.5660101022918884,0.4968553459119497,3.4321549769719786,0.42013416661172726,0.5737248964286754,0.9988106200615792,,False
nifty50,vix_regime,[vix_high] Buy Mon_Close -> Sell Close+2d,Mon_Close,Close+2d,198,0.0017672534043782922,0.017541104958642216,0.23717231975970757,0.8127695663782226,0.48484848484848486,1.0074926343266621,85,0.001805472459955609,0.012112929849865402,0.2531918054813755,0.800738623383083,0.49411764705882355,1.4905332420262232,0.39040653316034707,0.5983374786539382,0.9988106200615792,vix_high,False
nifty50,vix_regime,[vix_high] Buy Tue_Close -> Sell Close+2d,Tue_Close,Close+2d,193,0.0016580942301549788,0.0180951514171427,0.14338515644150412,0.8861363776988258,0.5284974093264249,0.9163196217215179,84,0.0018425350832568673,0.015285521300289479,0.22153259268462633,0.8252218909608019,0.5,1.2054120020244081,0.39543750035009767,0.6045624996499024,0.9988106200615792,vix_high,False
nifty50,vix_regime,[vix_high] Buy Wed_Close -> Sell Close+2d,Wed_Close,Close+2d,197,0.002151911934164586,0.015996880316844066,0.5960481857291993,0.5518307508209409,0.5380710659898477,1.345207247627345,85,0.001160159411823145,0.014465774882871577,-0.19684373804505628,0.8444253156842474,0.5764705882352941,0.8020029491796182,0.47036157660275524,0.6759662698115371,0.9988106200615792,vix_high,False
nifty50,vix_regime,[vix_high] Buy Thu_Close -> Sell Close+2d,Thu_Close,Close+2d,182,0.0005684873478477255,0.021354856876282573,-0.5684891857569961,0.5704074860693485,0.5274725274725275,0.2662098608954419,79,0.0019151605524640187,0.01827529225921517,0.2147200991853529,0.830545941747356,0.6075949367088608,1.047950711430245,0.4973378852028524,0.707873023326196,0.9988106200615792,vix_high,False
nifty50,vix_regime,[vix_high] Buy Fri_Close -> Sell Close+2d,Fri_Close,Close+2d,174,0.00037749503643866306,0.020226598859990296,-0.7109844639804168,0.47805133014778317,0.5114942528735632,0.18663297722553646,75,0.0021060513053910877,0.013643563730438594,0.40049913907699036,0.6899428461198396,0.5333333333333333,1.543622580581727,0.42157339152780315,0.6418449054118834,0.9988106200615792,vix_high,False
nifty50,vix_regime,[vix_low] Buy Mon_Close -> Sell Close+2d,Mon_Close,Close+2d,179,6.161772234746273e-05,0.008788444214859548,-0.5218030637574471,0.6024561465210715,0.5363128491620112,0.07011220739534213,77,-0.0002533544558358643,0.009159397559625613,-0.6269377002386557,0.5325789411456535,0.5324675324675324,-0.27660602587297245,0.4221482516277277,0.6397010932640111,0.9988106200615792,vix_low,False
nifty50,vix_regime,[vix_low] Buy Tue_Close -> Sell Close+2d,Tue_Close,Close+2d,186,0.0011910751363429508,0.00851387787295389,1.2552615028127083,0.21096710280592132,0.5860215053763441,1.3989807630746616,81,0.0007304910539706628,0.009913609626177922,0.2933576036269593,0.7700084857679973,0.4567901234567901,0.736856787301494,0.352731535009501,0.564761770161547,0.9988106200615792,vix_low,False
nifty50,vix_regime,[vix_low] Buy Wed_Close -> Sell Close+2d,Wed_Close,Close+2d,182,-0.00035274153881960574,0.010092009808803046,-1.0105969231368146,0.3135584537668859,0.5164835164835165,-0.3495255608173476,79,0.0011693316641206567,0.010386274396973797,0.6496444087794588,0.5178305581816095,0.569620253164557,1.1258432229186626,0.4597200056030372,0.6730635234451705,0.9988106200615792,vix_low,False
nifty50,vix_regime,[vix_low] Buy Thu_Close -> Sell Close+2d,Thu_Close,Close+2d,198,0.00015729221867990837,0.011207051293537816,-0.31065504216371753,0.756391312792232,0.5505050505050505,0.1403511187377235,86,-0.00036950966213420707,0.011981766593502776,-0.5962199090398039,0.5526128307821341,0.4883720930232558,-0.30839330682219857,0.38550397038221695,0.59223462732753,0.9988106200615792,vix_low,False
nifty50,vix_regime,[vix_low] Buy Fri_Close -> Sell Close+2d,Fri_Close,Close+2d,198,0.0013949300146672023,0.010499448657354896,1.3228834883552771,0.18740763777529934,0.5808080808080808,1.3285745377592275,86,-0.00032500876237593387,0.009053852896399848,-0.7437153929771647,0.45909956857234147,0.5232558139534884,-0.3589728771771514,0.41897641605458513,0.625546388525921,0.9988106200615792,vix_low,False
nifty50,vix_regime,[vix_high] Buy Mon_Close -> Sell Close+3d,Mon_Close,Close+3d,198,0.002551872817425634,0.022740424846476277,0.16755992681871362,0.867101380911699,0.5303030303030303,1.1221746447806833,85,0.001343721094595152,0.017224019879215114,-0.4984173791563474,0.6194924680692692,0.49411764705882355,0.7801437202337834,0.39040653316034707,0.5983374786539382,0.9988106200615792,vix_high,False
nifty50,vix_regime,[vix_high] Buy Tue_Close -> Sell Close+3d,Tue_Close,Close+3d,193,0.0029296649811055434,0.018825562819139666,0.4778906151565428,0.6332716910946866,0.5129533678756477,1.5562164112974073,84,0.003812334975367112,0.018047668475571932,0.7733212003207289,0.44152920113093547,0.5595238095238095,2.112369794761702,0.4530690997323842,0.6607721782042654,0.9988106200615792,vix_high,False
nifty50,vix_regime,[vix_high] Buy Wed_Close -> Sell Close+3d,Wed_Close,Close+3d,197,0.0016363468381986885,0.024155195617619692,-0.37328048417073756,0.709343106882737,0.5583756345177665,0.677430588475581,85,0.0015112087932808598,0.019555395737195603,-0.3604990063649708,0.7193789421855747,0.5058823529411764,0.7727835394332854,0.40166252134606184,0.609593466839653,0.9988106200615792,vix_high,False
nifty50,vix_regime,[vix_high] Buy Thu_Close -> Sell Close+3d,Thu_Close,Close+3d,182,0.002325157305849348,0.021528157829980535,0.02797387281460898,0.9777138086820962,0.5274725274725275,1.0800540037899984,79,0.0022197472274062234,0.01808445563632392,-0.029617678388151814,0.9764476178884621,0.5443037974683544,1.22743380947984,0.4349813769749742,0.6495172324193399,0.9988106200615792,vix_high,False
nifty50,vix_regime,[vix_high] Buy Fri_Close -> Sell Close+3d,Fri_Close,Close+3d,174,0.0012540264050568046,0.026274488649975714,-0.5137972753537826,0.608049348438922,0.4885057471264368,0.4772790906657526,75,0.004047369707770598,0.015351139793595904,0.9901608760189411,0.32532214755535255,0.5866666666666667,2.6365271648813042,0.47366310663468214,0.6912244654085031,0.9988106200615792,vix_high,False
nifty50,vix_regime,[vix_low] Buy Mon_Close -> Sell Close+3d,Mon_Close,Close+3d,179,0.00026220587129076913,0.010985854854870872,-0.3634840070951083,0.7166746853355032,0.5027932960893855,0.23867589254969374,77,0.0006161154797834685,0.012396923392535973,0.03840153069774877,0.9694682354597864,0.5064935064935064,0.4969906324938844,0.39719817534305907,0.6151716936352885,0.9988106200615792,vix_low,False
nifty50,vix_regime,[vix_low] Buy Tue_Close -> Sell Close+3d,Tue_Close,Close+3d,186,0.0009298385878933883,0.011198613603585629,0.44736284615630073,0.655136445278683,0.5376344086021505,0.830315805874102,81,0.0008294642200321541,0.012963001330167158,0.18488598385343596,0.8537863749509973,0.5061728395061729,0.6398705044501127,0.3995059708753621,0.6122806998144883,0.9988106200615792,vix_low,False
nifty50,vix_regime,[vix_low] Buy Wed_Close -> Sell Close+3d,Wed_Close,Close+3d,182,0.000240720443651069,0.013653297424624077,-0.3160957450329053,0.7522940506369222,0.5,0.17630938238913876,79,0.0007886338755582348,0.014296299948266221,0.14031080346493052,0.8887761312617197,0.5443037974683544,0.5516349533879751,0.4349813769749742,0.6495172324193399,0.9988106200615792,vix_low,False
nifty50,vix_regime,[vix_low] Buy Thu_Close -> Sell Close+3d,Thu_Close,Close+3d,198,0.0005700228484490016,0.013264040150092242,0.009010664182304602,0.9928197456898332,0.5555555555555556,0.429750545081875,86,-0.0002143727292856134,0.013039114167098423,-0.5486003650938311,0.5847178490488577,0.47674418604651164,-0.16440743331056937,0.37445361147407896,0.5810235839454149,0.9988106200615792,vix_low,False
nifty50,vix_regime,[vix_low] Buy Fri_Close -> Sell Close+3d,Fri_Close,Close+3d,198,0.0012822654956646,0.012440825995320376,0.8131549907351361,0.4171108615580213,0.5757575757575758,1.0306916085370257,85,-0.00035700996415199726,0.01169984418836512,-0.7195268586261421,0.4738135086164365,0.5411764705882353,-0.30514078512859594,0.4357614755911955,0.6430304417088081,0.9988106200615792,vix_low,False
nifty50,vix_regime,[vix_high] Buy Mon_Close -> Sell Close+5d,Mon_Close,Close+5d,198,0.002688219917916848,0.030438801986007548,-0.4142048754634973,0.679174703104095,0.5151515151515151,0.8831556245717552,85,0.003588029865160302,0.023935379338365932,0.0005874841526195424,0.9995326484583407,0.5647058823529412,1.4990486736966235,0.4587719281568645,0.6650439418859984,0.9988106200615792,vix_high,False
nifty50,vix_regime,[vix_high] Buy Tue_Close -> Sell Close+5d,Tue_Close,Close+5d,193,0.004557715238932339,0.027751245546829995,0.4849372933837759,0.6282736386706432,0.5284974093264249,1.6423461899182983,84,0.005056091625690861,0.022068265962573084,0.6066927454660234,0.5457107890948288,0.5595238095238095,2.2911141429352875,0.4530690997323842,0.6607721782042654,0.9988106200615792,vix_high,False
nifty50,vix_regime,[vix_high] Buy Wed_Close -> Sell Close+5d,Wed_Close,Close+5d,197,0.003324105042213239,0.029990897124560486,-0.12248609875154702,0.9026395531891767,0.5482233502538071,1.1083713262752066,85,0.003970128019422733,0.021159253424056775,0.16617075353290608,0.8684218937332473,0.4823529411764706,1.876308175839957,0.379205636706352,0.5870263987365038,0.9988106200615792,vix_high,False
nifty50,vix_regime,[vix_high] Buy Thu_Close -> Sell Close+5d,Thu_Close,Close+5d,182,0.0036500069946291563,0.029395226312739418,0.029067925725891165,0.9768424420953724,0.5054945054945055,1.2417005930814358,79,0.0030188567855781805,0.022765220741688057,-0.2202153203997887,0.8262788212628579,0.569620253164557,1.326082808435061,0.4597200056030372,0.6730635234451705,0.9988106200615792,vix_high,False
nifty50,vix_regime,[vix_high] Buy Fri_Close -> Sell Close+5d,Fri_Close,Close+5d,174,0.002655237350342371,0.029473864324456638,-0.41558140832483914,0.6782313401614748,0.5172413793103449,0.9008785957323977,75,0.004673370747901953,0.023266955314446607,0.40184258366815007,0.6889581288130158,0.6,2.0085871506360036,0.48687832160076594,0.7033765692182941,0.9988106200615792,vix_high,False
nifty50,vix_regime,[vix_low] Buy Mon_Close -> Sell Close+5d,Mon_Close,Close+5d,179,0.001252189187619679,0.01568833450387439,0.048968148985785616,0.960999580564217,0.5195530726256983,0.7981657882871114,77,0.0007119857083479516,0.01658531437825165,-0.2536824809719003,0.8004258966288191,0.4935064935064935,0.42928683298375075,0.38482830636471144,0.6028018246569409,0.9988106200615792,vix_low,False
nifty50,vix_regime,[vix_low] Buy Tue_Close -> Sell Close+5d,Tue_Close,Close+5d,186,0.002422158335964613,0.015744585452614323,1.0604591387578377,0.29031827594385895,0.5913978494623656,1.5384071833802546,80,0.0005920539983031551,0.015905485249017158,-0.3367151103511711,0.737224517033975,0.5125,0.37223259085398835,0.4049314460370689,0.6189230605563166,0.9988106200615792,vix_low,False
nifty50,vix_regime,[vix_low] Buy Wed_Close -> Sell Close+5d,Wed_Close,Close+5d,182,0.0010624609245818886,0.016481257758749084,-0.10787145370065605,0.9142171432411117,0.5439560439560439,0.6446479632404758,78,0.0009017228549336598,0.017466878740705467,-0.14713887129714132,0.8834069919090134,0.5256410256410257,0.5162472748106112,0.4162457167544665,0.632629183051989,0.9988106200615792,vix_low,False
nifty50,vix_regime,[vix_low] Buy Thu_Close -> Sell Close+5d,Thu_Close,Close+5d,198,0.0004839107477929805,0.016960799751614283,-0.5881274230945482,0.5571203848952586,0.5555555555555556,0.2853112794677758,86,0.0006528872483248862,0.01763750271118842,-0.28317039810396216,0.7777347239588667,0.43023255813953487,0.37016989253854204,0.3307917119906583,0.5356398742678231,0.9988106200615792,vix_low,False
nifty50,vix_regime,[vix_low] Buy Fri_Close -> Sell Close+5d,Fri_Close,Close+5d,198,0.0018078641593601034,0.015508471270795392,0.5550166778269106,0.579512890260053,0.5555555555555556,1.1657268648809784,85,0.000718278444681582,0.01753432111929288,-0.24897642551473909,0.8039867767846711,0.5058823529411764,0.40964143395963337,0.40166252134606184,0.609593466839653,0.9988106200615792,vix_low,False
nifty50,vix_regime,[vix_high] Buy Mon_Close -> Sell Close+10d,Mon_Close,Close+10d,198,0.0059698714549763976,0.04223688681109886,-0.2107915961814451,0.8332677742394203,0.5303030303030303,1.4134260135402912,85,0.006123315981943363,0.03393275188349126,-0.12988471173203747,0.8969681655301556,0.5058823529411764,1.80454447165614,0.40166252134606184,0.609593466839653,0.9988106200615792,vix_high,False
nifty50,vix_regime,[vix_high] Buy Tue_Close -> Sell Close+10d,Tue_Close,Close+10d,193,0.00704832990624416,0.04041133660107659,0.15228619144915614,0.8791211238087678,0.5181347150259067,1.7441466922567432,84,0.007412869417434426,0.029975290558206715,0.24578103610441165,0.8064584910106174,0.6309523809523809,2.4729933486515985,0.5241504160580661,0.7263003954025629,0.9988106200615792,vix_high,False
nifty50,vix_regime,[vix_high] Buy Wed_Close -> Sell Close+10d,Wed_Close,Close+10d,197,0.005710757586552615,0.04288687712684171,-0.2916544670468866,0.770859272108292,0.5228426395939086,1.3315862494866548,85,0.005175996305639342,0.02991816486163752,-0.4375159373967717,0.6628600823177289,0.47058823529411764,1.7300514017409698,0.36805991970356805,0.575660139367858,0.9988106200615792,vix_high,False
nifty50,vix_regime,[vix_high] Buy Thu_Close -> Sell Close+10d,Thu_Close,Close+10d,182,0.007773446373272978,0.038899822775836486,0.40438857459679844,0.6864044451742776,0.5164835164835165,1.9983243672003648,79,0.004139724289547747,0.03446898132013772,-0.6314556227595419,0.5295889023474359,0.5189873417721519,1.2009998935272297,0.41050913955969837,0.6257045501807218,0.9988106200615792,vix_high,False
nifty50,vix_regime,[vix_high] Buy Fri_Close -> Sell Close+10d,Fri_Close,Close+10d,174,0.007899040876459748,0.04481314368535331,0.38004507377707386,0.7043781238447967,0.5517241379310345,1.762661627115766,75,0.007897083317012834,0.03253916585834856,0.3417982567428491,0.7334714870240024,0.5733333333333334,2.4269470678476788,0.46052588692688007,0.6789943663404308,0.9988106200615792,vix_high,False
nifty50,vix_regime,[vix_low] Buy Mon_Close -> Sell Close+10d,Mon_Close,Close+10d,178,0.002615297462048037,0.021865970380582547,-0.19840350830664297,0.8429570703038579,0.5393258426966292,1.1960582661222654,77,0.0024208272101441317,0.022416829923963995,-0.20244163571027932,0.8401124387342835,0.4935064935064935,1.0799150541603673,0.38482830636471144,0.6028018246569409,0.9988106200615792,vix_low,False
nifty50,vix_regime,[vix_low] Buy Tue_Close -> Sell Close+10d,Tue_Close,Close+10d,185,0.004557089055295524,0.022141347190428727,0.9898450963059632,0.32354971782931063,0.5621621621621622,2.0581805687349792,80,0.0018870447426595194,0.021968337470176593,-0.4265758830936018,0.6708484638265353,0.4625,0.8589838649471322,0.3574781238878701,0.5709583563319731,0.9988106200615792,vix_low,False
nifty50,vix_regime,[vix_low] Buy Wed_Close -> Sell Close+10d,Wed_Close,Close+10d,181,0.0030832302029789355,0.02318899783964119,0.08206825632483446,0.9346836221867459,0.5469613259668509,1.32960907767571,78,0.0032138546805980848,0.023260529270080477,0.10278913762719379,0.9183975562394312,0.5,1.3816773656702632,0.39167242528547985,0.6083275747145201,0.9988106200615792,vix_low,False
nifty50,vix_regime,[vix_low] Buy Thu_Close -> Sell Close+10d,Thu_Close,Close+10d,198,0.001713249240660596,0.024367337191180408,-0.7074091801939971,0.48014824211529356,0.5202020202020202,0.7030925156978971,85,0.0031435665257819483,0.021501108475438045,0.08618360746812512,0.9315255621296988,0.4823529411764706,1.4620485866452073,0.379205636706352,0.5870263987365038,0.9988106200615792,vix_low,False
nifty50,vix_regime,[vix_low] Buy Fri_Close -> Sell Close+10d,Fri_Close,Close+10d,197,0.0026505881235977225,0.022372201783783238,-0.18197259215093653,0.8557922975686356,0.5380710659898477,1.184768557522592,85,0.004352109275287218,0.024309458181346152,0.5318720087021148,0.596218544769508,0.5294117647058824,1.7902946428591349,0.424339860632142,0.6319400802964319,0.9988106200615792,vix_low,False
nifty50,vix_regime,[vix_high] Buy Mon_Close -> Sell Close+20d,Mon_Close,Close+20d,198,0.01363748103462131,0.05354640795025574,-0.17696268560080586,0.8597195035592127,0.494949494949495,2.546852638050052,85,0.010143270905485093,0.04421923509152222,-0.8641604185917068,0.3899607545271352,0.4823529411764706,2.293859422147665,0.379205636706352,0.5870263987365038,0.9988106200615792,vix_high,False
nifty50,vix_regime,[vix_high] Buy Tue_Close -> Sell Close+20d,Tue_Close,Close+20d,193,0.017182198278274826,0.05220217707432106,0.7616990716151121,0.44717422972129184,0.5077720207253886,3.291471590123964,84,0.01131075255137365,0.04409190447042603,-0.6202524613544258,0.5367908933155404,0.44047619047619047,2.5652674084332565,0.3392278217957345,0.5469309002676157,0.9988106200615792,vix_high,False
nifty50,vix_regime,[vix_high] Buy Wed_Close -> Sell Close+20d,Wed_Close,Close+20d,197,0.015426162296881119,0.051233739458353494,0.30428975749906645,0.7612299704542673,0.5126903553299492,3.010938194238315,85,0.009145339675601712,0.04237332504426324,-1.1176536997185351,0.2669013332540684,0.43529411764705883,2.158277564021345,0.33495605811400164,0.5412280718431356,0.9988106200615792,vix_high,False
nifty50,vix_regime,[vix_high] Buy Thu_Close -> Sell Close+20d,Thu_Close,Close+20d,182,0.017700161687956163,0.0491130709017942,0.9279609150404341,0.35466363839577025,0.532967032967033,3.6039615041277213,79,0.008017939590076035,0.042204241866709825,-1.3172352846914357,0.191616282972009,0.4810126582278481,1.899794720966303,0.3742954498192782,0.5894908604403015,0.9988106200615792,vix_high,False
nifty50,vix_regime,[vix_high] Buy Fri_Close -> Sell Close+20d,Fri_Close,Close+20d,174,0.017610843710719137,0.05147629804779428,0.8427500169168685,0.4005318854814198,0.5632183908045977,3.42115582872101,75,0.01145166033229443,0.04421779113422216,-0.5565794791334054,0.5794941133573875,0.48,2.5898309342348558,0.37068921756788065,0.5912598042683074,0.9988106200615792,vix_high,False
nifty50,vix_regime,[vix_low] Buy Mon_Close -> Sell Close+20d,Mon_Close,Close+20d,177,0.002006136139633653,0.04149962176059902,-0.7742755341768932,0.4398067366338014,0.5141242937853108,0.4834107046099246,76,0.005012367638373833,0.03158588716944361,0.16017117783926038,0.8731768430213509,0.5131578947368421,1.58690101420448,0.4028849903549509,0.622164607849494,0.9988106200615792,vix_low,False
nifty50,vix_regime,[vix_low] Buy Tue_Close -> Sell Close+20d,Tue_Close,Close+20d,184,0.003282856861935807,0.04498984405643543,-0.34438317068674573,0.73095356860253,0.5652173913043478,0.7296884287524488,79,0.005275506073616158,0.029322685851994948,0.2552056593077274,0.7992359887261853,0.5569620253164557,1.7991210287638923,0.4473171607311567,0.661323908490104,0.9988106200615792,vix_low,False
nifty50,vix_regime,[vix_low] Buy Wed_Close -> Sell Close+20d,Wed_Close,Close+20d,179,0.0036912021309599293,0.042336328455311434,-0.23224996203595244,0.8166106825860205,0.5810055865921788,0.8718758252398333,78,0.009175747987006062,0.030745862214820452,1.3549684917879754,0.17938958366324867,0.5897435897435898,2.9843846703323447,0.4788794806670461,0.6921826686555478,0.9988106200615792,vix_low,False
nifty50,vix_regime,[vix_low] Buy Thu_Close -> Sell Close+20d,Thu_Close,Close+20d,196,0.0015015619663663162,0.046570324352428416,-0.8775567161205249,0.38126423729929493,0.5459183673469388,0.32242892598363815,85,0.009520783953733115,0.031231949134815425,1.4944446033099767,0.13880668646246813,0.6,3.0484117121976033,0.4937124803740756,0.697639318783076,0.9988106200615792,vix_low,False
nifty50,vix_regime,[vix_low] Buy Fri_Close -> Sell Close+20d,Fri_Close,Close+20d,196,0.0046090365032703615,0.04000924621078106,0.06312089566842466,0.9497348897246389,0.5561224489795918,1.1519928366029528,84,0.0091308087032947,0.03182961268502946,1.3460081626322655,0.18196486303241854,0.5595238095238095,2.868652155352562,0.4530690997323842,0.6607721782042654,0.9988106200615792,vix_low,False
nifty50,trend_regime,[trend_up] Buy Mon_Close -> Sell Close+2d,Mon_Close,Close+2d,238,0.001424349059288196,0.011016745426755771,0.4377025920032525,0.6620005145017239,0.5126050420168067,1.292894592834066,103,-0.0007802604515998965,0.008407971314271573,-2.271895690497504,0.025191976857849192,0.4854368932038835,-0.9280008487606201,0.3911889229019198,0.580732126576935,0.9988106200615792,trend_up,False
nifty50,trend_regime,[trend_up] Buy Tue_Close -> Sell Close+2d,Tue_Close,Close+2d,245,0.0011642421973354323,0.011245157768730113,0.07378754517007372,0.941239891471799,0.5387755102040817,1.0353275794608146,106,0.0013652945340351336,0.009448596270751737,0.2756479243499654,0.7833602449178232,0.4716981132075472,1.444970760642427,0.37932593057045705,0.5660499561609816,0.9988106200615792,trend_up,False
nifty50,trend_regime,[trend_up] Buy Wed_Close -> Sell Close+2d,Wed_Close,Close+2d,243,0.0004552934233816469,0.011413529644613733,-0.8938785841111138,0.37227495487702206,0.5267489711934157,0.398906769034861,105,0.00179324315179128,0.01085773066239905,0.640676296643222,0.5231422036547252,0.5428571428571428,1.6515819074435,0.44774271222406536,0.6349462596396338,0.9988106200615792,trend_up,False
nifty50,trend_regime,[trend_up] Buy Thu_Close -> Sell Close+2d,Thu_Close,Close+2d,254,0.0005959012075927716,0.014121906765519911,-0.5803111541785807,0.5622212941719018,0.5590551181102362,0.42196936822138326,110,0.0015032659227982102,0.011952411126398279,0.34253298959387307,0.7326094622042442,0.5363636363636364,1.2577093499386696,0.4435223086398581,0.6267507725536599,0.9988106200615792,trend_up,False
nifty50,trend_regime,[trend_up] Buy Fri_Close -> Sell Close+2d,Fri_Close,Close+2d,240,0.0022088381875880686,0.01171558623545541,1.448520696221111,0.14878214291572955,0.5666666666666667,1.8853842592215841,104,0.0010373804755503873,0.008771310748069524,-0.08532386749769905,0.9321695500447011,0.5769230769230769,1.182697210652016,0.4808963374391583,0.6674694138108231,0.9988106200615792,trend_up,False
nifty50,trend_regime,[trend_down] Buy Mon_Close -> Sell Close+2d,Mon_Close,Close+2d,131,0.0010395130405764634,0.019309743770027896,0.278413492792868,0.7811373182402481,0.48854961832061067,0.5383360095072673,57,0.0018802417513471765,0.01086025206480402,0.9042082487017823,0.3697585145562067,0.5964912280701754,1.731305811437542,0.46697058444753836,0.7138267647346,0.9988106200615792,trend_down,False
nifty50,trend_regime,[trend_down] Buy Tue_Close -> Sell Close+2d,Tue_Close,Close+2d,128,0.0014939922918493099,0.02072313092711702,0.5035638863445154,0.6154402119053257,0.5546875,0.7209298136964251,56,0.001456204271746308,0.011758376895485227,0.5602057620856793,0.5776139026143772,0.5178571428571429,1.2384398669049599,0.3901016225125491,0.6433199437557326,0.9988106200615792,trend_down,False
nifty50,trend_regime,[trend_down] Buy Wed_Close -> Sell Close+2d,Wed_Close,Close+2d,129,0.0011605693163165957,0.01788883070018285,0.37476869681740826,0.708452697859211,0.5736434108527132,0.6487675666273329,56,0.0010179537014632781,0.011890932005411303,0.2806304225611207,0.7800468182167893,0.4642857142857143,0.8560756221631993,0.34019643403583766,0.5929604334275992,0.9988106200615792,trend_down,False
nifty50,trend_regime,[trend_down] Buy Thu_Close -> Sell Close+2d,Thu_Close,Close+2d,119,-0.0011892648804769825,0.024131071282143254,-0.7910451163715255,0.43050475896017953,0.5210084033613446,-0.49283550927845726,52,0.0018800304764752785,0.011718453181840593,0.799575037125854,0.42766555762139713,0.5,1.6043333085877345,0.36885638557969913,0.6311436144203009,0.9988106200615792,trend_down,False
nifty50,trend_regime,[trend_down] Buy Fri_Close -> Sell Close+2d,Fri_Close,Close+2d,125,-0.0014095950575916281,0.0226608100569251,-0.9717900432146679,0.33304683893151266,0.456,-0.6220408952948522,54,3.531329924317981e-05,0.010461231695375408,-0.3707026787403792,0.7123365487565455,0.5185185185185185,0.03375634941609289,0.3885147504846543,0.6460624396345678,0.9988106200615792,trend_down,False
nifty50,trend_regime,[trend_up] Buy Mon_Close -> Sell Close+3d,Mon_Close,Close+3d,238,0.0015999768959083383,0.014158874622577002,-0.028980504266577792,0.9769045281485719,0.5336134453781513,1.1300169953882484,103,-0.00046349446116229515,0.010751271606679491,-1.9634170696143134,0.05232029301770275,0.4174757281553398,-0.43110664311962676,0.32688581020320867,0.5140001368436345,0.9988106200615792,trend_up,False
nifty50,trend_regime,[trend_up] Buy Tue_Close -> Sell Close+3d,Tue_Close,Close+3d,245,0.0015644980037291894,0.0140134884588518,-0.06925791466968956,0.944841049142401,0.5102040816326531,1.1164229437395754,106,0.0021116574197487634,0.01262613966435179,0.39363132613286717,0.6946514345536501,0.5283018867924528,1.6724489637246327,0.4339500438390183,0.620674069429543,0.9988106200615792,trend_up,False
nifty50,trend_regime,[trend_up] Buy Wed_Close -> Sell Close+3d,Wed_Close,Close+3d,243,0.0007683361087854306,0.016780868868101297,-0.7956639022324249,0.42700716032440317,0.5185185185185185,0.4578643184835074,105,0.0028134625773020426,0.01367227943165953,0.8852479244892071,0.3780651249214573,0.5428571428571428,2.057786041724095,0.44774271222406536,0.6349462596396338,0.9988106200615792,trend_up,False
nifty50,trend_regime,[trend_up] Buy Thu_Close -> Sell Close+3d,Thu_Close,Close+3d,254,0.0020989086518757227,0.015720870809776837,0.4778386333293896,0.6331776465328365,0.5511811023622047,1.3351096623543321,110,0.0012279661175089412,0.012408094250680058,-0.33544081663247327,0.7379373366963613,0.4727272727272727,0.9896492504815068,0.38193047126891827,0.5653647178359432,0.9988106200615792,trend_up,False
nifty50,trend_regime,[trend_up] Buy Fri_Close -> Sell Close+3d,Fri_Close,Close+3d,240,0.0024238855612118836,0.01388329877584395,0.8877760262140785,0.37555378247689164,0.55,1.7459003082389102,103,0.0016454451736299378,0.010880729411303995,0.017463540953426514,0.9861009330305652,0.5728155339805825,1.512256312449498,0.476361241327509,0.6640335112782175,0.9988106200615792,trend_up,False
nifty50,trend_regime,[trend_down] Buy Mon_Close -> Sell Close+3d,Mon_Close,Close+3d,131,0.001561312808455066,0.025923264348674317,0.2705465230838616,0.7871688905742407,0.5419847328244275,0.6022824855137927,57,0.002480228884798123,0.014266297983086755,0.8046709899338704,0.4244127020296719,0.543859649122807,1.7385231177271985,0.41590460831272247,0.6662760049518861,0.9988106200615792,trend_down,False
nifty50,trend_regime,[trend_down] Buy Tue_Close -> Sell Close+3d,Tue_Close,Close+3d,128,0.0024152617300376563,0.019964892196567444,0.8292340238700336,0.40852785542478476,0.5234375,1.209754456101151,56,0.0029842834535222648,0.015955201947796663,0.9473327936497749,0.34761303740588106,0.5178571428571429,1.8704140902048438,0.3901016225125491,0.6433199437557326,0.9988106200615792,trend_down,False
nifty50,trend_regime,[trend_down] Buy Wed_Close -> Sell Close+3d,Wed_Close,Close+3d,129,-0.00033016557540161876,0.0266330515789878,-0.5421964023109843,0.5886259000019147,0.5348837209302325,-0.12396836105033626,56,0.0013140001936624373,0.015248544805093384,0.17888486308200024,0.8586854473540775,0.5357142857142857,0.8617216989935521,0.4070395665724008,0.6598035659641625,0.9988106200615792,trend_down,False
nifty50,trend_regime,[trend_down] Buy Thu_Close -> Sell Close+3d,Thu_Close,Close+3d,119,-0.0008835700244448926,0.023295753843550347,-0.8532160096348765,0.395268141247317,0.4957983193277311,-0.3792837228530028,52,0.002174018554469296,0.014472886550609104,0.6058522524783818,0.547299915742787,0.5192307692307693,1.5021319671560618,0.3868545397052721,0.6489610529711556,0.9988106200615792,trend_down,False
nifty50,trend_regime,[trend_down] Buy Fri_Close -> Sell Close+3d,Fri_Close,Close+3d,125,-0.0005140899975776475,0.029564756612905765,-0.5500136338420619,0.5832993780153982,0.48,-0.17388609157473467,54,0.0009853568759867306,0.01362374662470863,0.020928161373187554,0.9833815543999606,0.5185185185185185,0.7232642408363965,0.3885147504846543,0.6460624396345678,0.9988106200615792,trend_down,False
nifty50,trend_regime,[trend_up] Buy Mon_Close -> Sell Close+5d,Mon_Close,Close+5d,238,0.003320814872372739,0.020206432515753388,0.3625645021221423,0.7172533436709964,0.5252100840336135,1.6434444179019514,103,0.0014135459084480564,0.014586463612844821,-0.9910752719097223,0.3239940862245112,0.4368932038834951,0.9690806119745774,0.34508271727975537,0.5332418304619483,0.9988106200615792,trend_up,False
nifty50,trend_regime,[trend_up] Buy Tue_Close -> Sell Close+5d,Tue_Close,Close+5d,244,0.003418114035034449,0.02009081873153476,0.44473226151089973,0.6569091090999108,0.5532786885245902,1.7013313796263274,106,0.002261006795443367,0.016574826078525545,-0.36099595706708665,0.7188277662235285,0.5094339622641509,1.3641209776389405,0.4156133994571823,0.6025946382990048,0.9988106200615792,trend_up,False
nifty50,trend_regime,[trend_up] Buy Wed_Close -> Sell Close+5d,Wed_Close,Close+5d,242,0.0026323938239675286,0.01972084897867309,-0.16730863035473978,0.8672675151516357,0.5206611570247934,1.3348278397214561,105,0.002603737546874017,0.015702036002282965,-0.15664865775820858,0.8758254462552924,0.49523809523809526,1.6582165182244213,0.40147502342062186,0.5893373130389672,0.9988106200615792,trend_up,False
nifty50,trend_regime,[trend_up] Buy Thu_Close -> Sell Close+5d,Thu_Close,Close+5d,254,0.002776582050502058,0.01942024722983504,-0.05598078446087076,0.955401298498521,0.5275590551181102,1.4297356864934427,110,0.0017102613781898167,0.016273240278632202,-0.7279620476993505,0.4681977328828027,0.4818181818181818,1.0509654800805088,0.390641183226373,0.5742222761768682,0.9988106200615792,trend_up,False
nifty50,trend_regime,[trend_up] Buy Fri_Close -> Sell Close+5d,Fri_Close,Close+5d,240,0.0035653183229789084,0.01815858657447271,0.6133139128005038,0.5402520206046402,0.5458333333333333,1.9634338324498355,103,0.00286680186173438,0.016798386495623967,0.013149017953325603,0.9895345884292632,0.5242718446601942,1.7065935841404714,0.428696500548807,0.6181017503197686,0.9988106200615792,trend_up,False
nifty50,trend_regime,[trend_down] Buy Mon_Close -> Sell Close+5d,Mon_Close,Close+5d,131,-0.0006356465987160247,0.033957336597390274,-0.6781352064027006,0.4988912441114231,0.5190839694656488,-0.1871897688126919,57,0.004063271136899708,0.018754389752491465,1.0690686427382055,0.2896253860501209,0.5964912280701754,2.166570701859235,0.46697058444753836,0.7138267647346,0.9988106200615792,trend_down,False
nifty50,trend_regime,[trend_down] Buy Tue_Close -> Sell Close+5d,Tue_Close,Close+5d,128,0.0030063762766091417,0.028082550521332256,0.6510485069321611,0.516191422597569,0.5546875,1.0705495835662853,56,0.0046115756469505415,0.019676795037314888,1.2164706290803444,0.22900048691899771,0.5714285714285714,2.3436619826578426,0.4413738892040555,0.6923123758690708,0.9988106200615792,trend_down,False
nifty50,trend_regime,[trend_down] Buy Wed_Close -> Sell Close+5d,Wed_Close,Close+5d,129,0.00028810603847132763,0.03258420803437696,-0.3805148468016598,0.7041940117442166,0.5348837209302325,0.08841891696964685,56,0.003925160521306679,0.02141158868378346,0.8801613322266469,0.3826016886252363,0.5357142857142857,1.833194434693903,0.4070395665724008,0.6598035659641625,0.9988106200615792,trend_down,False
nifty50,trend_regime,[trend_down] Buy Thu_Close -> Sell Close+5d,Thu_Close,Close+5d,119,-0.0008041435411793785,0.033373189185720936,-0.7122324138109333,0.47772674948954724,0.5126050420168067,-0.24095495839619657,52,0.004704544208419375,0.0188661389312532,1.2569256564641387,0.214506761337526,0.5961538461538461,2.4936444206005173,0.4606733176249609,0.7184046457571771,0.9988106200615792,trend_down,False
nifty50,trend_regime,[trend_down] Buy Fri_Close -> Sell Close+5d,Fri_Close,Close+5d,125,-0.00020663796407262365,0.03312229081628507,-0.5347680381519013,0.5937678895508371,0.512,-0.06238637454720583,54,0.0015163268823713415,0.017503131147821843,0.05503344800320949,0.9563187520084914,0.5370370370370371,0.8663175003176726,0.40605127016254966,0.6631031100758948,0.9988106200615792,trend_down,False
nifty50,trend_regime,[trend_up] Buy Mon_Close -> Sell Close+10d,Mon_Close,Close+10d,237,0.006135445820971441,0.027019778855269735,0.21333666028919696,0.8312485602150483,0.540084388185654,2.2707239218483943,103,0.0034501946406981635,0.020095075953992816,-1.1609871545194623,0.2483570036344921,0.4854368932038835,1.7169353569985502,0.3911889229019198,0.580732126576935,0.9988106200615792,trend_up,False
nifty50,trend_regime,[trend_up] Buy Tue_Close -> Sell Close+10d,Tue_Close,Close+10d,244,0.00639387793018319,0.026711243363772286,0.3697967217941913,0.7118560325274788,0.5327868852459017,2.39370284756382,105,0.005466443583884494,0.021164328367790673,-0.14155686656535665,0.8877038856838924,0.5238095238095238,2.5828571022379823,0.4291367039754026,0.6168016137266525,0.9988106200615792,trend_up,False
nifty50,trend_regime,[trend_up] Buy Wed_Close -> Sell Close+10d,Wed_Close,Close+10d,242,0.005704391194570472,0.026169175030560977,-0.03311970607089467,0.9736065414637852,0.512396694214876,2.1798131534176184,104,0.005958187920521803,0.020522511637596694,0.0978994386892425,0.9222024056086187,0.5,2.9032449954159416,0.4056302261379199,0.5943697738620801,0.9988106200615792,trend_up,False
nifty50,trend_regime,[trend_up] Buy Thu_Close -> Sell Close+10d,Thu_Close,Close+10d,254,0.004990483259712477,0.027319616448993327,-0.4481553434614865,0.6544246256696525,0.5275590551181102,1.8267032661420715,110,0.0044929345337328085,0.020017011755034054,-0.6609808604022118,0.5100192472401409,0.4818181818181818,2.244558073261303,0.390641183226373,0.5742222761768682,0.9988106200615792,trend_up,False
nifty50,trend_regime,[trend_up] Buy Fri_Close -> Sell Close+10d,Fri_Close,Close+10d,239,0.00691249367648872,0.02472706823600074,0.7189042057111633,0.47290517146840055,0.5271966527196653,2.7955168847816143,103,0.006514426529754606,0.02217631654136297,0.3434790457615537,0.7319450772227996,0.5145631067961165,2.9375602199779136,0.41926787342306515,0.6088110770980802,0.9988106200615792,trend_up,False
nifty50,trend_regime,[trend_down] Buy Mon_Close -> Sell Close+10d,Mon_Close,Close+10d,131,0.00023280227299429112,0.04887881736583261,-0.597576713836503,0.5511619118364081,0.5267175572519084,0.04762845861263107,57,0.007365120595815305,0.025560297597731915,1.3381197686813566,0.1862657118180653,0.543859649122807,2.881469031279529,0.41590460831272247,0.6662760049518861,0.9988106200615792,trend_down,False
nifty50,trend_regime,[trend_down] Buy Tue_Close -> Sell Close+10d,Tue_Close,Close+10d,128,0.003087606738432339,0.044119335265575564,0.0748461328429524,0.9404549025652775,0.5546875,0.6998307476408119,56,0.006496609678425284,0.02573706877314066,1.0667466903809135,0.29074651903642723,0.5178571428571429,2.5242228381520975,0.3901016225125491,0.6433199437557326,0.9988106200615792,trend_down,False
nifty50,trend_regime,[trend_down] Buy Wed_Close -> Sell Close+10d,Wed_Close,Close+10d,129,4.4656551082442646e-05,0.04888851697002422,-0.6363849131006383,0.5256619319984428,0.5271317829457365,0.009134364028637567,56,0.004671157441187688,0.0277013288342779,0.5023952784736395,0.6173951453415844,0.5178571428571429,1.6862575326738662,0.3901016225125491,0.6433199437557326,0.9988106200615792,trend_down,False
nifty50,trend_regime,[trend_down] Buy Thu_Close -> Sell Close+10d,Thu_Close,Close+10d,118,0.0015771415400557163,0.04598598334258581,-0.2863631074076472,0.7751064754318034,0.5338983050847458,0.3429613602706605,52,0.00765859150106704,0.025533419545141378,1.360410734725858,0.17968268178776597,0.5192307692307693,2.999438241136156,0.3868545397052721,0.6489610529711556,0.9988106200615792,trend_down,False
nifty50,trend_regime,[trend_down] Buy Fri_Close -> Sell Close+10d,Fri_Close,Close+10d,125,0.0018718308698735771,0.05185837361317037,-0.1981431302334117,0.8432575560642999,0.568,0.3609505542607669,54,0.004874622480662393,0.025986970233151132,0.5827106708308692,0.5625591909848622,0.5185185185185185,1.8757948452351405,0.3885147504846543,0.6460624396345678,0.9988106200615792,trend_down,False
nifty50,trend_regime,[trend_up] Buy Mon_Close -> Sell Close+20d,Mon_Close,Close+20d,236,0.010683053908379439,0.03916404013545227,-0.21694980007972198,0.8284356952899542,0.5254237288135594,2.7277711572736516,102,0.008220446722792174,0.026175396473291285,-1.1583064532628458,0.24947057083885876,0.45098039215686275,3.140524244276533,0.3579445828535625,0.5475746080883734,0.9988106200615792,trend_up,False
nifty50,trend_regime,[trend_up] Buy Tue_Close -> Sell Close+20d,Tue_Close,Close+20d,242,0.011977798590514191,0.03860547466135948,0.2977667824737905,0.7661376987068127,0.5206611570247934,3.102616583679221,105,0.011258574434211318,0.02723288414838707,0.007961886717193091,0.9936626533716658,0.5047619047619047,4.13418364829277,0.4106626869610328,0.5985249765793781,0.9988106200615792,trend_up,False
nifty50,trend_regime,[trend_up] Buy Wed_Close -> Sell Close+20d,Wed_Close,Close+20d,240,0.0097538622775779,0.039648553338927736,-0.5784218941015492,0.5635239606138442,0.4791666666666667,2.4600802440883425,104,0.0145396791920174,0.027146954694893824,1.2345899188113778,0.21979233617571942,0.5865384615384616,5.355915370777195,0.4904590522556228,0.6764524179006063,0.9988106200615792,trend_up,False
nifty50,trend_regime,[trend_up] Buy Thu_Close -> Sell Close+20d,Thu_Close,Close+20d,253,0.009516925491801545,0.04021133559414274,-0.6791693017171181,0.4976539061309328,0.5217391304347826,2.366727031366697,109,0.013049052582790023,0.028412870108104372,0.6626627362808287,0.5089583226940323,0.5596330275229358,4.592655558252795,0.4659835342166254,0.6492222055105674,0.9988106200615792,trend_up,False
nifty50,trend_regime,[trend_up] Buy Fri_Close -> Sell Close+20d,Fri_Close,Close+20d,237,0.013213225673939885,0.03876826963430304,0.7829739902987769,0.4344273679332978,0.569620253164557,3.4082577836408063,103,0.011617552987679717,0.029311039015478903,0.1310167078027626,0.8960201532201509,0.49514563106796117,3.963541852455175,0.40051410341890453,0.5901262464073804,0.9988106200615792,trend_up,False
nifty50,trend_regime,[trend_down] Buy Mon_Close -> Sell Close+20d,Mon_Close,Close+20d,131,0.0011154133463077969,0.06765629475927377,-0.8518493060026368,0.39586426110134565,0.46564885496183206,0.16486468114704217,57,0.012918471556730055,0.03723694860010227,1.3561730742064153,0.1804872962331407,0.49122807017543857,3.4692615916156386,0.3661606806374018,0.6174031967096765,0.9988106200615792,trend_down,False
nifty50,trend_regime,[trend_down] Buy Tue_Close -> Sell Close+20d,Tue_Close,Close+20d,128,0.004856306299131483,0.06909743942018705,-0.2142824408253936,0.830670481454639,0.546875,0.702820008944166,56,0.008673881755729152,0.03897003085572701,0.47647139379013975,0.635626110872092,0.5,2.225782624561213,0.37331520958682995,0.62668479041317,0.9988106200615792,trend_down,False
nifty50,trend_regime,[trend_down] Buy Wed_Close -> Sell Close+20d,Wed_Close,Close+20d,129,0.005192605995562245,0.06319981307106548,-0.1749965575826521,0.8613588493891228,0.5581395348837209,0.821617302842871,56,0.011148750968464415,0.03986950225031447,0.9260769296117477,0.35845187329811024,0.4642857142857143,2.796310547964385,0.34019643403583766,0.5929604334275992,0.9988106200615792,trend_down,False
nifty50,trend_regime,[trend_down] Buy Thu_Close -> Sell Close+20d,Thu_Close,Close+20d,118,0.004552868233702767,0.06671836448869967,-0.2622017863121513,0.7936269640182236,0.5254237288135594,0.6824010553307108,52,0.011914379789859458,0.03826568247117873,1.0720295315255066,0.28875358774478666,0.5,3.1135939621182063,0.36885638557969913,0.6311436144203009,0.9988106200615792,trend_down,False
nifty50,trend_regime,[trend_down] Buy Fri_Close -> Sell Close+20d,Fri_Close,Close+20d,125,0.006155864442575423,0.06314165121409536,-0.0025209579518893554,0.9979926198953267,0.504,0.9749292779345664,54,0.008224255563997107,0.03530780260457462,0.4235338256874615,0.6736197171390363,0.48148148148148145,2.3293025782724697,0.3539375603654322,0.6114852495153457,0.9988106200615792,trend_down,False
banknifty,multiday_hold,Buy Mon_Close -> Sell Close+2d,Mon_Close,Close+2d,378,0.0016053659071155288,0.019702594637711214,0.5624891815228183,0.5741170792564111,0.4973544973544973,0.8147992366664347,162,-0.0003008261657457323,0.011998196964793009,-1.412254702571329,0.1598049605143763,0.4444444444444444,-0.25072614379349134,0.3700925386040025,0.5213701583309042,0.9988106200615792,,False
banknifty,multiday_hold,Buy Tue_Close -> Sell Close+2d,Tue_Close,Close+2d,381,0.0017225639598143284,0.02037831375565875,0.658107170470179,0.5108677573342383,0.5223097112860893,0.8452926873480876,164,0.0006682765981419555,0.012806090974938388,-0.3651976886479723,0.7154372759858406,0.5,0.5218427695459744,0.4243556892194609,0.5756443107805391,0.9988106200615792,,False
banknifty,multiday_hold,Buy Wed_Close -> Sell Close+2d,Wed_Close,Close+2d,380,0.0006837632083052889,0.01924977374479613,-0.3548008337382698,0.7229361481708909,0.49736842105263157,0.35520584157002544,164,0.0011673441042171586,0.01280295058735556,0.13238452696606665,0.8948434313973064,0.5060975609756098,0.91177740338235,0.4303191841164992,0.5815968128711366,0.9988106200615792,,False
banknifty,multiday_hold,Buy Thu_Close -> Sell Close+2d,Thu_Close,Close+2d,382,5.477919978206538e-05,0.025965572286942424,-0.736556490261855,0.46184537571453416,0.5340314136125655,0.021096858246260477,164,0.0018339797392458554,0.013910880901461442,0.7336664491157646,0.4642059879843439,0.5487804878048781,1.3183778599191243,0.4723722558821487,0.6229557200189392,0.9988106200615792,,False
banknifty,multiday_hold,Buy Fri_Close -> Sell Close+2d,Fri_Close,Close+2d,374,0.0010828959125265979,0.023604448813037957,0.03952538087606123,0.9684926648751685,0.5026737967914439,0.45876771836691166,161,0.0018743462858716784,0.012141864238535192,0.8748402533270255,0.38297215695779724,0.5527950310559007,1.5437055208729642,0.47565184027902274,0.627477466886159,0.9988106200615792,,False
banknifty,multiday_hold,Buy Mon_Close -> Sell Close+3d,Mon_Close,Close+3d,378,0.002099028547056224,0.024881282853251526,0.4287902220579472,0.6683207966670576,0.5343915343915344,0.8436174932925211,162,-0.00018156758524309088,0.014875710859878585,-1.4766003800081684,0.14173606692001406,0.4074074074074074,-0.12205640923876684,0.33473866483883297,0.48436583005267797,0.9988106200615792,,False
banknifty,multiday_hold,Buy Tue_Close -> Sell Close+3d,Tue_Close,Close+3d,381,0.002116832990010722,0.02299968400815258,0.48080174400697756,0.630934110174205,0.49606299212598426,0.9203748143932671,164,0.0014390861784271299,0.016693683902592443,-0.08448516482632128,0.9327743725375552,0.5060975609756098,0.8620542876121233,0.4303191841164992,0.5815968128711366,0.9988106200615792,,False
banknifty,multiday_hold,Buy Wed_Close -> Sell Close+3d,Wed_Close,Close+3d,380,0.0003867649881772016,0.029291576560699025,-0.7728194905077568,0.4401109048963681,0.5131578947368421,0.1320396624523551,164,0.002590530276271366,0.017133132653047233,0.7757066833686433,0.43904619269028755,0.5304878048780488,1.5120003613645194,0.454283211799702,0.605296773138478,0.9988106200615792,,False
banknifty,multiday_hold,Buy Thu_Close -> Sell Close+3d,Thu_Close,Close+3d,382,0.001319643187821549,0.027330779641733,-0.16419931010943922,0.8696613165379917,0.5052356020942408,0.4828413990087963,164,0.0021013979651241313,0.015890912620414577,0.44336422771553136,0.6580902175857299,0.5426829268292683,1.3223897301055754,0.4663314737786557,0.6170805051347961,0.9988106200615792,,False
banknifty,multiday_hold,Buy Fri_Close -> Sell Close+3d,Fri_Close,Close+3d,373,0.0019620502792988296,0.028678128532667272,0.27742135075803454,0.7816106919247282,0.4906166219839142,0.6841625934774151,161,0.0014832680985260038,0.015500292235273886,-0.05409365840374661,0.9569280281585556,0.5341614906832298,0.9569291185043227,0.45721002180161946,0.6095207063640863,0.9988106200615792,,False
banknifty,multiday_hold,Buy Mon_Close -> Sell Close+5d,Mon_Close,Close+5d,378,0.0025697713442912364,0.03582040847985831,-0.024388990012205715,0.9805552341960098,0.4894179894179894,0.7174042545428284,162,0.0017444120357221103,0.020159940208173716,-0.5477964769652771,0.5845903111089444,0.4876543209876543,0.8652863141999051,0.41186389539073653,0.5640167039281317,0.9988106200615792,,False
banknifty,multiday_hold,Buy Tue_Close -> Sell Close+5d,Tue_Close,Close+5d,380,0.003645669079006905,0.033260349444877824,0.6034078429811658,0.5465983487027263,0.531578947368421,1.0961006543388399,164,0.003400105547183502,0.021676024886507047,0.4625642288726388,0.644293643917213,0.49390243902439024,1.5686019761400114,0.41840318712886326,0.5696808158835007,0.9988106200615792,,False
banknifty,multiday_hold,Buy Wed_Close -> Sell Close+5d,Wed_Close,Close+5d,380,0.0021438603437578833,0.034639906610332234,-0.2646525640510903,0.7914209886674581,0.5052631578947369,0.6188989964304414,163,0.003614926170078191,0.022219725607393548,0.5729130273548185,0.5674979222198226,0.5705521472392638,1.626899554905095,0.4937985274432799,0.6440567796264198,0.9988106200615792,,False
banknifty,multiday_hold,Buy Thu_Close -> Sell Close+5d,Thu_Close,Close+5d,382,0.002266356315532125,0.033885336703732165,-0.20069657605136235,0.841042927745417,0.5,0.6688309859062154,164,0.0020181678372565583,0.020644031474997902,-0.3689611623997299,0.7126354878887524,0.5,0.9776035459453607,0.4243556892194609,0.5756443107805391,0.9988106200615792,,False
banknifty,multiday_hold,Buy Fri_Close -> Sell Close+5d,Fri_Close,Close+5d,373,0.002382908359979325,0.03437970832793468,-0.13007363724571966,0.8965784730609206,0.5281501340482574,0.6931147691102229,161,0.0024333993555529392,0.02070210732187464,-0.11081563845837324,0.9119014274363835,0.5093167701863354,1.1754355813727795,0.43278304467156725,0.5854162448281706,0.9988106200615792,,False
banknifty,multiday_hold,Buy Mon_Close -> Sell Close+10d,Mon_Close,Close+10d,377,0.005222627376305322,0.049924802422621255,-0.01707602142604879,0.986385025523613,0.5251989389920424,1.0460987571057296,162,0.0038805056346620202,0.02776315048778351,-0.6334825629706771,0.5273174412445764,0.48148148148148145,1.3977180422551616,0.4058623839970067,0.5579585149812956,0.9988106200615792,,False
banknifty,multiday_hold,Buy Tue_Close -> Sell Close+10d,Tue_Close,Close+10d,380,0.006363584138016908,0.04667782733423784,0.4575222885358015,0.6475578483827026,0.5289473684210526,1.3632991296810568,163,0.005290824091355954,0.028791621626672387,0.010712031035140426,0.9914663795358648,0.49693251533742333,1.8376262928012936,0.4211338733377853,0.5728724176591843,0.9988106200615792,,False
banknifty,multiday_hold,Buy Wed_Close -> Sell Close+10d,Wed_Close,Close+10d,379,0.004187453344320297,0.04967189913202755,-0.42238901924229205,0.6729812453702739,0.5303430079155673,0.8430225977851333,163,0.006008313060359132,0.02859941808584471,0.3300962415891252,0.7417537186231137,0.5153374233128835,2.1008515076511114,0.4391484866370029,0.5908200583781492,0.9988106200615792,,False
banknifty,multiday_hold,Buy Thu_Close -> Sell Close+10d,Thu_Close,Close+10d,381,0.004920562793187601,0.04868211153052702,-0.13855936386299914,0.8898717531966315,0.5249343832020997,1.0107537735092018,164,0.004772174868396518,0.027787930234347176,-0.2271598773493818,0.8205840823040363,0.49390243902439024,1.7173552791268663,0.41840318712886326,0.5696808158835007,0.9988106200615792,,False
banknifty,multiday_hold,Buy Fri_Close -> Sell Close+10d,Fri_Close,Close+10d,373,0.005657218321792737,0.05105852513296903,0.14755844158425546,0.882771197537492,0.546916890080429,1.1079870221593633,160,0.006364256527496158,0.028231143423496016,0.49027471123538646,0.6246153793821242,0.49375,2.254338916432042,0.41734025920911827,0.5704528287490073,0.9988106200615792,,False
banknifty,multiday_hold,Buy Mon_Close -> Sell Close+20d,Mon_Close,Close+20d,375,0.00875321487074878,0.06957609220924192,-0.4565682423548988,0.648246446494547,0.49866666666666665,1.2580779679928724,162,0.009278283377092992,0.03724656055257694,-0.38070077444503275,0.7039271333279238,0.4567901234567901,2.4910443379049303,0.3819700748348308,0.5336120227812077,0.9988106200615792,,False
banknifty,multiday_hold,Buy Tue_Close -> Sell Close+20d,Tue_Close,Close+20d,378,0.010881912548291855,0.06977328237352497,0.1352731003413963,0.8924681471225409,0.5317460317460317,1.5596102373450798,163,0.010486075285223773,0.03957606196528438,0.029030638921443887,0.9768758873161528,0.50920245398773,2.6496004818321808,0.4331324517981147,0.5848486752109764,0.9988106200615792,,False
banknifty,multiday_hold,Buy Wed_Close -> Sell Close+20d,Wed_Close,Close+20d,378,0.008914893231454892,0.06930891908767133,-0.4148695261039251,0.6784734020061124,0.5264550264550265,1.2862548354243017,162,0.013248046594125167,0.03918953169962042,0.9234826847677737,0.3571376644904422,0.5123456790123457,3.38050648210565,0.4359832960718685,0.5881361046092636,0.9988106200615792,,False
banknifty,multiday_hold,Buy Thu_Close -> Sell Close+20d,Thu_Close,Close+20d,380,0.010006711045992107,0.0706986285699971,-0.10714357892365795,0.9147317677692266,0.55,1.4154038414033292,163,0.010483380409516163,0.03865698027610408,0.028833555774773215,0.9770328283311477,0.5030674846625767,2.7118984293753785,0.4271275823408157,0.5788661266622147,0.9988106200615792,,False
banknifty,multiday_hold,Buy Fri_Close -> Sell Close+20d,Fri_Close,Close+20d,371,0.012561000587190166,0.06805772112374973,0.6119557843461066,0.5409428643941807,0.5256064690026954,1.8456393161255615,160,0.010561863175086755,0.03818874443078202,0.05482975364032995,0.9563429304146341,0.49375,2.7657005571969973,0.41734025920911827,0.5704528287490073,0.9988106200615792,,False
banknifty,vix_regime,[vix_high] Buy Mon_Close -> Sell Close+2d,Mon_Close,Close+2d,198,0.0022142606003443355,0.023829798322703617,0.3063075558437467,0.7596939667966408,0.494949494949495,0.9291982124056498,86,0.0023979484222245977,0.016003583474526323,0.4054179885519103,0.6861889334328161,0.46511627906976744,1.4983821754930875,0.36345695311713955,0.5697588400121011,0.9988106200615792,vix_high,False
banknifty,vix_regime,[vix_high] Buy Tue_Close -> Sell Close+2d,Tue_Close,Close+2d,194,0.001552103933977864,0.024545212654591888,-0.08043161862251595,0.9359773217527395,0.5051546391752577,0.6323448714091701,84,0.0019110824263538905,0.017635816016193438,0.11203308476930589,0.9110676754911701,0.5,1.083637085235585,0.39543750035009767,0.6045624996499024,0.9988106200615792,vix_high,False
banknifty,vix_regime,[vix_high] Buy Wed_Close -> Sell Close+2d,Wed_Close,Close+2d,198,0.0017926766388389058,0.021837992252499813,0.06328578146470064,0.949603104272765,0.48484848484848486,0.8208981018544398,85,0.0009014483086646443,0.018347016334148272,-0.39602013708599776,0.6930943007966424,0.4823529411764706,0.4913323737477843,0.379205636706352,0.5870263987365038,0.9988106200615792,vix_high,False
banknifty,vix_regime,[vix_high] Buy Thu_Close -> Sell Close+2d,Thu_Close,Close+2d,182,0.000240847839735345,0.03269379804488152,-0.5980644514474087,0.5505445259775449,0.521978021978022,0.07366774560872767,79,0.003114707143577836,0.02262578409488277,0.5544773290102636,0.5808386266214631,0.5949367088607594,1.376618432544083,0.48472952838439765,0.6963389203177036,0.9988106200615792,vix_high,False
banknifty,vix_regime,[vix_high] Buy Fri_Close -> Sell Close+2d,Fri_Close,Close+2d,174,0.0009295642747311588,0.030622369917188245,-0.3284316122761917,0.7429825356808983,0.4540229885057471,0.30355726132398303,75,0.0040820786663812066,0.016922850642587643,1.2138153802059608,0.2286780698039125,0.5733333333333334,2.4121696471800944,0.46052588692688007,0.6789943663404308,0.9988106200615792,vix_high,False
banknifty,vix_regime,[vix_low] Buy Mon_Close -> Sell Close+2d,Mon_Close,Close+2d,179,-0.00042124162950697713,0.011753928170779098,-0.9037602200604095,0.3673440405048701,0.5027932960893855,-0.358383702355955,77,-0.00014481087608939782,0.01159719312280305,-0.3907245824120503,0.6970939509273049,0.4805194805194805,-0.12486717652796743,0.3725285050287548,0.5903618880362019,0.9988106200615792,vix_low,False
banknifty,vix_regime,[vix_low] Buy Tue_Close -> Sell Close+2d,Tue_Close,Close+2d,186,0.0012978187220763456,0.012900559753900242,0.9729931390390737,0.33182718979620807,0.5376344086021505,1.006017371985719,81,0.0007760600181840395,0.011771189108269305,0.30476915061572435,0.7613334336573037,0.5185185185185185,0.6592876990132241,0.4113545922111773,0.6240054198583734,0.9988106200615792,vix_low,False
banknifty,vix_regime,[vix_low] Buy Wed_Close -> Sell Close+2d,Wed_Close,Close+2d,182,7.275840698649853e-06,0.013985070024312698,-0.35371743835531944,0.7239623263878443,0.5274725274725275,0.005202577238441412,79,0.00023262238625153614,0.01052436444381772,-0.11945076920964554,0.90522536575141,0.5316455696202531,0.2210322414178506,0.42271215907094595,0.6376439904964211,0.9988106200615792,vix_low,False
banknifty,vix_regime,[vix_low] Buy Thu_Close -> Sell Close+2d,Thu_Close,Close+2d,199,0.0003234822806756352,0.013972120409751293,-0.0518488251210625,0.9587014218654746,0.542713567839196,0.231519820320095,86,-0.000378730389254229,0.013294228567348796,-0.5226881684218263,0.6025510286338374,0.4883720930232558,-0.28488331409045226,0.38550397038221695,0.59223462732753,0.9988106200615792,vix_low,False
banknifty,vix_regime,[vix_low] Buy Fri_Close -> Sell Close+2d,Fri_Close,Close+2d,200,0.0009085237024157905,0.013024581733749945,0.5778887886678573,0.5639925306757307,0.575,0.6975453960733178,86,0.0006647441749455555,0.012269451436482715,0.21774601481380076,0.8281488801472052,0.5232558139534884,0.541788015859426,0.41897641605458513,0.625546388525921,0.9988106200615792,vix_low,False
banknifty,vix_regime,[vix_high] Buy Mon_Close -> Sell Close+3d,Mon_Close,Close+3d,198,0.003056472614589926,0.029710544785910564,0.19526003360396849,0.845390622967803,0.5353535353535354,1.0287501076181467,86,0.0010852901050418281,0.021121422692079336,-0.6800083453588694,0.49834707679550344,0.45348837209302323,0.5138338079133365,0.3525142050420289,0.5584401857969586,0.9988106200615792,vix_high,False
banknifty,vix_regime,[vix_high] Buy Tue_Close -> Sell Close+3d,Tue_Close,Close+3d,194,0.002548115444989681,0.027457610630905196,-0.04808283770637418,0.9616999437941611,0.4587628865979381,0.9280179106777862,84,0.003851390922695136,0.02118340466387716,0.5196338141063515,0.6047018915062293,0.5357142857142857,1.8181170514401264,0.42984527122776917,0.6384594955342207,0.9988106200615792,vix_high,False
banknifty,vix_regime,[vix_high] Buy Wed_Close -> Sell Close+3d,Wed_Close,Close+3d,198,0.0010531342958873813,0.034173840812664696,-0.6530407682326844,0.5144913920512111,0.5303030303030303,0.3081697201261304,85,0.0023230812491242415,0.026756356031810292,-0.10963614693362593,0.9129594424936653,0.5058823529411764,0.868235288229219,0.40166252134606184,0.609593466839653,0.9988106200615792,vix_high,False
banknifty,vix_regime,[vix_high] Buy Thu_Close -> Sell Close+3d,Thu_Close,Close+3d,182,0.002395035756304248,0.03438882905475757,-0.0970668137831842,0.9227807328606334,0.4725274725274725,0.6964574898699273,79,0.004003039924397991,0.02216338583652528,0.5418954009809249,0.5894352753197111,0.6455696202531646,1.8061499961801764,0.5355906892335188,0.7420475987763698,0.9988106200615792,vix_high,False
banknifty,vix_regime,[vix_high] Buy Fri_Close -> Sell Close+3d,Fri_Close,Close+3d,174,0.0022336830496462903,0.03732898435456175,-0.144275976286335,0.885450480368897,0.4885057471264368,0.598377665041756,75,0.00691091061198271,0.018994592742135424,1.932796312762755,0.05708798516404272,0.5866666666666667,3.6383568238619506,0.47366310663468214,0.6912244654085031,0.9988106200615792,vix_high,False
banknifty,vix_regime,[vix_low] Buy Mon_Close -> Sell Close+3d,Mon_Close,Close+3d,179,1.0213514093420217e-05,0.015225605737932735,-0.38988528622450425,0.6970874943010295,0.5139664804469274,0.006708116753591284,77,0.0008269363147110014,0.013904964205645312,0.23309139810929694,0.8163170722800591,0.45454545454545453,0.5947058205121243,0.3481397836005049,0.5652711335510607,0.9988106200615792,vix_low,False
banknifty,vix_regime,[vix_low] Buy Tue_Close -> Sell Close+3d,Tue_Close,Close+3d,186,0.0013414552279342568,0.01538903863746945,0.7833502320201549,0.43442316373531675,0.553763440860215,0.8716952757971916,81,-0.0003066469601731722,0.015089188116623724,-0.45156507365383275,0.6528041672791046,0.5061728395061729,-0.2032229685276042,0.3995059708753621,0.6122806998144883,0.9988106200615792,vix_low,False
banknifty,vix_regime,[vix_low] Buy Wed_Close -> Sell Close+3d,Wed_Close,Close+3d,182,0.0003932358281534287,0.01883664240254687,-0.04422321611683563,0.9647752262063095,0.5,0.20876110495162342,79,0.0011932435864639831,0.015033722431284532,0.43360087852584067,0.6657751631241915,0.5316455696202531,0.7937113325844665,0.42271215907094595,0.6376439904964211,0.9988106200615792,vix_low,False
banknifty,vix_regime,[vix_low] Buy Thu_Close -> Sell Close+3d,Thu_Close,Close+3d,199,0.00038091024931989723,0.01608172485014668,-0.06496162383233119,0.9482700955895892,0.542713567839196,0.23685907629269193,86,0.0002418042178920361,0.015363333438896972,-0.12803100850205137,0.8984268620161654,0.47674418604651164,0.157390464025102,0.37445361147407896,0.5810235839454149,0.9988106200615792,vix_low,False
banknifty,vix_regime,[vix_low] Buy Fri_Close -> Sell Close+3d,Fri_Close,Close+3d,199,0.0003055011408938534,0.01632599819051303,-0.12898416057042073,0.8975011079911815,0.49748743718592964,0.18712555111722287,86,3.34540054199469e-05,0.015329602472306898,-0.25361891332352604,0.8004024314270803,0.5465116279069767,0.021823139563065606,0.44155981420304113,0.6474857949579708,0.9988106200615792,vix_low,False
banknifty,vix_regime,[vix_high] Buy Mon_Close -> Sell Close+5d,Mon_Close,Close+5d,198,0.003120700137419294,0.04244902560970127,-0.3411830414763545,0.7333294045941805,0.48484848484848486,0.7351641392461294,86,0.003897138953423117,0.030849642419179115,-0.07633459038568756,0.9393322933609777,0.5116279069767442,1.2632687602888646,0.4077653726724701,0.614496029617783,0.9988106200615792,vix_high,False
banknifty,vix_regime,[vix_high] Buy Tue_Close -> Sell Close+5d,Tue_Close,Close+5d,194,0.004595581580048379,0.040655776037695206,0.15138337531101168,0.8798314194319915,0.520618556701031,1.130363758347018,84,0.006857474589923027,0.028219199058518787,0.8732677309142539,0.385036692725119,0.5476190476190477,2.4300741405532196,0.44142846686988807,0.6496445554794317,0.9988106200615792,vix_high,False
banknifty,vix_regime,[vix_high] Buy Wed_Close -> Sell Close+5d,Wed_Close,Close+5d,198,0.0032761339031016174,0.04183445212214362,-0.2940464181640116,0.7690320141437382,0.5151515151515151,0.7831186347406494,85,0.005933774352897305,0.028940345757663674,0.5640938220759165,0.5741933514503238,0.5647058823529412,2.0503467382817937,0.4587719281568645,0.6650439418859984,0.9988106200615792,vix_high,False
banknifty,vix_regime,[vix_high] Buy Thu_Close -> Sell Close+5d,Thu_Close,Close+5d,182,0.0037275366805818787,0.04189168817556299,-0.13649835320589257,0.8915790293731125,0.489010989010989,0.889803405620758,79,0.004677423872618082,0.027678516787145373,0.16747444769440967,0.86743019782388,0.5443037974683544,1.6899113159092396,0.4349813769749742,0.6495172324193399,0.9988106200615792,vix_high,False
banknifty,vix_regime,[vix_high] Buy Fri_Close -> Sell Close+5d,Fri_Close,Close+5d,174,0.002936700869698759,0.04314534044386401,-0.37065813830481464,0.7113456240793752,0.5172413793103449,0.6806530762040625,75,0.006588538200609921,0.029452471897236644,0.7114869585321868,0.4790194158871545,0.5866666666666667,2.2370068711373885,0.47366310663468214,0.6912244654085031,0.9988106200615792,vix_high,False
banknifty,vix_regime,[vix_low] Buy Mon_Close -> Sell Close+5d,Mon_Close,Close+5d,179,0.001428415973879697,0.021382666711734888,0.2214146213325166,0.8250234067609403,0.5027932960893855,0.6680251781204526,77,0.0005873932649505858,0.019655305689898154,-0.21562932517136424,0.8298543451273078,0.45454545454545453,0.298847178577577,0.3481397836005049,0.5652711335510607,0.9988106200615792,vix_low,False
banknifty,vix_regime,[vix_low] Buy Tue_Close -> Sell Close+5d,Tue_Close,Close+5d,186,0.002267329754281076,0.020406948289310847,0.7956648401205517,0.4272465894971345,0.553763440860215,1.1110577251125306,80,0.0006709691672689759,0.01947018749425517,-0.18378157468883902,0.8546557147199093,0.45,0.34461361374509136,0.3457751037437976,0.5588068698826599,0.9988106200615792,vix_low,False
banknifty,vix_regime,[vix_low] Buy Wed_Close -> Sell Close+5d,Wed_Close,Close+5d,182,0.0008385872138992993,0.021698128843416976,-0.14568855854945464,0.8843293725815052,0.5164835164835165,0.3864790461661027,78,0.001259380648854837,0.020112181847318444,0.08107588248486777,0.9355919731735879,0.5384615384615384,0.6261780339972166,0.42863448388730346,0.6446778658223795,0.9988106200615792,vix_low,False
banknifty,vix_regime,[vix_low] Buy Thu_Close -> Sell Close+5d,Thu_Close,Close+5d,199,0.00035852252481779004,0.021324273741179928,-0.4718284800528194,0.6375687583454375,0.5025125628140703,0.16812883250763971,86,0.0009006220186264745,0.020568249079657108,-0.07751578129231536,0.9383954159099316,0.47674418604651164,0.43787004675922014,0.37445361147407896,0.5810235839454149,0.9988106200615792,vix_low,False
banknifty,vix_regime,[vix_low] Buy Fri_Close -> Sell Close+5d,Fri_Close,Close+5d,199,0.001208901279035726,0.020539250539319133,0.09272441857756436,0.9262162497721176,0.542713567839196,0.5885810082122892,86,0.0004058656234287705,0.020165088357934475,-0.3052697994183404,0.7609069678399187,0.4883720930232558,0.2012714331941284,0.38550397038221695,0.59223462732753,0.9988106200615792,vix_low,False
banknifty,vix_regime,[vix_high] Buy Mon_Close -> Sell Close+10d,Mon_Close,Close+10d,198,0.006616938577956429,0.060012989068817066,-0.2515509285691261,0.8016504060092072,0.494949494949495,1.1025844039144204,86,0.006999828854229368,0.0434728011928244,-0.14690053082179272,0.883558399563805,0.5232558139534884,1.6101628287492908,0.41897641605458513,0.625546388525921,0.9988106200615792,vix_high,False
banknifty,vix_regime,[vix_high] Buy Tue_Close -> Sell Close+10d,Tue_Close,Close+10d,194,0.007256208137896787,0.056312472428485784,-0.10763616238534937,0.9143961206371894,0.4948453608247423,1.2885614545004809,84,0.01135059797756518,0.03965213116921719,0.8404792703470441,0.40305443223757126,0.6309523809523809,2.8625442423576204,0.5241504160580661,0.7263003954025629,0.9988106200615792,vix_high,False
banknifty,vix_regime,[vix_high] Buy Wed_Close -> Sell Close+10d,Wed_Close,Close+10d,198,0.005437065469952561,0.06007441562736648,-0.5269569586657977,0.5988163529029825,0.51010101010101,0.9050550743061649,85,0.007711951855125942,0.03969021333188599,0.0044901354169105305,0.9964280488471134,0.6,1.943036131007736,0.4937124803740756,0.697639318783076,0.9988106200615792,vix_high,False
banknifty,vix_regime,[vix_high] Buy Thu_Close -> Sell Close+10d,Thu_Close,Close+10d,182,0.007313595317953686,0.058785416525934595,-0.08671770162792485,0.9309917631145633,0.5274725274725275,1.2441172913569674,79,0.0077835592511091385,0.042617683507276426,0.018868954285901948,0.9849938300096338,0.6075949367088608,1.8263684486230216,0.4973378852028524,0.707873023326196,0.9988106200615792,vix_high,False
banknifty,vix_regime,[vix_high] Buy Fri_Close -> Sell Close+10d,Fri_Close,Close+10d,174,0.008902631551642646,0.06485442353392958,0.24542200316655038,0.8064205904796158,0.5632183908045977,1.3727099967182808,75,0.012306200756710224,0.04085533254513911,0.9714397444411608,0.33449400709546717,0.5866666666666667,3.012140641154662,0.47366310663468214,0.6912244654085031,0.9988106200615792,vix_high,False
banknifty,vix_regime,[vix_low] Buy Mon_Close -> Sell Close+10d,Mon_Close,Close+10d,178,0.0029689268911741334,0.027102052512212427,0.07002874002631079,0.9442498401846283,0.550561797752809,1.0954620096896013,77,0.002038497755250114,0.026992676759445187,-0.2544261108816533,0.7998535297517507,0.45454545454545453,0.7552040034476424,0.3481397836005049,0.5652711335510607,0.9988106200615792,vix_low,False
banknifty,vix_regime,[vix_low] Buy Tue_Close -> Sell Close+10d,Tue_Close,Close+10d,185,0.004320083381927147,0.028521579389328113,0.7104468627037509,0.4783265652850722,0.5405405405405406,1.5146718640495722,80,0.001502453310168397,0.027521286508684132,-0.427536071681561,0.6701520545052616,0.45,0.5459240830526979,0.3457751037437976,0.5588068698826599,0.9988106200615792,vix_low,False
banknifty,vix_regime,[vix_low] Buy Wed_Close -> Sell Close+10d,Wed_Close,Close+10d,181,0.0029632897796406797,0.0290070143490937,0.06337464753387072,0.9495384963413985,0.5359116022099447,1.0215769689282983,78,0.0038203785318545614,0.029210988492712437,0.29862955134880814,0.7660271485924588,0.47435897435897434,1.3078566419646054,0.36737081694801105,0.5837542832455336,0.9988106200615792,vix_low,False
banknifty,vix_regime,[vix_low] Buy Thu_Close -> Sell Close+10d,Thu_Close,Close+10d,198,0.002112303799455314,0.030600057918840247,-0.32748295138751166,0.7436503773339147,0.51010101010101,0.690294052729483,86,0.00340883048400186,0.028184328518092144,0.1905647520094434,0.8493210145790209,0.45348837209302323,1.2094772745122016,0.3525142050420289,0.5584401857969586,0.9988106200615792,vix_low,False
banknifty,vix_regime,[vix_low] Buy Fri_Close -> Sell Close+10d,Fri_Close,Close+10d,198,0.0015491012391899489,0.028465196333978367,-0.629748753515821,0.5295886750164971,0.5303030303030303,0.5442088721309173,86,0.004066028910806729,0.029296453255333185,0.3901499471002553,0.6974016526384772,0.46511627906976744,1.3878911810140502,0.36345695311713955,0.5697588400121011,0.9988106200615792,vix_low,False
banknifty,vix_regime,[vix_high] Buy Mon_Close -> Sell Close+20d,Mon_Close,Close+20d,198,0.015244642892962727,0.07869068389696222,-0.38410196680896486,0.7013171377158756,0.4797979797979798,1.9372868728557626,86,0.014054495249812796,0.05525199742195687,-0.5579261832960101,0.5783613409621856,0.4883720930232558,2.5437080839773603,0.38550397038221695,0.59223462732753,0.9988106200615792,vix_high,False
banknifty,vix_regime,[vix_high] Buy Tue_Close -> Sell Close+20d,Tue_Close,Close+20d,194,0.01887011308393122,0.07735371920206514,0.2643676900382177,0.7917787008879211,0.5051546391752577,2.4394577634513324,84,0.01758706907093846,0.05661780191429379,0.030406815327791426,0.9758156071475307,0.5238095238095238,3.1062790282040975,0.41831918439941584,0.6272173267752441,0.9988106200615792,vix_high,False
banknifty,vix_regime,[vix_high] Buy Wed_Close -> Sell Close+20d,Wed_Close,Close+20d,198,0.01597104724558031,0.07779741046542146,-0.25745941146022344,0.7970928712266842,0.5202020202020202,2.0529021660276143,85,0.013689043402107097,0.05582224517631307,-0.6089702839283392,0.5441875967778217,0.5058823529411764,2.4522559705133,0.40166252134606184,0.609593466839653,0.9988106200615792,vix_high,False
banknifty,vix_regime,[vix_high] Buy Thu_Close -> Sell Close+20d,Thu_Close,Close+20d,182,0.019927233587774283,0.07740190368869698,0.43960131066512964,0.6607503047026893,0.521978021978022,2.5745146615411043,79,0.015006950071619013,0.053862077646568446,-0.3920770920966821,0.6960705018602896,0.4936708860759494,2.7861810623220746,0.38630084542959936,0.6016279246569272,0.9988106200615792,vix_high,False
banknifty,vix_regime,[vix_high] Buy Fri_Close -> Sell Close+20d,Fri_Close,Close+20d,174,0.02091731617328898,0.0798672068896025,0.5795623792475784,0.5629637256738126,0.4942528735632184,2.6190118557923547,75,0.0190857691714733,0.053656770502703795,0.2705689736357466,0.787475788023033,0.5333333333333333,3.5570104187525704,0.42157339152780315,0.6418449054118834,0.9988106200615792,vix_high,False
banknifty,vix_regime,[vix_low] Buy Mon_Close -> Sell Close+20d,Mon_Close,Close+20d,177,0.0006492650938747789,0.048382486285209775,-0.7266246205492011,0.4684212439288351,0.519774011299435,0.13419423922272783,76,0.005835416812019755,0.03875293948963095,0.5667679770242745,0.5725641512082599,0.5,1.5057997893504638,0.3903240360982663,0.6096759639017337,0.9988106200615792,vix_low,False
banknifty,vix_regime,[vix_low] Buy Tue_Close -> Sell Close+20d,Tue_Close,Close+20d,184,0.0016584747283485768,0.05261021601394819,-0.4218929145210954,0.6735983786998466,0.5489130434782609,0.3152381522077151,79,0.0048014952466857025,0.039209006895841184,0.3383801219530489,0.7359858999271698,0.5063291139240507,1.2245898651401412,0.3983720753430729,0.6136991545704006,0.9988106200615792,vix_low,False
banknifty,vix_regime,[vix_low] Buy Wed_Close -> Sell Close+20d,Wed_Close,Close+20d,179,0.0027013863089342567,0.050604226074500165,-0.15762278534166996,0.8749327088766377,0.5586592178770949,0.533826227271462,78,0.009059346110704984,0.04040039544993835,1.2510945729667777,0.21468794130827998,0.5512820512820513,2.242390454304033,0.4410917185751463,0.6566580810377646,0.9988106200615792,vix_low,False
banknifty,vix_regime,[vix_low] Buy Thu_Close -> Sell Close+20d,Thu_Close,Close+20d,197,-0.0004877170984248053,0.056842126273081356,-0.9327134574261747,0.3521154730697611,0.5431472081218274,-0.0858020504162197,85,0.009354304752764709,0.04134191189908601,1.3423562584055744,0.1830972342470665,0.5411764705882353,2.2626686389343096,0.4357614755911955,0.6430304417088081,0.9988106200615792,vix_low,False
banknifty,vix_regime,[vix_low] Buy Fri_Close -> Sell Close+20d,Fri_Close,Close+20d,197,0.0027097210168113436,0.04809729725938577,-0.1715955569354633,0.8639325338802795,0.5177664974619289,0.5633832192686389,85,0.008766689218080203,0.03987451083068663,1.2566922526151454,0.21234852060238243,0.5764705882352941,2.198569721721459,0.47036157660275524,0.6759662698115371,0.9988106200615792,vix_low,False
banknifty,trend_regime,[trend_up] Buy Mon_Close -> Sell Close+2d,Mon_Close,Close+2d,228,0.0018798651354937474,0.01556455154293008,0.541301662373999,0.5888305104559513,0.49122807017543857,1.2077862508975676,98,-0.0011706861563115529,0.011420750808282051,-2.148459172911677,0.034167138496381935,0.40816326530612246,-1.0250518341251258,0.3161068392771741,0.5071480978015837,0.9988106200615792,trend_up,False
banknifty,trend_regime,[trend_up] Buy Tue_Close -> Sell Close+2d,Tue_Close,Close+2d,236,0.0006850916415913935,0.015262935268190602,-0.6383594169211578,0.5238613402991739,0.4915254237288136,0.4488596915032387,102,0.0002969272684393533,0.012166415977146619,-0.8456468647897533,0.39974874011790307,0.4411764705882353,0.24405483833291675,0.34869172544814986,0.5379313036821732,0.9988106200615792,trend_up,False
banknifty,trend_regime,[trend_up] Buy Wed_Close -> Sell Close+2d,Wed_Close,Close+2d,230,0.0007332052621396299,0.015709994322248264,-0.5658793431624839,0.5720298768294767,0.48695652173913045,0.46671262070494535,99,0.0013596796283430297,0.013381491821411545,0.02885861178720129,0.9770360427568618,0.5353535353535354,1.0160897204057806,0.43762913941060466,0.6304367016498222,0.9988106200615792,trend_up,False
banknifty,trend_regime,[trend_up] Buy Thu_Close -> Sell Close+2d,Thu_Close,Close+2d,233,0.0015765323655611994,0.01837378119022312,0.21210510378515582,0.8322112650165895,0.5622317596566524,0.8580337107748343,101,0.0023265577295086648,0.014296013402582124,0.7036138416425908,0.48330837936185184,0.5544554455445545,1.6274171435013105,0.45729807510937154,0.6476221092449306,0.9988106200615792,trend_up,False
banknifty,trend_regime,[trend_up] Buy Fri_Close -> Sell Close+2d,Fri_Close,Close+2d,231,0.0025254158672262366,0.016829685942086482,1.085633393215876,0.278777767578926,0.5367965367965368,1.5005721888789714,100,0.0019489043993299194,0.0132946468983482,0.47017788693194945,0.6392620619886976,0.56,1.4659316747796152,0.4622792771125631,0.6532813459903167,0.9988106200615792,trend_up,False
banknifty,trend_regime,[trend_down] Buy Mon_Close -> Sell Close+2d,Mon_Close,Close+2d,143,0.0015903280823696378,0.024754516360670734,0.47983394986575223,0.6320837295712535,0.5104895104895105,0.6424395690865953,62,0.0013026563661256013,0.012353409826062575,0.44832539594942167,0.6555068104648886,0.5,1.0544913383973755,0.37922532216457727,0.6207746778354227,0.9988106200615792,trend_down,False
banknifty,trend_regime,[trend_down] Buy Tue_Close -> Sell Close+2d,Tue_Close,Close+2d,138,0.0031016988378681104,0.027113381792332397,1.0827569948233762,0.2808183232599014,0.5652173913043478,1.1439734303985878,60,0.0019676253715776885,0.01346418572872897,0.7838960465952334,0.43623692737916,0.5833333333333334,1.4613771758802336,0.45727854313239624,0.6993591351212818,0.9988106200615792,trend_down,False
banknifty,trend_regime,[trend_down] Buy Wed_Close -> Sell Close+2d,Wed_Close,Close+2d,143,0.0006728871368397426,0.023619141172848315,0.040030530496328834,0.9681250128909122,0.5034965034965035,0.28489060288664037,62,0.00081456321686127,0.011790337544624059,0.14640954800552486,0.8840808753840013,0.4838709677419355,0.6908735341785693,0.3640965420650529,0.6055275253938182,0.9988106200615792,trend_down,False
banknifty,trend_regime,[trend_down] Buy Thu_Close -> Sell Close+2d,Thu_Close,Close+2d,140,-0.0018131534647277394,0.03446290140661983,-0.8233358007833973,0.41172741517852435,0.5,-0.5261174743631593,61,-0.0006193848680644359,0.01350694585385002,-0.6955905511500634,0.48937079068748024,0.47540983606557374,-0.4585676693801852,0.3553028228679598,0.5984305828468899,0.9988106200615792,trend_down,False
banknifty,trend_regime,[trend_down] Buy Fri_Close -> Sell Close+2d,Fri_Close,Close+2d,135,-0.001324269382536976,0.031744660929183176,-0.6993393609906423,0.48555213958963256,0.45185185185185184,-0.41716286889665977,59,0.0010970382786476092,0.010452042150513896,0.3668661862551205,0.7150539258476701,0.576271186440678,1.04959228335457,0.4493425547283663,0.6938746771689757,0.9988106200615792,trend_down,False
banknifty,trend_regime,[trend_up] Buy Mon_Close -> Sell Close+3d,Mon_Close,Close+3d,228,0.0021134683483023655,0.019567264233650943,0.11025340192004872,0.9123058235457386,0.5307017543859649,1.0801041592046952,98,-0.0008033447572072975,0.014060850951638202,-1.9427722441060284,0.054943279848883,0.3877551020408163,-0.5713343808069464,0.297263154133494,0.4867151022960987,0.9988106200615792,trend_up,False
banknifty,trend_regime,[trend_up] Buy Tue_Close -> Sell Close+3d,Tue_Close,Close+3d,236,0.0016278094405756613,0.018377019581205075,-0.2856810733745074,0.7753740519017177,0.4491525423728814,0.8857853328079859,102,0.0004682197070423588,0.01634122367466947,-0.9237688956971842,0.35780835351679213,0.43137254901960786,0.2865267108289731,0.33947488379914736,0.528251983519563,0.9988106200615792,trend_up,False
banknifty,trend_regime,[trend_up] Buy Wed_Close -> Sell Close+3d,Wed_Close,Close+3d,230,0.0009696214262978733,0.022492435989387195,-0.673235415692417,0.5014763917785123,0.5,0.431087778467116,99,0.004121911446712113,0.017444268524477127,1.2210354065155296,0.22500214617729597,0.5454545454545454,2.3629030021685375,0.44750518311955134,0.6400080411009974,0.9988106200615792,trend_up,False
banknifty,trend_regime,[trend_up] Buy Thu_Close -> Sell Close+3d,Thu_Close,Close+3d,233,0.003138046488117195,0.02134129894351989,0.8334495857026405,0.40544845790725026,0.5407725321888412,1.4704102577926903,101,0.0020635311616812235,0.015188512612523464,0.06139617402233546,0.9511662414507868,0.5544554455445545,1.3586130612814378,0.45729807510937154,0.6476221092449306,0.9988106200615792,trend_up,False
banknifty,trend_regime,[trend_up] Buy Fri_Close -> Sell Close+3d,Fri_Close,Close+3d,230,0.0027938194436450334,0.019591984621680714,0.6360979200002048,0.5253478274150506,0.5043478260869565,1.426001243668475,100,0.00216446592660737,0.016535881601947803,0.11684472245108084,0.9072198137203389,0.52,1.308951030680101,0.4231640509017654,0.6153561567991945,0.9988106200615792,trend_up,False
banknifty,trend_regime,[trend_down] Buy Mon_Close -> Sell Close+3d,Mon_Close,Close+3d,143,0.0018213450276258743,0.0315526921985606,0.3489238669736431,0.7276633065895889,0.5384615384615384,0.5772391833204528,62,0.0017415209309721306,0.015760545967788208,0.41828561294460875,0.677207264932777,0.5161290322580645,1.1049876917535053,0.3944724746061819,0.6359034579349472,0.9988106200615792,trend_down,False
banknifty,trend_regime,[trend_down] Buy Tue_Close -> Sell Close+3d,Tue_Close,Close+3d,138,0.0029456498176782288,0.029191246216309162,0.8212589285111837,0.41292563268643095,0.5579710144927537,1.0090866953232345,60,0.0037914989341195546,0.016187234960818267,1.373280646904936,0.17486159712031374,0.6,2.3422770740629897,0.47365824394206846,0.714306969962345,0.9988106200615792,trend_down,False
banknifty,trend_regime,[trend_down] Buy Wed_Close -> Sell Close+3d,Wed_Close,Close+3d,143,-0.0010898660095293457,0.03726546636903699,-0.6354836848383171,0.526135771784877,0.5244755244755245,-0.29246004832905836,62,0.0006601387115785324,0.015830796778649237,-0.11707910372343514,0.9071820033570902,0.532258064516129,0.4169965168581103,0.4098381737584801,0.650913691323778,0.9988106200615792,trend_down,False
banknifty,trend_regime,[trend_down] Buy Thu_Close -> Sell Close+3d,Thu_Close,Close+3d,140,-0.0009847606237028792,0.034612148571454844,-0.6411312061050475,0.5224931324930974,0.4785714285714286,-0.28451300030389504,61,0.0008061163760200242,0.015862133671691456,-0.044600704352598934,0.9645736883457874,0.4918032786885246,0.5082017291650173,0.37060186643725185,0.6139759354676981,0.9988106200615792,trend_down,False
banknifty,trend_regime,[trend_down] Buy Fri_Close -> Sell Close+3d,Fri_Close,Close+3d,135,0.0004948195889473287,0.03970225651143765,-0.11739324397868792,0.9067242125989364,0.45925925925925926,0.12463261094612552,59,0.0005854314291300425,0.013333396061422854,-0.17821850011795512,0.8591724067048647,0.559322033898305,0.4390715061887759,0.4328913027042265,0.6784998776603726,0.9988106200615792,trend_down,False
banknifty,trend_regime,[trend_up] Buy Mon_Close -> Sell Close+5d,Mon_Close,Close+5d,228,0.00416340973543693,0.028369866528887733,0.5095699952364697,0.6108477745139417,0.4780701754385965,1.4675464656125614,98,0.0014759340225490726,0.019866819529170503,-0.8566301574134975,0.39376065583654957,0.45918367346938777,0.7429140937138703,0.36392528815047387,0.5575213505511963,0.9988106200615792,trend_up,False
banknifty,trend_regime,[trend_up] Buy Tue_Close -> Sell Close+5d,Tue_Close,Close+5d,235,0.0034898754744109224,0.026916643012295495,0.16252189767655117,0.8710351428635426,0.5234042553191489,1.2965493032755795,102,0.0008616243371752012,0.021531233357297223,-1.0932771362787976,0.2768728620339665,0.43137254901960786,0.4001741669309367,0.33947488379914736,0.528251983519563,0.9988106200615792,trend_up,False
banknifty,trend_regime,[trend_up] Buy Wed_Close -> Sell Close+5d,Wed_Close,Close+5d,229,0.0030036901490571167,0.02719451206213505,-0.11116734166380807,0.9115814470231147,0.49344978165938863,1.1045206996890298,99,0.0032486043850542884,0.022753348794170243,0.019448792520409597,0.984522629738968,0.5656565656565656,1.4277478073410586,0.4673727835155469,0.659035207025246,0.9988106200615792,trend_up,False
banknifty,trend_regime,[trend_up] Buy Thu_Close -> Sell Close+5d,Thu_Close,Close+5d,233,0.004237013053516371,0.025524666595391043,0.6164965820735417,0.5381712858594502,0.49356223175965663,1.6599680304076698,101,0.0020330546353857105,0.02000541743485093,-0.5852654471506118,0.5596876310449923,0.48514851485148514,1.0162520437309033,0.3900229573630214,0.5813624469039871,0.9988106200615792,trend_up,False
banknifty,trend_regime,[trend_up] Buy Fri_Close -> Sell Close+5d,Fri_Close,Close+5d,230,0.0034718156749706536,0.025188032830704706,0.16095979495498336,0.8722669730017383,0.5130434782608696,1.3783591987137807,100,0.0030001637621777195,0.02150960786131465,-0.09424512936443323,0.9251049194050945,0.5,1.3948017004873243,0.40382982859014716,0.5961701714098528,0.9988106200615792,trend_up,False
banknifty,trend_regime,[trend_down] Buy Mon_Close -> Sell Close+5d,Mon_Close,Close+5d,143,-0.00032608405320686657,0.04435771318940869,-0.5407615678001465,0.5895191806584812,0.4965034965034965,-0.07351236791997785,62,0.002893314006950908,0.021066762283670843,0.44727992941129563,0.6562571972624559,0.5483870967741935,1.373402314029792,0.42532294530598713,0.6658048523173997,0.9988106200615792,trend_down,False
banknifty,trend_regime,[trend_down] Buy Tue_Close -> Sell Close+5d,Tue_Close,Close+5d,138,0.003915191518813704,0.04130895825624116,0.6313884973348333,0.5288385893005761,0.5434782608695652,0.9477826805816818,60,0.007259897175984742,0.021537341669659024,1.9875871335306499,0.05150501659172523,0.5833333333333334,3.3708418092341477,0.45727854313239624,0.6993591351212818,0.9988106200615792,trend_down,False
banknifty,trend_regime,[trend_down] Buy Wed_Close -> Sell Close+5d,Wed_Close,Close+5d,143,0.0006882688053695106,0.043722579529767845,-0.27215999877523833,0.7858943251442889,0.5104895104895105,0.1574172459108716,62,0.003913037899561994,0.021238174877805112,0.8186691299502912,0.4161620390650614,0.5967741935483871,1.842454882340809,0.4725024243632989,0.7097531708834752,0.9988106200615792,trend_down,False
banknifty,trend_regime,[trend_down] Buy Thu_Close -> Sell Close+5d,Thu_Close,Close+5d,140,-0.00033083428861801253,0.04425117780961301,-0.5375724737573702,0.591731833412921,0.5,-0.07476282101267437,61,0.001614674551069396,0.02008071085287153,-0.02784330832938795,0.9778795287375702,0.5245901639344263,0.8040923266610845,0.4015694171531101,0.6446971771320402,0.9988106200615792,trend_down,False
banknifty,trend_regime,[trend_down] Buy Fri_Close -> Sell Close+5d,Fri_Close,Close+5d,135,0.0007642175822921536,0.046239227269798434,-0.2309794079694872,0.8176830987163337,0.5555555555555556,0.16527473044328084,59,0.0014727480052773901,0.01852656867459865,-0.08801393767421951,0.9301687856044124,0.4745762711864407,0.794938356446243,0.35265669027401325,0.5996042324268729,0.9988106200615792,trend_down,False
banknifty,trend_regime,[trend_up] Buy Mon_Close -> Sell Close+10d,Mon_Close,Close+10d,227,0.006957975471062653,0.03989131651728331,0.39435452633876034,0.6936911813118058,0.5110132158590308,1.7442331009677359,98,0.0016313643817085712,0.027483902463394907,-1.5338024153246912,0.12833355141969136,0.4387755102040816,0.5935708671217061,0.3446781918182551,0.53749176623425,0.9988106200615792,trend_up,False
banknifty,trend_regime,[trend_up] Buy Tue_Close -> Sell Close+10d,Tue_Close,Close+10d,235,0.006730851430581134,0.03840611366818906,0.326328270074332,0.7444676696350014,0.5276595744680851,1.7525468702021132,101,0.002584219834023885,0.02588278103592099,-1.2855356269313825,0.2015742851265267,0.46534653465346537,0.9984320581460773,0.3711275816192353,0.5621050283371178,0.9988106200615792,trend_up,False
banknifty,trend_regime,[trend_up] Buy Wed_Close -> Sell Close+10d,Wed_Close,Close+10d,228,0.007333103033502626,0.03765593106516764,0.5687803389661147,0.5700675079334566,0.5526315789473685,1.9473965524347019,99,0.004969175165220439,0.028546799336799256,-0.3267956918603651,0.7445193625334768,0.5050505050505051,1.7407118418402687,0.4082299868548984,0.6014937047251627,0.9988106200615792,trend_up,False
banknifty,trend_regime,[trend_up] Buy Thu_Close -> Sell Close+10d,Thu_Close,Close+10d,233,0.007078214107304793,0.03803176413995127,0.46724618041420063,0.6407622968880684,0.5407725321888412,1.86113220550538,100,0.004270681373487601,0.02702147344071109,-0.6041999352257561,0.5470928515981077,0.5,1.5804768688347348,0.40382982859014716,0.5961701714098528,0.9988106200615792,trend_up,False
banknifty,trend_regime,[trend_up] Buy Fri_Close -> Sell Close+10d,Fri_Close,Close+10d,230,0.00593843969988847,0.036864791682308794,0.011040686952241096,0.9912005976364845,0.5478260869565217,1.6108702718475674,99,0.005716438748529138,0.028425189652274543,-0.06794814754155987,0.9459653526584263,0.47474747474747475,2.01104682799248,0.37917288365218244,0.5722086584475127,0.9988106200615792,trend_up,False
banknifty,trend_regime,[trend_down] Buy Mon_Close -> Sell Close+10d,Mon_Close,Close+10d,143,0.0023920604798214847,0.06266958028111887,-0.39957653030027257,0.6900688088430931,0.5104895104895105,0.38169403227073573,62,0.0072173890482643156,0.028057677110466035,0.7582386938157134,0.45122771342783363,0.532258064516129,2.5723401904757455,0.4098381737584801,0.650913691323778,0.9988106200615792,trend_down,False
banknifty,trend_regime,[trend_down] Buy Tue_Close -> Sell Close+10d,Tue_Close,Close+10d,138,0.005943779984850404,0.05768586020093288,0.2942720461901596,0.7689954265486861,0.5217391304347826,1.0303703479755484,60,0.010718453055379905,0.03169610527080773,1.5085428155377678,0.13675234853179632,0.5666666666666667,3.381630949229479,0.44103214654694856,0.6842779960559936,0.9988106200615792,trend_down,False
banknifty,trend_regime,[trend_down] Buy Wed_Close -> Sell Close+10d,Wed_Close,Close+10d,143,-0.00036160011704116464,0.06355084656039713,-0.9103725546220444,0.364168794612316,0.4965034965034965,-0.0568993391295754,62,0.007158980644292438,0.028937927553051985,0.7194099227522461,0.4746356112577069,0.5483870967741935,2.4739092428674643,0.42532294530598713,0.6658048523173997,0.9988106200615792,trend_down,False
banknifty,trend_regime,[trend_down] Buy Thu_Close -> Sell Close+10d,Thu_Close,Close+10d,140,0.002434310764106109,0.06249304735577485,-0.388479009875767,0.6982559594925033,0.5,0.38953305481288225,61,0.005384748155949145,0.02770895398279992,0.24915195577628585,0.8040941889771214,0.45901639344262296,1.943324226274178,0.3401273088828912,0.5827617006418584,0.9988106200615792,trend_down,False
banknifty,trend_regime,[trend_down] Buy Fri_Close -> Sell Close+10d,Fri_Close,Close+10d,135,0.005550738640568519,0.06891314855508344,0.1775954770318438,0.8593088568249612,0.5333333333333333,0.8054687323032004,59,0.007513510963302974,0.028635499598639425,0.8031945461932065,0.425141671586685,0.5084745762711864,2.6238449018224808,0.3843492802145344,0.6315637455518369,0.9988106200615792,trend_down,False
banknifty,trend_regime,[trend_up] Buy Mon_Close -> Sell Close+20d,Mon_Close,Close+20d,226,0.01210514249563256,0.05696286521779726,0.22842190573857363,0.8195257248344215,0.504424778761062,2.1250936815324515,97,0.0027953788797738977,0.033671885738905866,-2.4565764777619843,0.015823044177614227,0.4020618556701031,0.8301818619395003,0.31002040253768065,0.5015652922549447,0.9988106200615792,trend_up,False
banknifty,trend_regime,[trend_up] Buy Tue_Close -> Sell Close+20d,Tue_Close,Close+20d,233,0.013136937818323015,0.05622178704134619,0.5145381855491843,0.607365582733853,0.5321888412017167,2.3366275797426983,101,0.006414488316338833,0.036911422538337096,-1.3067002296264705,0.19431168120661302,0.46534653465346537,1.737805772637614,0.3711275816192353,0.5621050283371178,0.9988106200615792,trend_up,False
banknifty,trend_regime,[trend_up] Buy Wed_Close -> Sell Close+20d,Wed_Close,Close+20d,227,0.013737636211363143,0.05568749951471443,0.6748769644316784,0.5004437618954901,0.5638766519823789,2.466915615008574,98,0.009011178863169168,0.0391924080683921,-0.5595149137984542,0.5771000448446,0.5,2.2992154111695178,0.40289010851687396,0.597109891483126,0.9988106200615792,trend_up,False
banknifty,trend_regime,[trend_up] Buy Thu_Close -> Sell Close+20d,Thu_Close,Close+20d,231,0.013671963467634031,0.05588940195993064,0.6605431452046125,0.5095663604713011,0.5541125541125541,2.4462533124680794,100,0.007338105823282671,0.03657831729059284,-1.0607518951831,0.2913836510396424,0.51,2.0061354285342907,0.4134784047743415,0.6057816990761385,0.9988106200615792,trend_up,False
banknifty,trend_regime,[trend_up] Buy Fri_Close -> Sell Close+20d,Fri_Close,Close+20d,228,0.013747790882057895,0.056113698287322704,0.6739577328655006,0.5010238803111253,0.5219298245614035,2.449988381030273,99,0.0069301271221266685,0.03756278606207811,-1.1352417474064345,0.2590429400783396,0.45454545454545453,1.8449449172043841,0.3599919588990025,0.5524948168804487,0.9988106200615792,trend_up,False
banknifty,trend_regime,[trend_down] Buy Mon_Close -> Sell Close+20d,Mon_Close,Close+20d,143,0.0055624450771476165,0.08669143479998295,-0.6450429640812848,0.5199401457138914,0.5034965034965035,0.6416372147930709,62,0.0176362501728884,0.03914493954802716,1.472692360656552,0.14597530942452958,0.5161290322580645,4.5053716716691765,0.3944724746061819,0.6359034579349472,0.9988106200615792,trend_down,False
banknifty,trend_regime,[trend_down] Buy Tue_Close -> Sell Close+20d,Tue_Close,Close+20d,138,0.008855788181831213,0.0888210461551839,-0.18440205175448515,0.85397074077343,0.5289855072463768,0.9970371398642166,60,0.017161030953907967,0.0420110994775395,1.2626494753735802,0.2116829549195897,0.5666666666666667,4.084880226256114,0.44103214654694856,0.6842779960559936,0.9988106200615792,trend_down,False
banknifty,trend_regime,[trend_down] Buy Wed_Close -> Sell Close+20d,Wed_Close,Close+20d,143,0.0037877069683051085,0.08702350061417731,-0.8856015313389474,0.3773295167900359,0.48951048951048953,0.4352510461625856,62,0.018635007437065507,0.03838271949337527,1.7051683125497945,0.09325121142585986,0.5,4.855051357234302,0.37922532216457727,0.6207746778354227,0.9988106200615792,trend_down,False
banknifty,trend_regime,[trend_down] Buy Thu_Close -> Sell Close+20d,Thu_Close,Close+20d,140,0.00580151511662209,0.09117537751654702,-0.5758928884329293,0.5656188140816647,0.55,0.6363028346736703,61,0.016532090086937012,0.03891053295526168,1.2495635899233581,0.21631150492262338,0.5409836065573771,4.248744191179592,0.41723829935814166,0.6598726911171089,0.9988106200615792,trend_down,False
banknifty,trend_regime,[trend_down] Buy Fri_Close -> Sell Close+20d,Fri_Close,Close+20d,135,0.011465504325012617,0.0857517375331847,0.1633924636641892,0.8704556066193223,0.5407407407407407,1.3370579599714385,59,0.01830041343553017,0.03773463153981766,1.6237369007219613,0.10985506945208577,0.576271186440678,4.849766034211712,0.4493425547283663,0.6938746771689757,0.9988106200615792,trend_down,False
niftyit,multiday_hold,Buy Mon_Close -> Sell Close+2d,Mon_Close,Close+2d,378,0.0014308925037072146,0.018096522933845016,0.39110010045500826,0.6959441802953727,0.48677248677248675,0.7907002405589686,162,0.0015012181610061324,0.015265902161478212,0.36142490860154225,0.7182556898294415,0.5185185185185185,0.98337991762733,0.4420414850187045,0.5941376160029933,0.9988106200615792,,False
niftyit,multiday_hold,Buy Tue_Close -> Sell Close+2d,Tue_Close,Close+2d,381,0.001152375566166211,0.01861709192599211,0.09004422076033683,0.928299515528944,0.5118110236220472,0.6189879551259726,164,0.0021056139708961388,0.016613720892750858,0.7986200560515151,0.42567283269553036,0.5121951219512195,1.2673945737314576,0.4362936742169253,0.5875383197583467,0.9988106200615792,,False
niftyit,multiday_hold,Buy Wed_Close -> Sell Close+2d,Wed_Close,Close+2d,380,0.0007299548023475095,0.01818690623349109,-0.36012173784791435,0.7189566960212297,0.5052631578947369,0.40136282277812685,164,0.0001504062051268792,0.0211847233817948,-0.5520190556167317,0.5816913645134789,0.4695121951219512,0.0709974836188475,0.3947032268615221,0.5457167882002981,0.9988106200615792,,False
niftyit,multiday_hold,Buy Thu_Close -> Sell Close+2d,Thu_Close,Close+2d,382,0.0010163496152869255,0.018659343904577137,-0.05233596729198427,0.9582884235226566,0.4973821989528796,0.5446866837786375,164,-0.00017691676598326195,0.019699865500730565,-0.8057593559567361,0.4215555305600842,0.45121951219512196,-0.08980607810581298,0.37704427998106094,0.5276277441178514,0.9988106200615792,,False
niftyit,multiday_hold,Buy Fri_Close -> Sell Close+2d,Fri_Close,Close+2d,374,0.0013178502295913227,0.01889149381614452,0.2570837553367931,0.7972558716157477,0.5187165775401069,0.6975892125931822,161,0.001039023413715286,0.015537467907356108,-0.02227112663611524,0.9822594310781689,0.5031055900621118,0.6687211969869089,0.4267051094607782,0.5793613203724676,0.9988106200615792,,False
niftyit,multiday_hold,Buy Mon_Close -> Sell Close+3d,Mon_Close,Close+3d,378,0.0016537786568219818,0.022387333738142275,0.04112476320542246,0.9672182034008123,0.5052910052910053,0.7387117537826164,162,0.0021165746389543256,0.019740159089390665,0.3279547237175237,0.7433719933236278,0.48148148148148145,1.0722176196097006,0.4058623839970067,0.5579585149812956,0.9988106200615792,,False
niftyit,multiday_hold,Buy Tue_Close -> Sell Close+3d,Tue_Close,Close+3d,381,0.002287269082230242,0.02118445172391937,0.6265600669412982,0.5313238616602538,0.5275590551181102,1.0796923668539817,164,0.002221391704200487,0.023335994130628188,0.33648360551733214,0.736939010799399,0.5,0.9519164650821279,0.4243556892194609,0.5756443107805391,0.9988106200615792,,False
niftyit,multiday_hold,Buy Wed_Close -> Sell Close+3d,Wed_Close,Close+3d,380,0.0009143964660321553,0.023410146160487092,-0.5754394824788005,0.5653355888302006,0.5105263157894737,0.39059835840560575,164,-0.00014752738459958604,0.025208289473849083,-0.8882853742585628,0.375696193842552,0.5060975609756098,-0.05852336183009561,0.4303191841164992,0.5815968128711366,0.9988106200615792,,False
niftyit,multiday_hold,Buy Thu_Close -> Sell Close+3d,Thu_Close,Close+3d,382,0.0018181421037590493,0.021957013669359426,0.1882674792985579,0.8507672109859478,0.5,0.8280461683622442,164,0.0007335114358728461,0.022372092399396738,-0.4981118432811919,0.6190766157179463,0.49390243902439024,0.3278689461753811,0.41840318712886326,0.5696808158835007,0.9988106200615792,,False
niftyit,multiday_hold,Buy Fri_Close -> Sell Close+3d,Fri_Close,Close+3d,373,0.001760837065214024,0.023551563340075545,0.12650608015639223,0.8993996836291899,0.5361930294906166,0.7476518818679728,161,0.0021923458883485506,0.0191868384721794,0.38631590185774994,0.6997759652916715,0.5527950310559007,1.142630085476258,0.47565184027902274,0.627477466886159,0.9988106200615792,,False
niftyit,multiday_hold,Buy Mon_Close -> Sell Close+5d,Mon_Close,Close+5d,378,0.002590623283529323,0.02938914427497065,-0.08683394293401055,0.9308496077089582,0.5291005291005291,0.8814898655404658,162,0.0021744935750819643,0.02950724731039171,-0.23546070086919213,0.8141504137054746,0.48148148148148145,0.7369354220704154,0.4058623839970067,0.5579585149812956,0.9988106200615792,,False
niftyit,multiday_hold,Buy Tue_Close -> Sell Close+5d,Tue_Close,Close+5d,380,0.0038371894447759834,0.026356142267300747,0.8236910205969951,0.4106331593656717,0.5052631578947369,1.4558995037512246,164,0.0032134880573048493,0.028656944885877667,0.21894084042769177,0.8269700353527342,0.5487804878048781,1.1213644964953948,0.4723722558821487,0.6229557200189392,0.9988106200615792,,False
niftyit,multiday_hold,Buy Wed_Close -> Sell Close+5d,Wed_Close,Close+5d,380,0.0023570889617684065,0.029206657007102965,-0.2432720569398245,0.8079262636237202,0.49473684210526314,0.8070382588446086,163,0.0018286101516989787,0.028385918047560164,-0.4006112459428193,0.6892341956393054,0.49693251533742333,0.6441962344269334,0.4211338733377853,0.5728724176591843,0.9988106200615792,,False
niftyit,multiday_hold,Buy Thu_Close -> Sell Close+5d,Thu_Close,Close+5d,382,0.0028470180997332622,0.030286622332129094,0.08053553295157202,0.9358536229656436,0.5,0.9400249616851619,164,0.0013656390660334032,0.0285398589914051,-0.606785795127584,0.5448373105864883,0.5304878048780488,0.4785023872909362,0.454283211799702,0.605296773138478,0.9988106200615792,,False
niftyit,multiday_hold,Buy Fri_Close -> Sell Close+5d,Fri_Close,Close+5d,373,0.0029464584079072487,0.029609855334641253,0.14617104368975822,0.8838655394583715,0.4932975871313673,0.9950938208266485,161,0.002780297646650928,0.028999844385167967,0.02540345404945276,0.9797648116748842,0.5217391304347826,0.9587284709958365,0.4449734572634109,0.5974915515693109,0.9988106200615792,,False
niftyit,multiday_hold,Buy Mon_Close -> Sell Close+10d,Mon_Close,Close+10d,377,0.005244407452993019,0.04133696617902291,-0.0805810209686247,0.9358180328398887,0.4880636604774536,1.2686967471875998,162,0.004061713650089116,0.038864349739031745,-0.4422142735647178,0.6589276198471944,0.5,1.0451001180678208,0.4239009323083406,0.5760990676916594,0.9988106200615792,,False
niftyit,multiday_hold,Buy Tue_Close -> Sell Close+10d,Tue_Close,Close+10d,380,0.007016988019954172,0.039540605720083,0.788157471020539,0.43109727613709614,0.5078947368421053,1.7746283579035274,163,0.005829693330611394,0.03883457827972988,0.1355247417954128,0.8923652545460273,0.5276073619631901,1.5011604577290503,0.45121409688167996,0.6027292841455937,0.9988106200615792,,False
niftyit,multiday_hold,Buy Wed_Close -> Sell Close+10d,Wed_Close,Close+10d,379,0.004904056697530668,0.04220825428967969,-0.23590165740250663,0.8136367450312039,0.525065963060686,1.161871482263543,163,0.0037474101815209103,0.03835652624392279,-0.5537543025177787,0.5805105149557014,0.50920245398773,0.9769941515792636,0.4331324517981147,0.5848486752109764,0.9988106200615792,,False
niftyit,multiday_hold,Buy Thu_Close -> Sell Close+10d,Thu_Close,Close+10d,381,0.0057611941720061895,0.04205838125617468,0.15990586234646134,0.8730401930554725,0.5065616797900262,1.3698088228634278,164,0.0029638585726863083,0.038459798153647466,-0.8140776912513531,0.4167881254657493,0.49390243902439024,0.7706380987351127,0.41840318712886326,0.5696808158835007,0.9988106200615792,,False
niftyit,multiday_hold,Buy Fri_Close -> Sell Close+10d,Fri_Close,Close+10d,373,0.005816209597005814,0.04291532811504608,0.17977983832956548,0.8574232993008004,0.5308310991957105,1.3552755745951424,160,0.0066419355041950606,0.04068426149104334,0.3799029428051864,0.7045244291252504,0.53125,1.6325564876376795,0.45410132271210635,0.6069332374972666,0.9988106200615792,,False
niftyit,multiday_hold,Buy Mon_Close -> Sell Close+20d,Mon_Close,Close+20d,375,0.010732697320329377,0.06112474809157357,-0.0189436660624576,0.9848961472390749,0.49333333333333335,1.7558677385876944,162,0.00688190878154878,0.056088839776559735,-0.8846814690154766,0.37764774271267415,0.5,1.2269657937236955,0.4239009323083406,0.5760990676916594,0.9988106200615792,,False
niftyit,multiday_hold,Buy Tue_Close -> Sell Close+20d,Tue_Close,Close+20d,378,0.012210212136512645,0.06148903319937299,0.447650343426015,0.6546626719236899,0.5052910052910053,1.9857544510290257,163,0.01034067924743172,0.05625428094857042,-0.10224394190498773,0.9186894969991565,0.5214723926380368,1.8382030794928337,0.4451756967230056,0.5967802662982074,0.9988106200615792,,False
niftyit,multiday_hold,Buy Wed_Close -> Sell Close+20d,Wed_Close,Close+20d,378,0.011247394653863402,0.06112126463014974,0.1444841323078847,0.8851953917365154,0.5211640211640212,1.8401770189020787,162,0.00905960182659946,0.05650621365334074,-0.38914180734842696,0.6976854497407561,0.5185185185185185,1.6032930258217435,0.4420414850187045,0.5941376160029933,0.9988106200615792,,False
niftyit,multiday_hold,Buy Thu_Close -> Sell Close+20d,Thu_Close,Close+20d,380,0.010936436661527141,0.06068847884479459,0.04614945791368322,0.9632154329040844,0.5105263157894737,1.80206142412897,163,0.008799133720289279,0.057710189713748694,-0.4396507944709055,0.6607759826096211,0.50920245398773,1.5247105864552375,0.4331324517981147,0.5848486752109764,0.9988106200615792,,False
niftyit,multiday_hold,Buy Fri_Close -> Sell Close+20d,Fri_Close,Close+20d,371,0.012083358453878297,0.05977998486519302,0.4153357958955266,0.6781368487487202,0.5013477088948787,2.021305037317574,160,0.01137988496448566,0.057344979911510725,0.1291434933692998,0.8974073258273345,0.51875,1.9844605372686512,0.441800830487905,0.5948199056377189,0.9988106200615792,,False
niftyit,vix_regime,[vix_high] Buy Mon_Close -> Sell Close+2d,Mon_Close,Close+2d,198,0.001333336565117896,0.02072814576307741,-0.053125336189222126,0.9576858776133614,0.5202020202020202,0.6432493192386456,86,0.0019618426637581553,0.017713986675168117,0.2862826223734289,0.7753582617632077,0.5,1.1075105224665842,0.39660790465524204,0.6033920953447579,0.9988106200615792,vix_high,False
niftyit,vix_regime,[vix_high] Buy Tue_Close -> Sell Close+2d,Tue_Close,Close+2d,194,0.002251263472233899,0.020332877902214275,0.5735683561910393,0.566927680704301,0.5360824742268041,1.107203556260343,84,0.0006360278289501137,0.022502353171348688,-0.3140808328625703,0.7542477166641883,0.5357142857142857,0.28264947408253355,0.42984527122776917,0.6384594955342207,0.9988106200615792,vix_high,False
niftyit,vix_regime,[vix_high] Buy Wed_Close -> Sell Close+2d,Wed_Close,Close+2d,198,0.0013498132211734076,0.018995969802629995,-0.045795441515756735,0.9635196809037441,0.5202020202020202,0.7105787360151129,85,0.0006585023949316308,0.02205837481088785,-0.31298875195362874,0.755064986509137,0.47058823529411764,0.29852715831385684,0.36805991970356805,0.575660139367858,0.9988106200615792,vix_high,False
niftyit,vix_regime,[vix_high] Buy Thu_Close -> Sell Close+2d,Thu_Close,Close+2d,182,0.002147430218260373,0.020289759580481372,0.48778229262078937,0.626294377212899,0.5164835164835165,1.0583813030126725,79,0.00031774979938223633,0.023357207673594896,-0.4136765318260933,0.6802462335288686,0.45569620253164556,0.13603929194903272,0.35048276758066016,0.5650186230250259,0.9988106200615792,vix_high,False
niftyit,vix_regime,[vix_high] Buy Fri_Close -> Sell Close+2d,Fri_Close,Close+2d,174,0.001198841857381843,0.021488395789156834,-0.1303464483680839,0.8964437730607148,0.5229885057471264,0.5579019807457127,75,0.0005642710616690997,0.02106629329124681,-0.3460817716135023,0.7302633037921532,0.49333333333333335,0.2678549348325831,0.3832981847341953,0.6040181558778673,0.9988106200615792,vix_high,False
niftyit,vix_regime,[vix_low] Buy Mon_Close -> Sell Close+2d,Mon_Close,Close+2d,179,0.0016508035401818126,0.011930707347476411,1.0398014638410382,0.2998424725172821,0.4860335195530726,1.3836594026681843,77,0.0007254774781198874,0.01763034392227992,0.0022303350751782785,0.9982262955648975,0.4935064935064935,0.4114936619036018,0.38482830636471144,0.6028018246569409,0.9988106200615792,vix_low,False
niftyit,vix_regime,[vix_low] Buy Tue_Close -> Sell Close+2d,Tue_Close,Close+2d,186,0.0012025603330983873,0.012858433742749678,0.5094226764633492,0.6110630963806968,0.4946236559139785,0.9352308042777447,81,0.0008707173917877428,0.017110218005348832,0.07828119803932253,0.9377998422338102,0.48148148148148145,0.5088873745007501,0.37599458014162646,0.5886454077888226,0.9988106200615792,vix_low,False
niftyit,vix_regime,[vix_low] Buy Wed_Close -> Sell Close+2d,Wed_Close,Close+2d,182,2.2631825317957087e-05,0.016697589394784815,-0.5626643741326217,0.5743596880868218,0.4945054945054945,0.013553947688416461,79,-0.00032031988653834925,0.021211078623065177,-0.4335657228451309,0.6658005873384447,0.46835443037974683,-0.15101536901099863,0.36235600950357894,0.5772878409290539,0.9988106200615792,vix_low,False
niftyit,vix_regime,[vix_low] Buy Thu_Close -> Sell Close+2d,Thu_Close,Close+2d,199,0.0003653427708354525,0.015056772357907349,-0.33234720733983286,0.7399786757218532,0.4824120603015075,0.2426434843743824,86,-0.0015047272308428936,0.01954123930577722,-1.0500811357334938,0.29665722178687387,0.45348837209302323,-0.770026510241872,0.3525142050420289,0.5584401857969586,0.9988106200615792,vix_low,False
niftyit,vix_regime,[vix_low] Buy Fri_Close -> Sell Close+2d,Fri_Close,Close+2d,200,0.002395803930895028,0.013635991740230908,1.7326559788407638,0.08470609460839713,0.535,1.7569707994370332,86,-0.0008130330641082894,0.015578552226611728,-0.9078367127486716,0.3665311849489859,0.46511627906976744,-0.5218925688867564,0.36345695311713955,0.5697588400121011,0.9988106200615792,vix_low,False
niftyit,vix_regime,[vix_high] Buy Mon_Close -> Sell Close+3d,Mon_Close,Close+3d,198,0.002158256858786513,0.025117887061675136,0.02176908021397824,0.9826541920414814,0.5202020202020202,0.8592509606747857,86,0.0010171603849934091,0.023782867894562982,-0.42724957086107207,0.6702779206839786,0.4883720930232558,0.427686177084616,0.38550397038221695,0.59223462732753,0.9988106200615792,vix_high,False
niftyit,vix_regime,[vix_high] Buy Tue_Close -> Sell Close+3d,Tue_Close,Close+3d,194,0.0037059941741176207,0.021554628866035548,1.0226605027359383,0.30774851942807213,0.520618556701031,1.7193495639153857,84,0.002160723101523986,0.027981343251919744,0.013487109196092563,0.9892715365505633,0.5357142857142857,0.7722013493314848,0.42984527122776917,0.6384594955342207,0.9988106200615792,vix_high,False
niftyit,vix_regime,[vix_high] Buy Wed_Close -> Sell Close+3d,Wed_Close,Close+3d,198,0.0022979933329092075,0.025348997399716047,0.09894230274366807,0.9212846864412332,0.5656565656565656,0.9065420997419603,85,-0.00042348089099218797,0.026930112059980974,-0.8653869214678462,0.3892913015578462,0.4588235294117647,-0.15725181167051078,0.3569695582911919,0.5642385244088045,0.9988106200615792,vix_high,False
niftyit,vix_regime,[vix_high] Buy Thu_Close -> Sell Close+3d,Thu_Close,Close+3d,182,0.002911920815384824,0.024009445766648575,0.4441431082658593,0.6574696675927284,0.4945054945054945,1.212823004615026,79,0.0010456530063990264,0.026337019477174546,-0.3600327154404791,0.7197957091489203,0.4810126582278481,0.39702784413599285,0.3742954498192782,0.5894908604403015,0.9988106200615792,vix_high,False
niftyit,vix_regime,[vix_high] Buy Fri_Close -> Sell Close+3d,Fri_Close,Close+3d,174,0.00174502756416829,0.02770511374576725,-0.17768481674468578,0.8591783862005581,0.5632183908045977,0.6298575707652141,75,0.0016154495485016446,0.024340561755489203,-0.17806822933084634,0.8591559603562093,0.56,0.6636862224995008,0.44746569425928456,0.6666872402321515,0.9988106200615792,vix_high,False
niftyit,vix_regime,[vix_low] Buy Mon_Close -> Sell Close+3d,Mon_Close,Close+3d,179,0.001990086584739086,0.015498866208368989,0.7721874550964964,0.44102743553799895,0.5027932960893855,1.2840207522176625,77,0.0012594451165175396,0.02160243537271781,0.06715188563064738,0.9466371363995348,0.4805194805194805,0.5830107091111221,0.3725285050287548,0.5903618880362019,0.9988106200615792,vix_low,False
niftyit,vix_regime,[vix_low] Buy Tue_Close -> Sell Close+3d,Tue_Close,Close+3d,186,0.001376928276761691,0.017974263734248527,0.21482007292718164,0.8301442214571386,0.5,0.7660554541313778,81,0.0009775986423962275,0.023205408573407364,-0.044497466229639474,0.9646187543586778,0.5432098765432098,0.42128051281825885,0.43523822983845284,0.6472684649904988,0.9988106200615792,vix_low,False
niftyit,vix_regime,[vix_low] Buy Wed_Close -> Sell Close+3d,Wed_Close,Close+3d,182,0.0002547692290616724,0.019627241491902876,-0.5746016053148766,0.5662742417128025,0.47802197802197804,0.1298038897451668,79,-0.0017987169348484113,0.02577310703075677,-0.9909301254643577,0.32478381351576946,0.4936708860759494,-0.6979045765424721,0.38630084542959936,0.6016279246569272,0.9988106200615792,vix_low,False
niftyit,vix_regime,[vix_low] Buy Thu_Close -> Sell Close+3d,Thu_Close,Close+3d,199,0.001438750380270143,0.01835747695028923,0.2649878643464893,0.7912944712688941,0.5226130653266332,0.7837408071741987,86,-0.0009774574704676272,0.021213978243247146,-0.8998353620535771,0.3707501318354191,0.47674418604651164,-0.4607610412623914,0.37445361147407896,0.5810235839454149,0.9988106200615792,vix_low,False
niftyit,vix_regime,[vix_low] Buy Fri_Close -> Sell Close+3d,Fri_Close,Close+3d,199,0.0030337059913329873,0.015495151192264196,1.762327006433082,0.07955704578628765,0.542713567839196,1.9578421363500702,86,-0.00021791966545607852,0.021501966835838732,-0.5621111466261318,0.5755196432054598,0.5116279069767442,-0.10134871247818018,0.4077653726724701,0.614496029617783,0.9988106200615792,vix_low,False
niftyit,vix_regime,[vix_high] Buy Mon_Close -> Sell Close+5d,Mon_Close,Close+5d,198,0.0033206105362711944,0.03252537072559657,-0.07782166727633395,0.9380488954279408,0.5404040404040404,1.0209293429076784,86,0.00219589658370935,0.032849356694157276,-0.36627791190113296,0.715067818694033,0.5232558139534884,0.6684747601464968,0.41897641605458513,0.625546388525921,0.9988106200615792,vix_high,False
niftyit,vix_regime,[vix_high] Buy Tue_Close -> Sell Close+5d,Tue_Close,Close+5d,194,0.0057292978849518145,0.0278998366519722,1.1095837196404026,0.2685590697304986,0.5257731958762887,2.0535238096266126,84,0.0020625888096461264,0.03282115838520453,-0.3992573866590711,0.6907290292459526,0.47619047619047616,0.6284326669517923,0.3727826732247559,0.5816808156005842,0.9988106200615792,vix_high,False
niftyit,vix_regime,[vix_high] Buy Wed_Close -> Sell Close+5d,Wed_Close,Close+5d,198,0.003310375204708094,0.03256094057862845,-0.08214868045819546,0.9346118873556419,0.5151515151515151,1.016670632322236,85,0.0019864919091562958,0.03154299232847665,-0.4400417482010456,0.6610370586754231,0.5058823529411764,0.6297728156129669,0.40166252134606184,0.609593466839653,0.9988106200615792,vix_high,False
niftyit,vix_regime,[vix_high] Buy Thu_Close -> Sell Close+5d,Thu_Close,Close+5d,182,0.004660681127978666,0.03359005861591085,0.46450031297450495,0.6428475768601773,0.4945054945054945,1.387518009799187,79,0.0012688561312514158,0.03457289787635763,-0.5701956287928854,0.5701838558033322,0.5316455696202531,0.36700890269285524,0.42271215907094595,0.6376439904964211,0.9988106200615792,vix_high,False
niftyit,vix_regime,[vix_high] Buy Fri_Close -> Sell Close+5d,Fri_Close,Close+5d,174,0.003777503935198395,0.03213361479069625,0.11319937490889649,0.910003743336043,0.4885057471264368,1.1755614672682602,75,0.0024352266864939376,0.035164547343845956,-0.26070845065849263,0.7950414819411149,0.52,0.6925232572118177,0.4087401957316927,0.6293107824321195,0.9988106200615792,vix_high,False
niftyit,vix_regime,[vix_low] Buy Mon_Close -> Sell Close+5d,Mon_Close,Close+5d,179,0.0025710530868845232,0.022810239203930837,0.3682620660426151,0.7131154153713672,0.5139664804469274,1.1271486738470764,77,0.0003243774727835302,0.030504465694742966,-0.4621351356155718,0.6453046716851597,0.42857142857142855,0.10633770020087002,0.32403475215621097,0.5398966890819635,0.9988106200615792,vix_low,False
niftyit,vix_regime,[vix_low] Buy Tue_Close -> Sell Close+5d,Tue_Close,Close+5d,186,0.0035083563751855187,0.02254752218557,0.9452226001142578,0.3457781246178701,0.510752688172043,1.5559831126059618,80,0.0005981061867179433,0.027575662278895026,-0.43298225538665874,0.6662075047952973,0.5375,0.21689639968346386,0.4290416436680269,0.6425218761121299,0.9988106200615792,vix_low,False
niftyit,vix_regime,[vix_low] Buy Wed_Close -> Sell Close+5d,Wed_Close,Close+5d,182,0.0023771136040574227,0.0227814773019182,0.25729011418349595,0.797247084181647,0.47802197802197804,1.043441376761493,78,-0.0008100451096155246,0.029002639320352783,-0.8324809488980781,0.4077121046031827,0.46153846153846156,-0.27930048043836836,0.35532213417762043,0.5713655161126965,0.9988106200615792,vix_low,False
niftyit,vix_regime,[vix_low] Buy Thu_Close -> Sell Close+5d,Thu_Close,Close+5d,199,0.002482370784660988,0.023310762094894574,0.3265287328011441,0.7443692457941516,0.5175879396984925,1.0649033157112724,86,-0.0015226705218712938,0.02932712840214484,-1.089008081278336,0.27922827444222975,0.5,-0.5192020510811189,0.39660790465524204,0.6033920953447579,0.9988106200615792,vix_low,False
niftyit,vix_regime,[vix_low] Buy Fri_Close -> Sell Close+5d,Fri_Close,Close+5d,199,0.0037572416119548064,0.022632232319831407,1.1289498935251023,0.2602849252927744,0.5376884422110553,1.660128598389536,86,-0.00047630069453917723,0.03177169860921438,-0.7015812079465016,0.4848568816997702,0.47674418604651164,-0.14991351277675824,0.37445361147407896,0.5810235839454149,0.9988106200615792,vix_low,False
niftyit,vix_regime,[vix_high] Buy Mon_Close -> Sell Close+10d,Mon_Close,Close+10d,198,0.006285936629895436,0.044315333366324865,-0.1285999738196322,0.89780537880092,0.47474747474747475,1.418456356388849,86,0.0029206056084791357,0.045363443696018114,-0.7664819810005497,0.4455130948016354,0.5,0.6438236100526686,0.39660790465524204,0.6033920953447579,0.9988106200615792,vix_high,False
niftyit,vix_regime,[vix_high] Buy Tue_Close -> Sell Close+10d,Tue_Close,Close+10d,194,0.010080950237029521,0.042662422659939636,1.103575803014025,0.2711512624511267,0.5257731958762887,2.3629577526303063,84,0.0038582929248269803,0.04461651609423523,-0.5786204201672167,0.5644121816751473,0.5,0.8647678623489607,0.39543750035009767,0.6045624996499024,0.9988106200615792,vix_high,False
niftyit,vix_regime,[vix_high] Buy Wed_Close -> Sell Close+10d,Wed_Close,Close+10d,198,0.007055728643639064,0.04639567120540796,0.11004464302553187,0.9124859912980056,0.5505050505050505,1.520773050658363,85,0.0020235305702596593,0.044238927573520485,-0.9671788397424265,0.33623109773053206,0.5058823529411764,0.457409499110656,0.40166252134606184,0.609593466839653,0.9988106200615792,vix_high,False
niftyit,vix_regime,[vix_high] Buy Thu_Close -> Sell Close+10d,Thu_Close,Close+10d,182,0.00984972136446235,0.044185262817832,0.9614789236977803,0.33759410685928365,0.5439560439560439,2.2291870040630974,79,0.0005463809145247201,0.04721783211699956,-1.149488895344792,0.25386689109404914,0.46835443037974683,0.11571495132831602,0.36235600950357894,0.5772878409290539,0.9988106200615792,vix_high,False
niftyit,vix_regime,[vix_high] Buy Fri_Close -> Sell Close+10d,Fri_Close,Close+10d,174,0.00920492312128066,0.046414120352235105,0.7121267583469435,0.47734554525451645,0.5459770114942529,1.9832161099736085,75,0.0038070208753245003,0.04897273111833057,-0.5067569372762768,0.6138320747299387,0.5733333333333334,0.777375651385619,0.46052588692688007,0.6789943663404308,0.9988106200615792,vix_high,False
niftyit,vix_regime,[vix_low] Buy Mon_Close -> Sell Close+10d,Mon_Close,Close+10d,178,0.0060876087088757545,0.03382983311449873,0.7687480170876558,0.4430674422393847,0.5224719101123596,1.7994793791243204,77,0.000724121244992453,0.039014694312860046,-0.7616732361651274,0.4486122252710395,0.45454545454545453,0.18560218341984233,0.3481397836005049,0.5652711335510607,0.9988106200615792,vix_low,False
niftyit,vix_regime,[vix_low] Buy Tue_Close -> Sell Close+10d,Tue_Close,Close+10d,185,0.007387941045325381,0.03144063543437371,1.404375303526404,0.16189287490336016,0.5297297297297298,2.349806530070389,80,-0.0003734323072768324,0.040300468203491986,-0.9938482614327844,0.32333115312535854,0.45,-0.09266202699959575,0.3457751037437976,0.5588068698826599,0.9988106200615792,vix_low,False
niftyit,vix_regime,[vix_low] Buy Wed_Close -> Sell Close+10d,Wed_Close,Close+10d,181,0.005004309197784487,0.03284966580394261,0.35592745839710577,0.7223116905765457,0.5082872928176796,1.523397293492061,78,-6.85767533277647e-05,0.03983967669116338,-0.9253892673733556,0.3576546736811911,0.47435897435897434,-0.017213180182000656,0.36737081694801105,0.5837542832455336,0.9988106200615792,vix_low,False
niftyit,vix_regime,[vix_low] Buy Thu_Close -> Sell Close+10d,Thu_Close,Close+10d,198,0.004963031174172774,0.03393380664141802,0.34338633288824094,0.7316740214046811,0.494949494949495,1.462562460680474,86,-0.0015977414838476436,0.041538602069025904,-1.2719078461178706,0.2068747657094281,0.5232558139534884,-0.3846401670409202,0.41897641605458513,0.625546388525921,0.9988106200615792,vix_low,False
niftyit,vix_regime,[vix_low] Buy Fri_Close -> Sell Close+10d,Fri_Close,Close+10d,198,0.005355311192708132,0.03383467278859739,0.5071223229035484,0.612636188004803,0.5252525252525253,1.5827879365551079,86,0.003309547156348791,0.0441505968648369,-0.1719185842161937,0.863910188515334,0.4883720930232558,0.7496041710332192,0.38550397038221695,0.59223462732753,0.9988106200615792,vix_low,False
niftyit,vix_regime,[vix_high] Buy Mon_Close -> Sell Close+20d,Mon_Close,Close+20d,198,0.016289166957053205,0.06045782082769583,0.6572620879299016,0.5117795705559047,0.4797979797979798,2.694302694679844,86,0.001956570387486465,0.06680485219525975,-1.5872858075303158,0.11616113767170737,0.43023255813953487,0.2928784845998502,0.3307917119906583,0.5356398742678231,0.9988106200615792,vix_high,False
niftyit,vix_regime,[vix_high] Buy Tue_Close -> Sell Close+20d,Tue_Close,Close+20d,194,0.01983994171861966,0.059661031406780786,1.4860635910988864,0.13889398530507066,0.4896907216494845,3.3254439708470658,84,0.0028845868183073786,0.06865799418745186,-1.4030241695022252,0.16433946290744614,0.4880952380952381,0.42013852173307076,0.3840817181332218,0.5931500262794481,0.9988106200615792,vix_high,False
niftyit,vix_regime,[vix_high] Buy Wed_Close -> Sell Close+20d,Wed_Close,Close+20d,198,0.0177326243923247,0.05968412496221612,1.0052342083257129,0.31601720304996933,0.494949494949495,2.971078893013944,85,0.0024038817075740034,0.06914823567637048,-1.465158381878293,0.14661076812503424,0.49411764705882355,0.3476417993981391,0.39040653316034707,0.5983374786539382,0.9988106200615792,vix_high,False
niftyit,vix_regime,[vix_high] Buy Thu_Close -> Sell Close+20d,Thu_Close,Close+20d,182,0.01826590498441763,0.05798711178006977,1.1154734967786823,0.2661263675893887,0.510989010989011,3.1499939251493543,79,-0.00240913300710512,0.06735843842633536,-2.0804395223313543,0.040768465416489236,0.4177215189873418,-0.3576586784653269,0.3152645504906467,0.5278094606341988,0.9988106200615792,vix_high,False
niftyit,vix_regime,[vix_high] Buy Fri_Close -> Sell Close+20d,Fri_Close,Close+20d,174,0.019834177490751757,0.059758655781299116,1.4033929460872119,0.16229203706041376,0.4885057471264368,3.3190467943823236,75,0.006003635929888085,0.06830324103938419,-0.9388322614618957,0.35087119559014435,0.52,0.8789679433259018,0.4087401957316927,0.6293107824321195,0.9988106200615792,vix_high,False
niftyit,vix_regime,[vix_low] Buy Mon_Close -> Sell Close+20d,Mon_Close,Close+20d,177,0.009862178811719153,0.05466928221509132,0.4297578359646228,0.6678974969948018,0.5649717514124294,1.803970788004369,76,6.644174207344345e-06,0.05792324836711923,-1.208744300701124,0.23055815544769923,0.4473684210526316,0.0011470651931040497,0.34080475999833526,0.5589968471838855,0.9988106200615792,vix_low,False
niftyit,vix_regime,[vix_low] Buy Tue_Close -> Sell Close+20d,Tue_Close,Close+20d,184,0.010698806629808334,0.05598625834805753,0.6300637067641864,0.5294388292266301,0.5652173913043478,1.9109701104323815,79,0.0030526139101061233,0.05700165422629071,-0.780673454593346,0.43735742638549974,0.46835443037974683,0.5355307581052928,0.36235600950357894,0.5772878409290539,0.9988106200615792,vix_low,False
niftyit,vix_regime,[vix_low] Buy Wed_Close -> Sell Close+20d,Wed_Close,Close+20d,179,0.010690304746530746,0.0545234434686196,0.6359878047722222,0.5256012520933705,0.5418994413407822,1.9606804094615633,78,0.0011566224437999123,0.058102912973035624,-1.0472927822592506,0.29824092044483724,0.46153846153846156,0.19906445040658755,0.35532213417762043,0.5713655161126965,0.9988106200615792,vix_low,False
niftyit,vix_regime,[vix_low] Buy Thu_Close -> Sell Close+20d,Thu_Close,Close+20d,197,0.010740581721923378,0.056519226647476474,0.6562580958342488,0.5124277674775909,0.5380710659898477,1.9003412394360732,85,0.004001610929010072,0.060927114820904404,-0.6151907466927675,0.540091862592033,0.4823529411764706,0.6567865458216476,0.379205636706352,0.5870263987365038,0.9988106200615792,vix_low,False
niftyit,vix_regime,[vix_low] Buy Fri_Close -> Sell Close+20d,Fri_Close,Close+20d,197,0.009424971880599216,0.05338815658200676,0.34975289417376454,0.7268996753125135,0.5126903553299492,1.765367542916004,85,0.006418453436424663,0.059599574534995294,-0.2572345509862272,0.797626783628179,0.4823529411764706,1.0769294053694825,0.379205636706352,0.5870263987365038,0.9988106200615792,vix_low,False
niftyit,trend_regime,[trend_up] Buy Mon_Close -> Sell Close+2d,Mon_Close,Close+2d,221,0.0011048925310399305,0.015516389746589662,-0.2253564214858692,0.8219112075373097,0.47058823529411764,0.7120809344730299,96,0.0013288396177057599,0.0127343275230394,-0.009032887071392092,0.99281183868167,0.5,1.0435098479299953,0.40192229167030874,0.5980777083296912,0.9988106200615792,trend_up,False
niftyit,trend_regime,[trend_up] Buy Tue_Close -> Sell Close+2d,Tue_Close,Close+2d,221,0.0015030451713644354,0.01623343325189235,0.14838758459571044,0.882172816767009,0.502262443438914,0.9258948172218737,95,0.003243571914924248,0.014296128836241038,1.2905310142923967,0.20003168106820712,0.5263157894736842,2.268846309430084,0.4268517068062815,0.6237342812797065,0.9988106200615792,trend_up,False
niftyit,trend_regime,[trend_up] Buy Wed_Close -> Sell Close+2d,Wed_Close,Close+2d,229,0.0012486909136792859,0.01653167860458226,-0.08398536753282984,0.9331417591743959,0.519650655021834,0.7553321979857346,99,0.0025899054312591404,0.020084722212850806,0.6157458714935832,0.5394897071880269,0.48484848484848486,1.2894902920798383,0.3888205792655413,0.5820083459942758,0.9988106200615792,trend_up,False
niftyit,trend_regime,[trend_up] Buy Thu_Close -> Sell Close+2d,Thu_Close,Close+2d,226,0.0014858340887840943,0.017260084018413016,0.12618090986079905,0.8997014027953271,0.4823008849557522,0.8608498586675535,97,0.0009703013841566929,0.018865286787016072,-0.19234133621326033,0.847881131677003,0.4845360824742268,0.5143316373141474,0.3875798918772146,0.5826704809847787,0.9988106200615792,trend_up,False
niftyit,trend_regime,[trend_up] Buy Fri_Close -> Sell Close+2d,Fri_Close,Close+2d,220,0.0007119255527330299,0.017468152105433413,-0.5326345964857854,0.5948265645444119,0.4727272727272727,0.4075563050035429,95,2.874651147905622e-05,0.014708224072063413,-0.8647740880867506,0.3893643290440889,0.47368421052631576,0.01954451559767635,0.37626571872029346,0.5731482931937185,0.9988106200615792,trend_up,False
niftyit,trend_regime,[trend_down] Buy Mon_Close -> Sell Close+2d,Mon_Close,Close+2d,149,0.0016477076295947453,0.021710709296765527,0.6316458706278628,0.5285927253799018,0.5369127516778524,0.7589377238081401,65,0.002303611443830063,0.017920124051452224,0.796041326997342,0.42895086530004245,0.5384615384615384,1.285488558681814,0.4185318739862352,0.6540986285006332,0.9988106200615792,trend_down,False
niftyit,trend_regime,[trend_down] Buy Tue_Close -> Sell Close+2d,Tue_Close,Close+2d,154,0.0002524478803754019,0.021703033768594476,-0.15275318703003024,0.878794179514831,0.512987012987013,0.11631916674281194,66,0.0007380303891235519,0.019617798091091567,0.08941145791225676,0.9290298500389559,0.4696969696969697,0.3762044984338437,0.354302309719119,0.5884252337506756,0.9988106200615792,trend_down,False
niftyit,trend_regime,[trend_down] Buy Wed_Close -> Sell Close+2d,Wed_Close,Close+2d,144,-0.0005429102964177875,0.02028814459916942,-0.6267767497203643,0.531804940672333,0.4861111111111111,-0.2675997766892956,62,-0.0036262400710531583,0.022741253804470403,-1.4241437234129382,0.15950052520331387,0.45161290322580644,-1.5945647070436917,0.3341951476826002,0.5746770546940128,0.9988106200615792,trend_down,False
niftyit,trend_regime,[trend_down] Buy Thu_Close -> Sell Close+2d,Thu_Close,Close+2d,148,8.438912690126262e-05,0.020859162259711614,-0.2534693115868353,0.8002597241444952,0.5202702702702703,0.04045662325771146,64,-0.0019525480947885424,0.02028728112869468,-0.9675493188982043,0.33696928322214037,0.421875,-0.9624493703233721,0.3086959366145158,0.5439018794747275,0.9988106200615792,trend_down,False
niftyit,trend_regime,[trend_down] Buy Fri_Close -> Sell Close+2d,Fri_Close,Close+2d,147,0.002317941346666672,0.02098478940603271,1.0349863634547376,0.30238653315438313,0.5850340136054422,1.1045816576078242,63,0.0022959899809939384,0.016461827057958824,0.8492669497333417,0.3990001633264963,0.5555555555555556,1.3947358169358806,0.43319420640871287,0.6715309946636732,0.9988106200615792,trend_down,False
niftyit,trend_regime,[trend_up] Buy Mon_Close -> Sell Close+3d,Mon_Close,Close+3d,221,0.0013122752581237853,0.019175125795277623,-0.4432620769675812,0.6580117610261211,0.4751131221719457,0.6843633111637616,96,0.0029342309748858868,0.016390417218305545,0.6237506481931706,0.5342862146851196,0.4791666666666667,1.7902112776048233,0.3819724566925992,0.5779640827859349,0.9988106200615792,trend_up,False
niftyit,trend_regime,[trend_up] Buy Tue_Close -> Sell Close+3d,Tue_Close,Close+3d,221,0.0028064926679105357,0.020280469399201397,0.6737131884192792,0.5012008687193402,0.5475113122171946,1.3838400939679678,95,0.004520272733855574,0.02074822450744922,1.2312778045241233,0.2212906731704055,0.5368421052631579,2.178631107559427,0.43709512538632533,0.633725257934058,0.9988106200615792,trend_up,False
niftyit,trend_regime,[trend_up] Buy Wed_Close -> Sell Close+3d,Wed_Close,Close+3d,229,0.001230236225526675,0.021241321395918125,-0.4656737923556663,0.6418935318280463,0.49344978165938863,0.5791712307328891,99,0.002088918976885374,0.02305569992438194,0.08742051074260156,0.9305156481685237,0.5050505050505051,0.9060314732307448,0.4082299868548984,0.6014937047251627,0.9988106200615792,trend_up,False
niftyit,trend_regime,[trend_up] Buy Thu_Close -> Sell Close+3d,Thu_Close,Close+3d,226,0.0017441539114853026,0.021111448504760752,-0.10029961139284238,0.9201957790980085,0.4823008849557522,0.8261649649913817,97,0.0015640435624791479,0.021466370341929494,-0.14664050907346524,0.8837232822599335,0.4742268041237113,0.7286017792324012,0.37774323399262677,0.5726740541106956,0.9988106200615792,trend_up,False
niftyit,trend_regime,[trend_up] Buy Fri_Close -> Sell Close+3d,Fri_Close,Close+3d,219,0.0012198173851192676,0.019458252761273397,-0.5049789188038636,0.6140837454565592,0.4977168949771689,0.6268894746536533,95,0.0009454864242014754,0.016204715005807956,-0.5623061468951545,0.5752459518664975,0.5052631578947369,0.5834637782044314,0.4064912522418622,0.6036259453753354,0.9988106200615792,trend_up,False
niftyit,trend_regime,[trend_down] Buy Mon_Close -> Sell Close+3d,Mon_Close,Close+3d,149,0.001671627905874562,0.027090054877003437,0.3046114522090064,0.7610900090087652,0.5503355704697986,0.6170633147345875,65,0.0016792186672669178,0.023123037966363672,0.23730311931042114,0.8131796385632901,0.49230769230769234,0.7262102279595019,0.37463636042469284,0.6108375390779336,0.9988106200615792,trend_down,False
niftyit,trend_regime,[trend_down] Buy Tue_Close -> Sell Close+3d,Tue_Close,Close+3d,154,0.00094742369648746,0.022187512858167283,-0.025588145620725897,0.9796191849261624,0.4935064935064935,0.4270076157448674,66,-0.0007452283161133312,0.026683272535006283,-0.5252970778886468,0.6011640395752434,0.4696969696969697,-0.27928670111046244,0.354302309719119,0.5884252337506756,0.9988106200615792,trend_down,False
niftyit,trend_regime,[trend_down] Buy Wed_Close -> Sell Close+3d,Wed_Close,Close+3d,144,-0.0005218582502885941,0.026598257927881095,-0.6812072799509483,0.49684199516032296,0.5347222222222222,-0.19620016156831332,62,-0.0027639339775066816,0.02791219018138026,-1.0513367560446787,0.29725110049525144,0.5161290322580645,-0.9902246866139707,0.3944724746061819,0.6359034579349472,0.9988106200615792,trend_down,False
niftyit,trend_regime,[trend_down] Buy Thu_Close -> Sell Close+3d,Thu_Close,Close+3d,148,0.0018574502976668092,0.02334949105392263,0.44870324019028446,0.6543064809559642,0.5337837837837838,0.7954992652205001,64,-0.0007820266661775977,0.02343996997229437,-0.6011696033363534,0.5498840499198007,0.5,-0.333629551190526,0.3810188849321495,0.6189811150678505,0.9988106200615792,trend_down,False
niftyit,trend_regime,[trend_down] Buy Fri_Close -> Sell Close+3d,Fri_Close,Close+3d,147,0.002613904986646968,0.028811182716851895,0.6796518014654713,0.4978011268209897,0.5850340136054422,0.9072536217397537,63,0.0037679858313708924,0.022878775829384537,0.9549339871077833,0.3433196475311458,0.6349206349206349,1.6469350718194677,0.5114848159101393,0.7428478152656555,0.9988106200615792,trend_down,False
niftyit,trend_regime,[trend_up] Buy Mon_Close -> Sell Close+5d,Mon_Close,Close+5d,221,0.00244887407382967,0.027862209795883885,-0.3232459036288646,0.7468160578173461,0.5158371040723982,0.8789231334376948,96,0.0038266021009364074,0.027194230510062783,0.27616532384047104,0.7830209794863859,0.5,1.4071374806948245,0.40192229167030874,0.5980777083296912,0.9988106200615792,trend_up,False
niftyit,trend_regime,[trend_up] Buy Tue_Close -> Sell Close+5d,Tue_Close,Close+5d,220,0.0033457528973361264,0.027454999220980422,0.15613701521552076,0.8760688540538918,0.5,1.21863157613182,95,0.005105736087012901,0.02521536887801942,0.7880961908776044,0.432623364305731,0.5684210526315789,2.024850840656803,0.46808026950252796,0.6634432995210411,0.9988106200615792,trend_up,False
niftyit,trend_regime,[trend_up] Buy Wed_Close -> Sell Close+5d,Wed_Close,Close+5d,228,0.0028159468805400317,0.02594350448564773,-0.13945673757768445,0.8892128896156655,0.4956140350877193,1.085414995533024,99,0.0033970450672866563,0.024620185155171066,0.1370974543574175,0.891235032737821,0.47474747474747475,1.3797804711363688,0.37917288365218244,0.5722086584475127,0.9988106200615792,trend_up,False
niftyit,trend_regime,[trend_up] Buy Thu_Close -> Sell Close+5d,Thu_Close,Close+5d,226,0.0024646161800062935,0.027075700121755194,-0.3276732787159686,0.7434633953426057,0.48672566371681414,0.9102686796364635,97,0.004474672161939576,0.02517663660438519,0.5520709913786783,0.5821826892881031,0.5670103092783505,1.77731133520837,0.46771404416848805,0.6612010067628736,0.9988106200615792,trend_up,False
niftyit,trend_regime,[trend_up] Buy Fri_Close -> Sell Close+5d,Fri_Close,Close+5d,219,0.0023955298398289572,0.02753217053016615,-0.3542376707804721,0.723503173447815,0.4748858447488584,0.8700839031939923,95,0.0026718955902854977,0.02642749851576148,-0.1409449682775262,0.8882150214203653,0.49473684210526314,1.0110285650728414,0.3963740546246646,0.5935087477581378,0.9988106200615792,trend_up,False
niftyit,trend_regime,[trend_down] Buy Mon_Close -> Sell Close+5d,Mon_Close,Close+5d,149,0.0018658262081887398,0.03272669156217523,0.005564978790183145,0.9955673063437341,0.5436241610738255,0.5701236877684328,65,0.0009936901881357231,0.031133250351494866,-0.22025726544636268,0.8263718908231178,0.4461538461538462,0.31917328801745587,0.331693339691393,0.5666239568269913,0.9988106200615792,trend_down,False
niftyit,trend_regime,[trend_down] Buy Tue_Close -> Sell Close+5d,Tue_Close,Close+5d,154,0.003449104581164174,0.02519404374079736,0.784679359214047,0.43385485156724796,0.5194805194805194,1.3690158740095184,66,0.0014594132078351511,0.03205998756348234,-0.09843767889840603,0.9218876950758564,0.5454545454545454,0.45521327946411416,0.4261479973870641,0.659760687408244,0.9988106200615792,trend_down,False
niftyit,trend_regime,[trend_down] Buy Wed_Close -> Sell Close+5d,Wed_Close,Close+5d,144,0.0005764108410168842,0.03393390027192145,-0.44911267315809944,0.6540302780233791,0.5,0.1698628322703696,62,-4.466583001986653e-05,0.03323567103385081,-0.44543998767852555,0.6575786841824742,0.532258064516129,-0.013439123878189192,0.4098381737584801,0.650913691323778,0.9988106200615792,trend_down,False
niftyit,trend_regime,[trend_down] Buy Thu_Close -> Sell Close+5d,Thu_Close,Close+5d,148,0.0027820419304988163,0.03483382107599074,0.32411122131867537,0.7463145368963985,0.5135135135135135,0.7986611415468119,64,-0.002562904723533018,0.03276086179739041,-1.0693594688268402,0.28898788749587917,0.484375,-0.7823068695150039,0.36633348565783896,0.6041860775600096,0.9988106200615792,trend_down,False
niftyit,trend_regime,[trend_down] Buy Fri_Close -> Sell Close+5d,Fri_Close,Close+5d,147,0.003640454902555073,0.03294430193099661,0.6563747728217674,0.5126161901253458,0.5306122448979592,1.1050332498105977,63,0.002102070166892722,0.03287806265534413,0.06016364853670386,0.9522188102394623,0.5396825396825397,0.639353415962617,0.41789036921596123,0.656913345835743,0.9988106200615792,trend_down,False
niftyit,trend_regime,[trend_up] Buy Mon_Close -> Sell Close+10d,Mon_Close,Close+10d,221,0.005713824375361471,0.04164702535918275,-0.2575791508711039,0.7969724901307191,0.4660633484162896,1.3719645823640154,95,0.0070471882811395156,0.03545700831092425,0.16683178360436463,0.8678607639162935,0.49473684210526314,1.9875304253935853,0.3963740546246646,0.5935087477581378,0.9988106200615792,trend_up,False
niftyit,trend_regime,[trend_up] Buy Tue_Close -> Sell Close+10d,Tue_Close,Close+10d,219,0.007459592757394145,0.03955428500014051,0.3816888131630071,0.7030639751649127,0.4840182648401826,1.8859126785802465,95,0.008499570583910543,0.03658354311632342,0.5466043773569302,0.5859457341982244,0.5368421052631579,2.323331711443245,0.43709512538632533,0.633725257934058,0.9988106200615792,trend_up,False
niftyit,trend_regime,[trend_up] Buy Wed_Close -> Sell Close+10d,Wed_Close,Close+10d,228,0.005169930093095703,0.04106571243028446,-0.46489698649261635,0.6424508548229715,0.4824561403508772,1.2589408017387929,98,0.00589620626102297,0.03395886395104165,-0.15686183437710952,0.8756797728908237,0.47959183673469385,1.7362790078971742,0.38332963929572583,0.5773936800551093,0.9988106200615792,trend_up,False
niftyit,trend_regime,[trend_up] Buy Thu_Close -> Sell Close+10d,Thu_Close,Close+10d,225,0.006791218343203123,0.04092636013382986,0.1295123332829616,0.8970684859562602,0.47555555555555556,1.6593751120294424,97,0.006775432514997448,0.03536387967099436,0.0937482602071303,0.9255045161854984,0.5154639175257731,1.915918891827554,0.41732951901522114,0.6124201081227854,0.9988106200615792,trend_up,False
niftyit,trend_regime,[trend_up] Buy Fri_Close -> Sell Close+10d,Fri_Close,Close+10d,219,0.006357224310666241,0.04108211870296822,-0.02869489216050815,0.9771341817808813,0.5068493150684932,1.5474431483512865,94,0.005680619965309709,0.03731655683484597,-0.19548696476339184,0.8454382188385433,0.5,1.5222787006986618,0.4009249494369979,0.599075050563002,0.9988106200615792,trend_up,False
niftyit,trend_regime,[trend_down] Buy Mon_Close -> Sell Close+10d,Mon_Close,Close+10d,149,0.003124899315333421,0.042100007203582424,-0.06518172421381939,0.9481172734744147,0.5436241610738255,0.742256242433021,65,0.0016514968169760843,0.04205443522299117,-0.32319451052433007,0.7476015807000735,0.5538461538461539,0.3927045526159416,0.4333760431730088,0.6683066603086071,0.9988106200615792,trend_down,False
niftyit,trend_regime,[trend_down] Buy Tue_Close -> Sell Close+10d,Tue_Close,Close+10d,154,0.005889209283115987,0.03940276026775982,0.7969620855935442,0.42670804719322525,0.5454545454545454,1.4946184589851343,66,0.0015088111504767499,0.04196719268966452,-0.35379791553584183,0.7246353793987274,0.5303030303030303,0.3595215819256675,0.41157476624932443,0.645697690280881,0.9988106200615792,trend_down,False
niftyit,trend_regime,[trend_down] Buy Wed_Close -> Sell Close+10d,Wed_Close,Close+10d,144,0.0027033743796192155,0.04449866250443666,-0.17389520386900162,0.862193752339157,0.5763888888888888,0.6075181202018556,62,0.002070804420314596,0.043490943402907135,-0.229806129327553,0.8190112882036586,0.5483870967741935,0.47614612567272424,0.42532294530598713,0.6658048523173997,0.9988106200615792,trend_down,False
niftyit,trend_regime,[trend_down] Buy Thu_Close -> Sell Close+10d,Thu_Close,Close+10d,148,0.0029561958677479057,0.04410346821051697,-0.10838796488067752,0.9138357526715896,0.5405405405405406,0.6702864848717198,64,-0.0018533408178994823,0.0421095250108667,-0.9808694159733059,0.3304089911524193,0.484375,-0.4401238953470059,0.36633348565783896,0.6041860775600096,0.9988106200615792,trend_down,False
niftyit,trend_regime,[trend_down] Buy Fri_Close -> Sell Close+10d,Fri_Close,Close+10d,147,0.005432790311011582,0.046132734777164265,0.5454002823350615,0.586310510271849,0.5714285714285714,1.1776432369018837,63,0.005452697025396492,0.04565998255067332,0.3625269595648119,0.7181911763760219,0.5396825396825397,1.194196037929954,0.41789036921596123,0.656913345835743,0.9988106200615792,trend_down,False
niftyit,trend_regime,[trend_up] Buy Mon_Close -> Sell Close+20d,Mon_Close,Close+20d,219,0.011025439029067123,0.06623321660920778,0.03102733873378813,0.9752761244509068,0.4931506849315068,1.6646389219052906,95,0.0075460576038157015,0.052126097917970425,-0.6212704980225515,0.5359253687852813,0.49473684210526314,1.447654419805363,0.3963740546246646,0.5935087477581378,0.9988106200615792,trend_up,False
niftyit,trend_regime,[trend_up] Buy Tue_Close -> Sell Close+20d,Tue_Close,Close+20d,218,0.0117942377281465,0.06759794584301299,0.1978674572693876,0.8433339968756267,0.48623853211009177,1.744762741095271,94,0.011835092229330785,0.05136067987011288,0.17815697354071017,0.858987200273922,0.5212765957446809,2.304309884382528,0.4214523691602429,0.6194300366875765,0.9988106200615792,trend_up,False
niftyit,trend_regime,[trend_up] Buy Wed_Close -> Sell Close+20d,Wed_Close,Close+20d,226,0.010496916967432065,0.06432935526693026,-0.09078370790244601,0.9277452232599138,0.5,1.631746023860464,98,0.008746534643386575,0.05127082357281524,-0.41102895300528175,0.6819579531844967,0.4897959183673469,1.7059477562252683,0.3930904002751632,0.5872712594002543,0.9988106200615792,trend_up,False
niftyit,trend_regime,[trend_up] Buy Thu_Close -> Sell Close+20d,Thu_Close,Close+20d,224,0.012069832943705543,0.06502407453917453,0.2718162617177113,0.7860147820155114,0.5044642857142857,1.8562098775329636,96,0.010206102025252566,0.057101462915276735,-0.11609689705740597,0.9078208123840266,0.5,1.7873626180813764,0.40192229167030874,0.5980777083296912,0.9988106200615792,trend_up,False
niftyit,trend_regime,[trend_up] Buy Fri_Close -> Sell Close+20d,Fri_Close,Close+20d,217,0.01264526108005292,0.06464474762860123,0.3999090085084136,0.6896187238947499,0.4976958525345622,1.9561157779906297,94,0.007863457482679833,0.05342187408389806,-0.5456715186833984,0.5865982363001766,0.46808510638297873,1.4719546286096998,0.3704572385638639,0.5682191526644071,0.9988106200615792,trend_up,False
niftyit,trend_regime,[trend_down] Buy Mon_Close -> Sell Close+20d,Mon_Close,Close+20d,149,0.009171332255200915,0.053286772209977754,-0.19409933724970493,0.8463642604720939,0.48322147651006714,1.7211273783033936,65,0.0071101384057189665,0.0618083133578952,-0.37682661992671856,0.7075489945237348,0.5230769230769231,1.1503530867358216,0.40379420402276267,0.6397840974693585,0.9988106200615792,trend_down,False
niftyit,trend_regime,[trend_down] Buy Tue_Close -> Sell Close+20d,Tue_Close,Close+20d,154,0.012063569428348745,0.05107980854213975,0.49449696884252975,0.6216645282829926,0.525974025974026,2.3617099931759844,66,0.006962157839818509,0.06361528712487755,-0.38772647543286914,0.6994852730411336,0.5151515151515151,1.0944158479001616,0.39710384843935753,0.6315323798257452,0.9988106200615792,trend_down,False
niftyit,trend_regime,[trend_down] Buy Wed_Close -> Sell Close+20d,Wed_Close,Close+20d,144,0.011388999978983048,0.055832511155070055,0.29288910800061335,0.7700314893573533,0.5416666666666666,2.0398509297479146,62,0.01024294823644852,0.06415757981413846,0.026956190309241606,0.9785826711780262,0.5645161290322581,1.5965297110835333,0.4409276740746583,0.6805760560898578,0.9988106200615792,trend_down,False
niftyit,trend_regime,[trend_down] Buy Thu_Close -> Sell Close+20d,Thu_Close,Close+20d,148,0.00896426192355426,0.0528192166194102,-0.24268667334839772,0.8085864180751061,0.5135135135135135,1.69715919646185,64,0.005128168972392716,0.060981427445752336,-0.6369108865287122,0.5264905662928872,0.53125,0.8409394773440841,0.41071875000475133,0.6482421235595515,0.9988106200615792,trend_down,False
niftyit,trend_regime,[trend_down] Buy Fri_Close -> Sell Close+20d,Fri_Close,Close+20d,147,0.011392391888008883,0.052670421345850704,0.3144907598720972,0.7535972993850139,0.5238095238095238,2.162958183532048,63,0.014161841503863574,0.06273907501417646,0.5196276564934502,0.6051733978207914,0.5714285714285714,2.25726016850959,0.4486139508259402,0.6860327362671276,0.9988106200615792,trend_down,False
niftyfmcg,multiday_hold,Buy Mon_Close -> Sell Close+2d,Mon_Close,Close+2d,373,0.00042044160609364806,0.014281167295968445,-0.5839429474674126,0.559612606224804,0.46648793565683644,0.2944028295308453,161,0.0012952475741331412,0.01134671151587223,0.49321180604725484,0.6225391946591795,0.4782608695652174,1.1415180268937812,0.40250844843068906,0.555026542736589,0.9988106200615792,,False
niftyfmcg,multiday_hold,Buy Tue_Close -> Sell Close+2d,Tue_Close,Close+2d,380,0.0016806535294875127,0.013579306979649467,1.1868223210146307,0.23604109303399864,0.5236842105263158,1.237657806842582,163,0.0011857089137069835,0.011523826443849819,0.36767310037742484,0.7135969131523366,0.5337423312883436,1.028919447446024,0.45726370693149515,0.6086670921018396,0.9988106200615792,,False
niftyfmcg,multiday_hold,Buy Wed_Close -> Sell Close+2d,Wed_Close,Close+2d,378,0.0017083791098711583,0.015726791765399005,1.0562852870379198,0.29151429706228166,0.5264550264550265,1.0862858333444811,162,-9.913503664086246e-05,0.010925303919489704,-1.1055929052832139,0.2705521337132698,0.5061728395061729,-0.09073892806223448,0.4299364477015512,0.5821232526390148,0.9988106200615792,,False
niftyfmcg,multiday_hold,Buy Thu_Close -> Sell Close+2d,Thu_Close,Close+2d,381,0.0006074693195104998,0.017560260144240294,-0.2723615371896347,0.7854919752630071,0.5013123359580053,0.34593412313982586,164,0.00034535711147941887,0.011196536594213808,-0.5786463961650825,0.5636264809980127,0.5,0.30844994661821934,0.4243556892194609,0.5756443107805391,0.9988106200615792,,False
niftyfmcg,multiday_hold,Buy Fri_Close -> Sell Close+2d,Fri_Close,Close+2d,373,0.0003882532709199247,0.01655858381194494,-0.5411219432670147,0.5887474235405834,0.4745308310991957,0.23447251004632938,160,0.0002403599080674325,0.01072382179929102,-0.7201547509863304,0.47248704979013595,0.49375,0.22413642502276876,0.41734025920911827,0.5704528287490073,0.9988106200615792,,False
niftyfmcg,multiday_hold,Buy Mon_Close -> Sell Close+3d,Mon_Close,Close+3d,373,0.0014047428470456563,0.018467652903708734,0.1327223705641406,0.8944847117333655,0.48257372654155495,0.7606504488524101,161,0.0008411958466080125,0.014307607039606162,-0.38587115737477745,0.7001046769813363,0.4409937888198758,0.5879360848249628,0.3665602817926149,0.5181775513757115,0.9988106200615792,,False
niftyfmcg,multiday_hold,Buy Tue_Close -> Sell Close+3d,Tue_Close,Close+3d,380,0.002595472797517212,0.01661516039547982,1.544075526749102,0.12340457591607067,0.5157894736842106,1.5621111898644773,163,0.0016118403225135857,0.01390565667027115,0.305876350915018,0.7600915051126184,0.5521472392638037,1.1591256427030396,0.4754800705128267,0.6264129825386905,0.9988106200615792,,False
niftyfmcg,multiday_hold,Buy Wed_Close -> Sell Close+3d,Wed_Close,Close+3d,378,0.0016214182546906008,0.021074997500470295,0.31670529769919875,0.7516425235979654,0.5185185185185185,0.7693563212306043,162,0.00023212945315170038,0.012980746967755733,-1.0219985797385818,0.3083147637506635,0.4382716049382716,0.17882595949856475,0.3641710562462771,0.5152319403480636,0.9988106200615792,,False
niftyfmcg,multiday_hold,Buy Thu_Close -> Sell Close+3d,Thu_Close,Close+3d,381,0.0008840534223884829,0.019970818312145523,-0.3842015525820682,0.7010439671964958,0.49868766404199477,0.44267260788749646,164,0.0005208514772213479,0.013542809259273206,-0.7134630507959229,0.4765795348799898,0.4695121951219512,0.38459633245200125,0.3947032268615221,0.5457167882002981,0.9988106200615792,,False
niftyfmcg,multiday_hold,Buy Fri_Close -> Sell Close+3d,Fri_Close,Close+3d,372,0.0005870133378834375,0.018728718435940955,-0.7102893201811209,0.47797097141802797,0.47043010752688175,0.3134295279686312,160,0.0015155799328923703,0.013779214301267469,0.21772262528003505,0.8279243925703964,0.50625,1.099903013158712,0.42954717125099284,0.5826597407908818,0.9988106200615792,,False
niftyfmcg,multiday_hold,Buy Mon_Close -> Sell Close+5d,Mon_Close,Close+5d,373,0.0020258193266280214,0.025303877674240645,-0.09124554488711932,0.9273465990548965,0.4932975871313673,0.8005963958205133,161,0.0018679296203149775,0.017645253481290573,-0.19899846786983408,0.8425165966069152,0.45962732919254656,1.0586017493574467,0.3844820789110116,0.5366543332567907,0.9988106200615792,,False
niftyfmcg,multiday_hold,Buy Tue_Close -> Sell Close+5d,Tue_Close,Close+5d,379,0.0032922931072698917,0.023608216891454224,0.9444022439380003,0.3455673802497704,0.5092348284960422,1.394553905704605,163,0.0026014479015992967,0.01780360913159873,0.32593993190748444,0.7448904469946371,0.50920245398773,1.4611913137219565,0.4331324517981147,0.5848486752109764,0.9988106200615792,,False
niftyfmcg,multiday_hold,Buy Wed_Close -> Sell Close+5d,Wed_Close,Close+5d,377,0.0018831443478671147,0.02460166617145064,-0.20680780811099336,0.8362719045576957,0.5119363395225465,0.7654539878491795,162,0.0014434059849617333,0.01657648990889034,-0.5374440238762636,0.5917029885347954,0.4506172839506173,0.8707549022109937,0.3760255595358415,0.5274968377396311,0.9988106200615792,,False
niftyfmcg,multiday_hold,Buy Thu_Close -> Sell Close+5d,Thu_Close,Close+5d,381,0.001959101669136492,0.02485704128045245,-0.14620111445309344,0.8838401514415739,0.5039370078740157,0.7881475703534867,164,0.0011165962094206382,0.017825909441430907,-0.7369344939599343,0.4622215716484084,0.4695121951219512,0.6263894771200003,0.3947032268615221,0.5457167882002981,0.9988106200615792,,False
niftyfmcg,multiday_hold,Buy Fri_Close -> Sell Close+5d,Fri_Close,Close+5d,372,0.002726264218877069,0.02536300835430525,0.44102657577144716,0.6594506492181604,0.5026881720430108,1.0748978121178983,160,0.0010005827651413453,0.017955015333227364,-0.8040770550855891,0.4225530236279768,0.48125,0.5572720193057576,0.40518009436228114,0.558199169512095,0.9988106200615792,,False
niftyfmcg,multiday_hold,Buy Mon_Close -> Sell Close+10d,Mon_Close,Close+10d,373,0.004323914946034081,0.036132196662308325,0.03633331126620611,0.971036077570142,0.4906166219839142,1.1966930730631768,160,0.0027362483439545425,0.024360898805889514,-0.786565360879595,0.4327070975606321,0.475,1.1232132138297888,0.39911756557967737,0.5520547862528241,0.9988106200615792,,False
niftyfmcg,multiday_hold,Buy Tue_Close -> Sell Close+10d,Tue_Close,Close+10d,378,0.005262403042622146,0.03356485651487219,0.5822678908810918,0.5607342983408347,0.5238095238095238,1.567831234520677,163,0.004323638751243644,0.024948610533992905,0.03458383621297782,0.9724541661027006,0.5030674846625767,1.733017854983392,0.4271275823408157,0.5788661266622147,0.9988106200615792,,False
niftyfmcg,multiday_hold,Buy Wed_Close -> Sell Close+10d,Wed_Close,Close+10d,376,0.004222544592193573,0.03574139449580097,-0.018044712411866465,0.9856127806110971,0.4920212765957447,1.1814157370635474,162,0.0034754916203103307,0.02347981549925579,-0.42170813136549806,0.6738005932309473,0.4567901234567901,1.4802039736728292,0.3819700748348308,0.5336120227812077,0.9988106200615792,,False
niftyfmcg,multiday_hold,Buy Thu_Close -> Sell Close+10d,Thu_Close,Close+10d,380,0.004440070750054566,0.034521595955700014,0.10388884087241385,0.9173125148805323,0.5078947368421053,1.2861719243085705,164,0.002400100249562259,0.024803448332901,-0.9552146824918597,0.34088363632899116,0.4573170731707317,0.9676478114450726,0.38291949486520394,0.5336685262213444,0.9988106200615792,,False
niftyfmcg,multiday_hold,Buy Fri_Close -> Sell Close+10d,Fri_Close,Close+10d,371,0.005475665699236535,0.036629832951181066,0.6405608419183348,0.522204551337896,0.5256064690026954,1.4948650479881542,160,0.0026742745222048093,0.024823009682349944,-0.8034037602140958,0.4229408072222178,0.49375,1.0773369371508221,0.41734025920911827,0.5704528287490073,0.9988106200615792,,False
niftyfmcg,multiday_hold,Buy Mon_Close -> Sell Close+20d,Mon_Close,Close+20d,371,0.0080249666483502,0.04810498254952356,-0.1320432682536858,0.8950218421094037,0.49326145552560646,1.668219428224214,160,0.006228661555779779,0.03523220644374704,-0.7610786804948306,0.44773733932037957,0.5,1.7678885839082135,0.42343787383759396,0.576562126162406,0.9988106200615792,,False
niftyfmcg,multiday_hold,Buy Tue_Close -> Sell Close+20d,Tue_Close,Close+20d,377,0.009637941449380223,0.047026605794397665,0.5289241523248569,0.5971701576159145,0.4960212201591512,2.0494656772631465,162,0.007340039410499803,0.03663868774366975,-0.35156266270679026,0.7256259489596546,0.5,2.00335761527594,0.4239009323083406,0.5760990676916594,0.9988106200615792,,False
niftyfmcg,multiday_hold,Buy Wed_Close -> Sell Close+20d,Wed_Close,Close+20d,375,0.008840910264533501,0.04702404251616972,0.19975774990790474,0.8417786110756934,0.4826666666666667,1.8800829940329908,161,0.008279475545665096,0.035634687226976144,-0.026875449320930653,0.9785925662164152,0.515527950310559,2.3234315185450467,0.43887249046507,0.5914596587011599,0.9988106200615792,,False
niftyfmcg,multiday_hold,Buy Thu_Close -> Sell Close+20d,Thu_Close,Close+20d,379,0.008758711252402416,0.049205971641566995,0.1594396735176997,0.873407640675416,0.49868073878627966,1.7800098159231246,163,0.005465561317489437,0.036512254763231736,-1.0073041634267237,0.31529081042181173,0.44785276073619634,1.4969114761417914,0.37358701746130957,0.5245199294871733,0.9988106200615792,,False
niftyfmcg,multiday_hold,Buy Fri_Close -> Sell Close+20d,Fri_Close,Close+20d,370,0.010547434226820886,0.04666776449868207,0.9023717059503102,0.3674480885445699,0.527027027027027,2.260111308121209,159,0.005088518824742771,0.03548503470110295,-1.1571468979031558,0.2489587508479603,0.49056603773584906,1.4339900940225396,0.4140050950646095,0.5675720940565981,0.9988106200615792,,False
niftyfmcg,vix_regime,[vix_high] Buy Mon_Close -> Sell Close+2d,Mon_Close,Close+2d,197,0.00047919134122623684,0.015453664327463975,-0.5131975397031792,0.6083911107729685,0.47715736040609136,0.31008266458501144,85,0.0014448312388412232,0.015403886142291785,0.23749331387894998,0.8128524022186191,0.43529411764705883,0.9379654104780742,0.33495605811400164,0.5412280718431356,0.9988106200615792,vix_high,False
niftyfmcg,vix_regime,[vix_high] Buy Tue_Close -> Sell Close+2d,Tue_Close,Close+2d,193,0.0009724486484629747,0.015271784551013733,-0.06644051720081967,0.947096245634921,0.5025906735751295,0.6367616339888871,83,0.0026645402653439894,0.014578892374957167,1.0055250279148433,0.31760212784722036,0.5180722891566265,1.8276698920701224,0.4121756969766282,0.6223699585617313,0.9988106200615792,vix_high,False
niftyfmcg,vix_regime,[vix_high] Buy Wed_Close -> Sell Close+2d,Wed_Close,Close+2d,197,0.002467460852484635,0.017868897451579904,1.1139462129267719,0.26666642248743194,0.5380710659898477,1.380869110235154,85,0.0011240857356084842,0.01316086261027968,0.054604237812203714,0.956583425203553,0.4823529411764706,0.8541125068279977,0.379205636706352,0.5870263987365038,0.9988106200615792,vix_high,False
niftyfmcg,vix_regime,[vix_high] Buy Thu_Close -> Sell Close+2d,Thu_Close,Close+2d,182,0.0007426180040840017,0.019584191498622176,-0.20818963790291203,0.8353149790888053,0.510989010989011,0.3791925768986929,78,0.00039718822556193776,0.01697247131591628,-0.3352755954915823,0.7383289291675054,0.5512820512820513,0.2340190878328169,0.4410917185751463,0.6566580810377646,0.9988106200615792,vix_high,False
niftyfmcg,vix_regime,[vix_high] Buy Fri_Close -> Sell Close+2d,Fri_Close,Close+2d,173,-0.00027783677394513536,0.01858835384069755,-0.9337946174306127,0.3517188893922463,0.4624277456647399,-0.14946819730579713,75,0.0011174897919885918,0.01281624737439424,0.048201883501425624,0.9616852069048433,0.44,0.8719321337548775,0.33331275976784847,0.5525343057407155,0.9988106200615792,vix_high,False
niftyfmcg,vix_regime,[vix_low] Buy Mon_Close -> Sell Close+2d,Mon_Close,Close+2d,176,0.0010423256978606477,0.011324691399321922,0.4468197967301394,0.6555576436685839,0.48295454545454547,0.9204009726243473,76,-0.00046448807681815984,0.009542785184378512,-1.0203288940746431,0.31085254566355425,0.47368421052631576,-0.48674267296567075,0.36541913011833066,0.5844816734727798,0.9988106200615792,vix_low,False
niftyfmcg,vix_regime,[vix_low] Buy Tue_Close -> Sell Close+2d,Tue_Close,Close+2d,186,0.0022191658334536424,0.009578307440346788,2.214317994799738,0.028028394858012076,0.5645161290322581,2.316866364203169,81,0.00012734096222482145,0.011973338790598205,-0.39776897758907165,0.6918599179383188,0.5061728395061729,0.10635376184695707,0.3995059708753621,0.6122806998144883,0.8378052810818827,vix_low,False
niftyfmcg,vix_regime,[vix_low] Buy Wed_Close -> Sell Close+2d,Wed_Close,Close+2d,180,8.972929039935842e-05,0.01193927237157482,-0.6388389367253836,0.5237443032721594,0.5,0.07515473942364119,78,0.00040921897253076104,0.0109363118838974,-0.2010733435073443,0.841171425505741,0.5641025641025641,0.3741837073367431,0.4536178766457738,0.6685693728703647,0.9988106200615792,vix_low,False
niftyfmcg,vix_regime,[vix_low] Buy Thu_Close -> Sell Close+2d,Thu_Close,Close+2d,199,0.0007947321355315381,0.013271827405499485,0.1430402073221928,0.8864038877574684,0.5025125628140703,0.598811385387835,86,-0.00042098228246244696,0.011115995256190031,-0.8964100328791473,0.37256557934289386,0.46511627906976744,-0.37871758017170765,0.36345695311713955,0.5697588400121011,0.9988106200615792,vix_low,False
niftyfmcg,vix_regime,[vix_low] Buy Fri_Close -> Sell Close+2d,Fri_Close,Close+2d,199,0.0012693226446250628,0.013645895122281829,0.6285029510132678,0.5303988466178112,0.5125628140703518,0.9301864284098427,86,-0.0012216874818965376,0.011324968097056827,-1.5317152956008784,0.12930623475736974,0.43023255813953487,-1.0787557822913727,0.3307917119906583,0.5356398742678231,0.9988106200615792,vix_low,False
niftyfmcg,vix_regime,[vix_high] Buy Mon_Close -> Sell Close+3d,Mon_Close,Close+3d,197,0.0011873276696193365,0.020448243744232705,-0.25076799269720124,0.8022561739487674,0.4873096446700508,0.5806501939582047,85,0.002000564334041942,0.019797992486129665,0.2069162791896593,0.8365760020393892,0.4235294117647059,1.0104884803060328,0.32403373018846293,0.5296384233972448,0.9988106200615792,vix_high,False
niftyfmcg,vix_regime,[vix_high] Buy Tue_Close -> Sell Close+3d,Tue_Close,Close+3d,193,0.0027366473759892454,0.018425277268797436,0.8896925763430491,0.37474436633338687,0.5077720207253886,1.4852679479747435,83,0.0038882034013091576,0.016659802183832135,1.268968472167055,0.2080425353209837,0.6024096385542169,2.333883294894431,0.4948463779413774,0.7009123367759931,0.9988106200615792,vix_high,False
niftyfmcg,vix_regime,[vix_high] Buy Wed_Close -> Sell Close+3d,Wed_Close,Close+3d,197,0.0022660510270524643,0.023335824088311845,0.42742702929164106,0.6695375290617884,0.5532994923857868,0.9710610683714639,85,0.0002913179366534412,0.017673206531952104,-0.6546053220820992,0.5145103287197548,0.4823529411764706,0.16483592613867534,0.379205636706352,0.5870263987365038,0.9988106200615792,vix_high,False
niftyfmcg,vix_regime,[vix_high] Buy Thu_Close -> Sell Close+3d,Thu_Close,Close+3d,182,0.0011241662689309368,0.021632824183984347,-0.2670661117374733,0.7897223019953684,0.4945054945054945,0.519657655130948,78,0.00103801662094189,0.018038514285958058,-0.2508075715805199,0.8026309457230162,0.46153846153846156,0.5754446316845097,0.35532213417762043,0.5713655161126965,0.9988106200615792,vix_high,False
niftyfmcg,vix_regime,[vix_high] Buy Fri_Close -> Sell Close+3d,Fri_Close,Close+3d,173,-0.0004027307114914076,0.02121660845970309,-1.2092881017041512,0.2282117846300378,0.4508670520231214,-0.1898186094428419,75,0.002031168687917362,0.016890240691244018,0.24323101760867738,0.8084994221926189,0.48,1.202569415704259,0.37068921756788065,0.5912598042683074,0.9988106200615792,vix_high,False
niftyfmcg,vix_regime,[vix_low] Buy Mon_Close -> Sell Close+3d,Mon_Close,Close+3d,176,0.001860454206904382,0.012939976768130959,0.8783126119801404,0.38097839980178083,0.48863636363636365,1.4377569915630573,76,-0.000947234821997706,0.013844753983424083,-1.218868575158012,0.22671395449166168,0.42105263157894735,-0.6841832098510399,0.3164844262757472,0.533217984497584,0.9988106200615792,vix_low,False
niftyfmcg,vix_regime,[vix_low] Buy Tue_Close -> Sell Close+3d,Tue_Close,Close+3d,186,0.0020493096886950385,0.013096311317620835,1.0884187099444038,0.2778261828885387,0.5161290322580645,1.5647991552688059,81,0.00020918774881967337,0.013816103354781539,-0.5128074398135545,0.6094991331794192,0.5308641975308642,0.15140864500501638,0.42326527260622987,0.6356680808430215,0.9988106200615792,vix_low,False
niftyfmcg,vix_regime,[vix_low] Buy Wed_Close -> Sell Close+3d,Wed_Close,Close+3d,180,0.001118967742756013,0.01623834234249596,0.09693648397150031,0.922885284889178,0.45,0.6890898831635415,78,-0.0002831692174017643,0.013228361420986462,-0.8520558208609198,0.3968254806870705,0.44871794871794873,-0.214062201953844,0.3433419189622355,0.5589082814248537,0.9988106200615792,vix_low,False
niftyfmcg,vix_regime,[vix_low] Buy Thu_Close -> Sell Close+3d,Thu_Close,Close+3d,199,0.0009924568397213288,0.016470460716920064,-0.0075677237655295245,0.9939695070078444,0.5276381909547738,0.602567746451549,86,-0.0007071915382456908,0.014177961921167166,-1.1109954386610261,0.26970311904890343,0.43023255813953487,-0.49879633065587536,0.3307917119906583,0.5356398742678231,0.9988106200615792,vix_low,False
niftyfmcg,vix_regime,[vix_low] Buy Fri_Close -> Sell Close+3d,Fri_Close,Close+3d,198,0.0018532562007366469,0.014924468148213129,0.8012055046417593,0.42397796561830764,0.5151515151515151,1.2417569472708698,86,0.0001308347058578311,0.014045790416949323,-0.5713762324369727,0.5692524043902105,0.5,0.09314869578286628,0.39660790465524204,0.6033920953447579,0.9988106200615792,vix_low,False
niftyfmcg,vix_regime,[vix_high] Buy Mon_Close -> Sell Close+5d,Mon_Close,Close+5d,197,0.001824419481043799,0.028011398443132395,-0.29530284835124887,0.7680751261939273,0.49746192893401014,0.6513132447662908,85,0.0029561543670639187,0.024582272716048653,0.20166269568995457,0.8406679926683452,0.5294117647058824,1.202555354100347,0.424339860632142,0.6319400802964319,0.9988106200615792,vix_high,False
niftyfmcg,vix_regime,[vix_high] Buy Tue_Close -> Sell Close+5d,Tue_Close,Close+5d,193,0.0032205437635947553,0.02680306691831775,0.4163053990142405,0.6776515305823113,0.49740932642487046,1.2015579311909905,83,0.004640318453877265,0.01943346770593573,1.0368046916255282,0.3028747078409701,0.4939759036144578,2.38779744515691,0.38908687956649984,0.5993979019207136,0.9988106200615792,vix_high,False
niftyfmcg,vix_regime,[vix_high] Buy Wed_Close -> Sell Close+5d,Wed_Close,Close+5d,197,0.0018555206161123097,0.027302195548036087,-0.28702562919571795,0.7743959036772218,0.5380710659898477,0.6796232240178873,85,0.0009185823224340154,0.02057288914200354,-0.6667672576320047,0.5067481693928363,0.4117647058823529,0.4465013718265518,0.3131683862386879,0.51799179097559,0.9988106200615792,vix_high,False
niftyfmcg,vix_regime,[vix_high] Buy Thu_Close -> Sell Close+5d,Thu_Close,Close+5d,182,0.0018494607308634458,0.027426994919082095,-0.27754138190600336,0.7816811803372322,0.489010989010989,0.6743213160318556,78,0.0017937000401071696,0.023105371595891374,-0.2360583417033683,0.8140141753129508,0.5128205128205128,0.7763130026552473,0.40392509465379506,0.6205123552494325,0.9988106200615792,vix_high,False
niftyfmcg,vix_regime,[vix_high] Buy Fri_Close -> Sell Close+5d,Fri_Close,Close+5d,173,0.0025851018948769284,0.028721534790161006,0.07755094099025686,0.9382754081988502,0.49710982658959535,0.9000570177616323,75,0.0036137700915173593,0.023838704856618625,0.4324868100921663,0.6666454132953479,0.49333333333333335,1.5159255140968888,0.3832981847341953,0.6040181558778673,0.9988106200615792,vix_high,False
niftyfmcg,vix_regime,[vix_low] Buy Mon_Close -> Sell Close+5d,Mon_Close,Close+5d,176,0.002511586860197971,0.018118216570528853,0.46480316794347515,0.642650212336274,0.4715909090909091,1.3862219001639082,76,4.795041239551028e-05,0.018073236012115437,-0.8754721148082185,0.3841122749235858,0.4473684210526316,0.026531171486592998,0.34080475999833526,0.5589968471838855,0.9988106200615792,vix_low,False
niftyfmcg,vix_regime,[vix_low] Buy Tue_Close -> Sell Close+5d,Tue_Close,Close+5d,186,0.0037058937283317773,0.018512142946872916,1.345225307527322,0.18019911780153994,0.5591397849462365,2.001871819468518,80,-0.000302406448741711,0.018715379166811034,-1.0340752189606184,0.3042561811658237,0.4375,-0.16158179112822052,0.3341368457196415,0.5465906213134304,0.9988106200615792,vix_low,False
niftyfmcg,vix_regime,[vix_low] Buy Wed_Close -> Sell Close+5d,Wed_Close,Close+5d,179,0.0027932813673104,0.019135450016385797,0.6402543271375757,0.5228305699715304,0.5139664804469274,1.4597416652958237,78,2.0867330785280266e-06,0.017487479767563922,-0.9397950250176307,0.35026157735338287,0.41025641025641024,0.0011932726191904077,0.3078173313444522,0.5211205193329539,0.9988106200615792,vix_low,False
niftyfmcg,vix_regime,[vix_low] Buy Thu_Close -> Sell Close+5d,Thu_Close,Close+5d,199,0.002353743067066446,0.019456526717517242,0.34624235398230574,0.7295282351853379,0.5175879396984925,1.2097447305162163,86,-0.0001786722349504796,0.019686281677469983,-0.9617771880550771,0.3388896220456585,0.4186046511627907,-0.09075976757711512,0.3200128276155241,0.5241573563527044,0.9988106200615792,vix_low,False
niftyfmcg,vix_regime,[vix_low] Buy Fri_Close -> Sell Close+5d,Fri_Close,Close+5d,198,0.002418672118097633,0.01962081768274487,0.3889217593902026,0.69775406511786,0.51010101010101,1.2327070957010549,86,-0.00026615037460415086,0.018346911992329327,-1.0759481072808772,0.2849949605777196,0.47674418604651164,-0.14506548824969884,0.37445361147407896,0.5810235839454149,0.9988106200615792,vix_low,False
niftyfmcg,vix_regime,[vix_high] Buy Mon_Close -> Sell Close+10d,Mon_Close,Close+10d,197,0.0029386008184423616,0.040326732984847444,-0.3593152983195869,0.7197460349893228,0.4873096446700508,0.7286979630972152,85,0.004070969625928527,0.03094783044542602,0.02883536363901029,0.9770642955186856,0.4823529411764706,1.3154297303997933,0.379205636706352,0.5870263987365038,0.9988106200615792,vix_high,False
niftyfmcg,vix_regime,[vix_high] Buy Tue_Close -> Sell Close+10d,Tue_Close,Close+10d,193,0.0038747427829723415,0.037699410960417214,-0.03633555684666253,0.9710525479597595,0.5025906735751295,1.0277992902967787,83,0.00429758655078556,0.02620736732576908,0.11194591686525701,0.9111398685890805,0.4939759036144578,1.6398390946197199,0.38908687956649984,0.5993979019207136,0.9988106200615792,vix_high,False
niftyfmcg,vix_regime,[vix_high] Buy Wed_Close -> Sell Close+10d,Wed_Close,Close+10d,197,0.004059162837245034,0.03921656650627705,0.03054464674618838,0.9756637671298163,0.5228426395939086,1.0350632905599526,85,0.0019333859711810047,0.027956218641252514,-0.6688631999764503,0.5054168248622173,0.43529411764705883,0.6915763522925372,0.33495605811400164,0.5412280718431356,0.9988106200615792,vix_high,False
niftyfmcg,vix_regime,[vix_high] Buy Thu_Close -> Sell Close+10d,Thu_Close,Close+10d,182,0.0053052517818119906,0.03667481040610962,0.4884965894561086,0.6257894539156624,0.5604395604395604,1.4465655645020579,78,0.0021377263262338684,0.03100291248025613,-0.5196202414406802,0.6048188544918485,0.48717948717948717,0.6895243560085706,0.37948764475056745,0.5960749053462049,0.9988106200615792,vix_high,False
niftyfmcg,vix_regime,[vix_high] Buy Fri_Close -> Sell Close+10d,Fri_Close,Close+10d,173,0.005257446432622281,0.04112458090723677,0.40942583923643877,0.6827365900906496,0.5549132947976878,1.2784194553815178,75,0.004281648670423371,0.031847683132994985,0.08320606491543443,0.9339123610213539,0.5733333333333334,1.3444144908574143,0.46052588692688007,0.6789943663404308,0.9988106200615792,vix_high,False
niftyfmcg,vix_regime,[vix_low] Buy Mon_Close -> Sell Close+10d,Mon_Close,Close+10d,175,0.005801341139354904,0.026877937470750315,0.6190322738158249,0.536704719980403,0.4857142857142857,2.1584026474011124,76,0.0014532701457797483,0.02633891299982356,-1.0149171005449726,0.3134083406039591,0.4605263157894737,0.5517578291061151,0.3530754655326989,0.5717757398539667,0.9988106200615792,vix_low,False
niftyfmcg,vix_regime,[vix_low] Buy Tue_Close -> Sell Close+10d,Tue_Close,Close+10d,185,0.007810646580864516,0.026480426626369506,1.6753993424647229,0.09555445425500597,0.5675675675675675,2.9495924257831203,80,0.001805585103438579,0.02824388335998554,-0.8605034259381825,0.39211563575732455,0.4625,0.6392835859096622,0.3574781238878701,0.5709583563319731,0.9988106200615792,vix_low,False
niftyfmcg,vix_regime,[vix_low] Buy Wed_Close -> Sell Close+10d,Wed_Close,Close+10d,179,0.005516394261419376,0.028277677961666827,0.4606744422623415,0.6455945175436895,0.4692737430167598,1.9507946405279069,77,0.0025880383100432697,0.027022456048355507,-0.629726463555314,0.530762213263105,0.45454545454545453,0.9577361530025575,0.3481397836005049,0.5652711335510607,0.9988106200615792,vix_low,False
niftyfmcg,vix_regime,[vix_low] Buy Thu_Close -> Sell Close+10d,Thu_Close,Close+10d,198,0.004448161031424001,0.029156212861739386,-0.04420800253477917,0.9647833807619494,0.46464646464646464,1.5256305928748235,86,0.0007884763254763829,0.027419144316007033,-1.2614282964759824,0.21060547931802706,0.43023255813953487,0.2875641618823524,0.3307917119906583,0.5356398742678231,0.9988106200615792,vix_low,False
niftyfmcg,vix_regime,[vix_low] Buy Fri_Close -> Sell Close+10d,Fri_Close,Close+10d,198,0.005382484950591582,0.02929645676935263,0.403629807073421,0.6869227397154192,0.5,1.837247757627217,85,0.0019171999367880387,0.026087020715813848,-0.9214660974690131,0.3594461224115402,0.4588235294117647,0.7349248339523262,0.3569695582911919,0.5642385244088045,0.9988106200615792,vix_low,False
niftyfmcg,vix_regime,[vix_high] Buy Mon_Close -> Sell Close+20d,Mon_Close,Close+20d,197,0.00894780119654653,0.047778559268850836,-0.23068713598044172,0.817798481200472,0.4720812182741117,1.8727649668540836,85,0.007291832702933269,0.040215890653512,-0.5568129466953357,0.579135770179363,0.4588235294117647,1.8131720035141092,0.3569695582911919,0.5642385244088045,0.9988106200615792,vix_high,False
niftyfmcg,vix_regime,[vix_high] Buy Tue_Close -> Sell Close+20d,Tue_Close,Close+20d,193,0.011317381204023619,0.046620220573767364,0.47028977044499154,0.6386817722238569,0.5025906735751295,2.4275692102563267,83,0.007500828586306136,0.03898121041009161,-0.5190193963975852,0.6051452046002133,0.43373493975903615,1.9242164384829599,0.33238992463542916,0.5409426717239195,0.9988106200615792,vix_high,False
niftyfmcg,vix_regime,[vix_high] Buy Wed_Close -> Sell Close+20d,Wed_Close,Close+20d,197,0.010745626615132087,0.046484263981275184,0.3043536812133622,0.7611813476602175,0.4873096446700508,2.311669733968606,85,0.006569189802641338,0.03849281256876848,-0.7537994296712451,0.45307747856664204,0.4235294117647059,1.7066016651563973,0.32403373018846293,0.5296384233972448,0.9988106200615792,vix_high,False
niftyfmcg,vix_regime,[vix_high] Buy Thu_Close -> Sell Close+20d,Thu_Close,Close+20d,182,0.012463312864420867,0.04809541647567876,0.7631626055854493,0.4463599588228504,0.5274725274725275,2.591372271560099,78,0.004558356303449035,0.04057794606765026,-1.1194643351699782,0.26642201278642924,0.38461538461538464,1.1233580664357652,0.28448876404744494,0.49557418682350585,0.9988106200615792,vix_high,False
niftyfmcg,vix_regime,[vix_high] Buy Fri_Close -> Sell Close+20d,Fri_Close,Close+20d,173,0.012956087016160227,0.04460540306884502,0.9470403149394734,0.34494684293979666,0.5202312138728323,2.904600367844115,75,0.005239921428598453,0.04391534819808476,-0.8805307286348494,0.38142268741055013,0.48,1.193186811354254,0.37068921756788065,0.5912598042683074,0.9988106200615792,vix_high,False
niftyfmcg,vix_regime,[vix_low] Buy Mon_Close -> Sell Close+20d,Mon_Close,Close+20d,174,0.0076016027071686785,0.04412441840062285,0.19257463903602887,0.8475179841782279,0.5172413793103449,1.7227655304486404,75,0.0035819598526179307,0.04162915883095135,-0.6971287880121853,0.48790657665110676,0.5066666666666667,0.8604449268753269,0.39598184412213266,0.6167018152658047,0.9988106200615792,vix_low,False
niftyfmcg,vix_regime,[vix_low] Buy Tue_Close -> Sell Close+20d,Tue_Close,Close+20d,184,0.009213510768275984,0.04431059893401358,0.6893354622849052,0.49148530788371986,0.5217391304347826,2.0793017900743234,79,0.004056721322969154,0.04236289956897905,-0.604347946267502,0.5473662454950589,0.5063291139240507,0.9576118170012511,0.3983720753430729,0.6136991545704006,0.9988106200615792,vix_low,False
niftyfmcg,vix_regime,[vix_low] Buy Wed_Close -> Sell Close+20d,Wed_Close,Close+20d,177,0.00793890370060086,0.04449595081690412,0.29318187196579504,0.769728537775788,0.4971751412429379,1.7841856516941426,77,0.007375082865457878,0.041119677204016825,0.08894124375086897,0.9293625666742706,0.5454545454545454,1.7935653601719992,0.43472886644893927,0.6518602163994951,0.9988106200615792,vix_low,False
niftyfmcg,vix_regime,[vix_low] Buy Thu_Close -> Sell Close+20d,Thu_Close,Close+20d,197,0.006519678591348239,0.04713847200861165,-0.1294583477748738,0.8971277362346582,0.4873096446700508,1.3830907777742922,85,0.003555136987318443,0.04092780712861033,-0.7614743697702554,0.44850636781413233,0.4470588235294118,0.8686360781917501,0.34593481844164153,0.5527612878869254,0.9988106200615792,vix_low,False
niftyfmcg,vix_regime,[vix_low] Buy Fri_Close -> Sell Close+20d,Fri_Close,Close+20d,196,0.008791545287037197,0.044393538537941944,0.5775167165558748,0.5642566644687615,0.5357142857142857,1.9803659668902727,85,0.004165707292446283,0.0388750999141603,-0.6577348203635657,0.5125069823624988,0.49411764705882355,1.0715618227720412,0.39040653316034707,0.5983374786539382,0.9988106200615792,vix_low,False
niftyfmcg,trend_regime,[trend_up] Buy Mon_Close -> Sell Close+2d,Mon_Close,Close+2d,210,7.239985515411664e-05,0.01384204021031253,-0.9491659194098038,0.34363247275210057,0.45714285714285713,0.05230432367923455,90,0.0020953532659681784,0.01188629987681232,0.8842858536827678,0.3789245838622446,0.5,1.762830559285967,0.39883544540986604,0.601164554590134,0.9988106200615792,trend_up,False
niftyfmcg,trend_regime,[trend_up] Buy Tue_Close -> Sell Close+2d,Tue_Close,Close+2d,216,0.0022247039392021073,0.011942502059959002,1.5267592156683445,0.12829064743399085,0.5277777777777778,1.862845765512679,93,0.0016552088677472838,0.011483272521941923,0.5629799037617558,0.5748180207397355,0.5698924731182796,1.4414086790891325,0.4684734161488839,0.6657664146676248,0.9988106200615792,trend_up,False
niftyfmcg,trend_regime,[trend_up] Buy Wed_Close -> Sell Close+2d,Wed_Close,Close+2d,219,0.001556997635421811,0.013497879199966756,0.6298417759916697,0.5294576851043516,0.5251141552511416,1.1535127943845027,95,-0.0006191934759668862,0.010945845604678414,-1.417561094889959,0.15962523245118299,0.4842105263157895,-0.5656881143127342,0.38629885886325244,0.5833495482851548,0.9988106200615792,trend_up,False
niftyfmcg,trend_regime,[trend_up] Buy Thu_Close -> Sell Close+2d,Thu_Close,Close+2d,224,0.0009984318003667448,0.01550226576706007,0.0165977934768032,0.9867723250910573,0.5089285714285714,0.6440554015583057,96,-0.0007830791039236763,0.011712149914588289,-1.4682257518831254,0.14534624567657836,0.4791666666666667,-0.6686040646972059,0.3819724566925992,0.5779640827859349,0.9988106200615792,trend_up,False
niftyfmcg,trend_regime,[trend_up] Buy Fri_Close -> Sell Close+2d,Fri_Close,Close+2d,217,0.0006454442657333555,0.014680701867275606,-0.33612856555141346,0.7371002129028686,0.45622119815668205,0.439654909941397,94,0.0012323110564171822,0.011014552370540335,0.2198557763214427,0.8264653457441354,0.5106382978723404,1.118802666655013,0.41116709806344404,0.6092741048604655,0.9988106200615792,trend_up,False
niftyfmcg,trend_regime,[trend_down] Buy Mon_Close -> Sell Close+2d,Mon_Close,Close+2d,157,0.0009180404774435564,0.01497317349425514,0.21756501676986936,0.828052351652939,0.49044585987261147,0.6131235157301739,68,5.570047071776532e-05,0.010561468529506533,-0.4661903560279005,0.6425914121552704,0.4411764705882353,0.05273932366711112,0.329460449863809,0.559183455617138,0.9988106200615792,trend_down,False
niftyfmcg,trend_regime,[trend_down] Buy Tue_Close -> Sell Close+2d,Tue_Close,Close+2d,157,0.0004993663960331347,0.01539372103544986,-0.1280781205442537,0.8982521111655186,0.4968152866242038,0.32439615794203025,68,0.000914894451115437,0.011902348109686324,0.17720461841975754,0.8598822882602866,0.4852941176470588,0.7686671929641186,0.370506471844866,0.6016545045253707,0.9988106200615792,trend_down,False
niftyfmcg,trend_regime,[trend_down] Buy Wed_Close -> Sell Close+2d,Wed_Close,Close+2d,151,0.0014713807564289859,0.018555959513330934,0.5373682929309099,0.5918095163976091,0.5231788079470199,0.7929424265944962,65,0.0007307145860452332,0.011003632254716752,0.05343249988053956,0.9575537506079381,0.5384615384615384,0.6640667091832421,0.4185318739862352,0.6540986285006332,0.9988106200615792,trend_down,False
niftyfmcg,trend_regime,[trend_down] Buy Thu_Close -> Sell Close+2d,Thu_Close,Close+2d,149,0.0005397124717958665,0.019360071504192552,-0.07384004487891434,0.9412373676623278,0.5100671140939598,0.278776073569247,65,0.0019433711094229585,0.01051401950660877,0.9786175267879234,0.33145382811534135,0.5230769230769231,1.8483617119042046,0.40379420402276267,0.6397840974693585,0.9988106200615792,trend_down,False
niftyfmcg,trend_regime,[trend_down] Buy Fri_Close -> Sell Close+2d,Fri_Close,Close+2d,148,0.0003742890304150036,0.018320882641755746,-0.18723789190880868,0.8517322990649334,0.4864864864864865,0.20429639648580508,64,-0.0016039749318177256,0.010386441317284731,-1.7279916082107376,0.08888889563719371,0.4375,-1.544296918279844,0.3229381706542733,0.5591400822171212,0.9988106200615792,trend_down,False
niftyfmcg,trend_regime,[trend_up] Buy Mon_Close -> Sell Close+3d,Mon_Close,Close+3d,210,0.0009669208241319955,0.016890283239759444,-0.39034088199588385,0.6966820421992153,0.46190476190476193,0.5724716456239645,90,0.001127151653755051,0.013912497555329884,-0.20058990690875644,0.8414769259475339,0.4777777777777778,0.8101720408376558,0.37761880660358116,0.5797561742151601,0.9988106200615792,trend_up,False
niftyfmcg,trend_regime,[trend_up] Buy Tue_Close -> Sell Close+3d,Tue_Close,Close+3d,216,0.003230052002827802,0.014805269921715488,1.789706155458533,0.07490851326134476,0.5138888888888888,2.181690722227329,93,0.0011282630081086418,0.014953562837835494,-0.18903129975934757,0.8504846759356525,0.5268817204301075,0.7545111625531219,0.4263683964671289,0.6252623076930667,0.9988106200615792,trend_up,False
niftyfmcg,trend_regime,[trend_up] Buy Wed_Close -> Sell Close+3d,Wed_Close,Close+3d,219,0.002346139587299382,0.017804542020987163,0.7655628117717856,0.444764533059478,0.5296803652968036,1.3177197057547798,95,-8.979345116279645e-05,0.0128906965976357,-1.1377776637654111,0.2581051030498901,0.43157894736842106,-0.06965756309807616,0.336556700478959,0.5319197304974721,0.9988106200615792,trend_up,False
niftyfmcg,trend_regime,[trend_up] Buy Thu_Close -> Sell Close+3d,Thu_Close,Close+3d,224,-0.00012769689906368492,0.01811467948896087,-1.2783187596962158,0.20246594597916268,0.4955357142857143,-0.07049360113796312,96,0.0001522276292290156,0.01355044702071839,-0.9140381245821398,0.3630108675944687,0.4479166666666667,0.11234140762755819,0.35235593933641585,0.5474854093599193,0.9988106200615792,trend_up,False
niftyfmcg,trend_regime,[trend_up] Buy Fri_Close -> Sell Close+3d,Fri_Close,Close+3d,217,0.0018904209252684097,0.016251367438276727,0.42274330901135276,0.6729030972729156,0.4700460829493088,1.1632380674723501,94,0.002156033074098125,0.013803041703600645,0.5121656065832173,0.6097492739897454,0.5106382978723404,1.561998522061775,0.41116709806344404,0.6092741048604655,0.9988106200615792,trend_up,False
niftyfmcg,trend_regime,[trend_down] Buy Mon_Close -> Sell Close+3d,Mon_Close,Close+3d,157,0.0017571320225377972,0.020705161509910835,0.42292977744711846,0.6729289244589339,0.4968152866242038,0.8486444414822457,68,1.6444462660017164e-05,0.014670338513486375,-0.58003636773372,0.5638357099585176,0.39705882352941174,0.01120932734094707,0.28928521841697113,0.5158416161746859,0.9988106200615792,trend_down,False
niftyfmcg,trend_regime,[trend_down] Buy Tue_Close -> Sell Close+3d,Tue_Close,Close+3d,157,0.0013331566755436523,0.0187644086944214,0.18446512325884745,0.8538881668280369,0.5095541401273885,0.7104709225076705,68,0.0025075662965837477,0.012605549000278484,0.9425516606480497,0.3492966057866442,0.5735294117647058,1.9892559193799098,0.455165693769645,0.6840294243791712,0.9988106200615792,trend_down,False
niftyfmcg,trend_regime,[trend_down] Buy Wed_Close -> Sell Close+3d,Wed_Close,Close+3d,151,0.0006929005111883089,0.024333955038526606,-0.18276285986419902,0.8552308765308985,0.4900662251655629,0.28474635959969424,65,0.0008196084292881867,0.013259855519480111,-0.14263572296094487,0.8870259884643841,0.4461538461538462,0.6181126393753661,0.331693339691393,0.5666239568269913,0.9988106200615792,trend_down,False
niftyfmcg,trend_regime,[trend_down] Buy Thu_Close -> Sell Close+3d,Thu_Close,Close+3d,149,0.002589552999792798,0.021639124270899923,0.8621503523977033,0.38999958084304365,0.4966442953020134,1.1966995370857973,65,0.0008981731290999567,0.013918569538315795,-0.09072853905052705,0.9279916585377879,0.5230769230769231,0.6453056304582283,0.40379420402276267,0.6397840974693585,0.9988106200615792,trend_down,False
niftyfmcg,trend_regime,[trend_down] Buy Fri_Close -> Sell Close+3d,Fri_Close,Close+3d,147,-0.0010728192121303292,0.02122699039581717,-1.211802367597322,0.22754558499733554,0.4897959183673469,-0.5054033530545766,64,0.0007951873581142767,0.01439889707453794,-0.143784008476567,0.8861299711342977,0.515625,0.5522557415320605,0.3958139224399903,0.6336665143421609,0.9988106200615792,trend_down,False
niftyfmcg,trend_regime,[trend_up] Buy Mon_Close -> Sell Close+5d,Mon_Close,Close+5d,210,0.0021580359561651982,0.02120456606725812,-0.207731078021846,0.835641225580518,0.5,1.017722291189638,90,0.0015528521080645859,0.01765368197481257,-0.48622885321432485,0.6280000196919835,0.4444444444444444,0.8796193962710562,0.3461548633017185,0.5472825887451348,0.9988106200615792,trend_up,False
niftyfmcg,trend_regime,[trend_up] Buy Tue_Close -> Sell Close+5d,Tue_Close,Close+5d,216,0.003360902433737434,0.02007472128878248,0.6560418510899308,0.5124986572582181,0.5509259259259259,1.6741963115649663,93,0.0032001309559435195,0.01870277625137736,0.37817612843486764,0.7061709484685139,0.5161290322580645,1.7110459500406239,0.4159537133977669,0.6150247090983505,0.9988106200615792,trend_up,False
niftyfmcg,trend_regime,[trend_up] Buy Wed_Close -> Sell Close+5d,Wed_Close,Close+5d,219,0.002795506334526828,0.021426462961446725,0.2293168210101825,0.8188376802703713,0.5068493150684932,1.3046979987116238,95,0.0016674973865925273,0.016444596986749625,-0.4688484480273563,0.640263504515634,0.45263157894736844,1.014009274861602,0.3563260915726527,0.5526191298725689,0.9988106200615792,trend_up,False
niftyfmcg,trend_regime,[trend_up] Buy Thu_Close -> Sell Close+5d,Thu_Close,Close+5d,224,0.002193402619133202,0.022422742481093747,-0.17936477072916032,0.8578141566845703,0.49107142857142855,0.9782044372951346,96,0.00035581895821587176,0.01767150528922099,-1.1620733829633978,0.24811682185759953,0.4479166666666667,0.20135181038194241,0.35235593933641585,0.5474854093599193,0.9988106200615792,trend_up,False
niftyfmcg,trend_regime,[trend_up] Buy Fri_Close -> Sell Close+5d,Fri_Close,Close+5d,217,0.003955894957353261,0.02175705260588625,1.0086392793167398,0.31427621673609774,0.4976958525345622,1.818212709695345,94,0.0005960225164286204,0.01862635776140577,-0.9664709028629678,0.3363151900887248,0.46808510638297873,0.319988762195684,0.3704572385638639,0.5682191526644071,0.9988106200615792,trend_up,False
niftyfmcg,trend_regime,[trend_down] Buy Mon_Close -> Sell Close+5d,Mon_Close,Close+5d,157,0.001890791852077062,0.029696148347110124,0.08947271095961766,0.9288210072807206,0.47770700636942676,0.6367128255072394,68,0.0019693748511203308,0.017706589251180314,0.13466728978480677,0.8932786736876618,0.4852941176470588,1.1122271055048352,0.370506471844866,0.6016545045253707,0.9988106200615792,trend_down,False
niftyfmcg,trend_regime,[trend_down] Buy Tue_Close -> Sell Close+5d,Tue_Close,Close+5d,156,0.003185024359095516,0.027215137668982523,0.689378469954779,0.4916158581132082,0.4423076923076923,1.170313521039261,68,0.0015236578630479138,0.016271542042625924,-0.07767256444958254,0.9383200157650458,0.4852941176470588,0.9363942637129576,0.370506471844866,0.6016545045253707,0.9988106200615792,trend_down,False
niftyfmcg,trend_regime,[trend_down] Buy Wed_Close -> Sell Close+5d,Wed_Close,Close+5d,150,0.00047113025855768405,0.02818390574654403,-0.5227266816609352,0.6019408627395935,0.5066666666666667,0.16716287046746708,65,0.0006614965655181431,0.01679893870051708,-0.4841093646995776,0.6299607705211356,0.46153846153846156,0.3937728313145055,0.34590137149936684,0.5814681260137647,0.9988106200615792,trend_down,False
niftyfmcg,trend_regime,[trend_down] Buy Thu_Close -> Sell Close+5d,Thu_Close,Close+5d,149,0.001877950747114499,0.027909799124409003,0.08712894890523508,0.9306867877574834,0.5234899328859061,0.672864300722288,65,0.001871685038040287,0.018261941087726885,0.08482035019178157,0.9326689925429091,0.49230769230769234,1.024910237662617,0.37463636042469284,0.6108375390779336,0.9988106200615792,trend_down,False
niftyfmcg,trend_regime,[trend_down] Buy Fri_Close -> Sell Close+5d,Fri_Close,Close+5d,147,0.0012898774271013333,0.029628039697537738,-0.1583112547527047,0.8744302986991167,0.4965986394557823,0.4353569929935424,64,0.001428315554964711,0.017626235680003998,-0.11246309505367952,0.9108138111047056,0.5,0.8103349920511145,0.3810188849321495,0.6189811150678505,0.9988106200615792,trend_down,False
niftyfmcg,trend_regime,[trend_up] Buy Mon_Close -> Sell Close+10d,Mon_Close,Close+10d,210,0.003992725448634468,0.02922794466864952,-0.2290214968548499,0.8190761579104349,0.5047619047619047,1.3660643927922669,90,0.0027715479046867076,0.025487722435162362,-0.6233865855953015,0.5346248572862549,0.5,1.0874050875817505,0.39883544540986604,0.601164554590134,0.9988106200615792,trend_up,False
niftyfmcg,trend_regime,[trend_up] Buy Tue_Close -> Sell Close+10d,Tue_Close,Close+10d,216,0.005898868455505658,0.027469501796098306,0.7703201779723975,0.44195559749011015,0.5601851851851852,2.1474246236033,93,0.005085535178515187,0.02564798078280791,0.23552396755506125,0.8143255652405044,0.5161290322580645,1.9828208784077344,0.4159537133977669,0.6150247090983505,0.9988106200615792,trend_up,False
niftyfmcg,trend_regime,[trend_up] Buy Wed_Close -> Sell Close+10d,Wed_Close,Close+10d,219,0.004948730207843789,0.030740475299864477,0.2367825150871284,0.813047862504003,0.5068493150684932,1.609841799637238,95,0.004486338465241341,0.023306977507273542,0.012725521135706738,0.9898737469667546,0.4631578947368421,1.9248907173147027,0.3662747420659421,0.5629048746136747,0.9988106200615792,trend_up,False
niftyfmcg,trend_regime,[trend_up] Buy Thu_Close -> Sell Close+10d,Thu_Close,Close+10d,224,0.0033407572559010024,0.031086812901516214,-0.5356081517072948,0.5927631612191134,0.49107142857142855,1.0746541520626778,96,0.0022108599082212733,0.02532896871993906,-0.8638509876709047,0.3898455960158635,0.4583333333333333,0.8728582409598367,0.36218682395415014,0.5576862550029179,0.9988106200615792,trend_up,False
niftyfmcg,trend_regime,[trend_up] Buy Fri_Close -> Sell Close+10d,Fri_Close,Close+10d,217,0.0061647475543933575,0.031030423921657804,0.8094337759474226,0.4191564280222694,0.5253456221198156,1.9866784836576623,94,0.00298843246100334,0.026341327516160605,-0.5371889771704812,0.5924200515830622,0.5106382978723404,1.1345033613700426,0.41116709806344404,0.6092741048604655,0.9988106200615792,trend_up,False
niftyfmcg,trend_regime,[trend_down] Buy Mon_Close -> Sell Close+10d,Mon_Close,Close+10d,156,0.005067327191300806,0.043276310408795336,0.25962241599997565,0.7954995613451844,0.47435897435897434,1.1709240329025228,68,0.002108092692836698,0.022822063456066778,-0.7376830156881938,0.46328291982779035,0.4264705882352941,0.923708190056892,0.31597057562082875,0.5448343062303549,0.9988106200615792,trend_down,False
niftyfmcg,trend_regime,[trend_down] Buy Tue_Close -> Sell Close+10d,Tue_Close,Close+10d,156,0.004354825507951393,0.03990159782257838,0.05926895091554442,0.9528142364006768,0.47435897435897434,1.0913912588952037,67,0.0027295639415655165,0.023943724218384893,-0.48699534755962876,0.6278751274445764,0.4925373134328358,1.1399913884197073,0.37651970947161373,0.6093642908897559,0.9988106200615792,trend_down,False
niftyfmcg,trend_regime,[trend_down] Buy Wed_Close -> Sell Close+10d,Wed_Close,Close+10d,149,0.0032547662541206656,0.041496778902123395,-0.26681326488386903,0.7899843417456929,0.46308724832214765,0.7843419032107378,65,0.0019860687460215506,0.023999018741622254,-0.7262968108993306,0.4703048239096061,0.4307692307692308,0.8275624797013259,0.31759267537345776,0.551672420150179,0.9988106200615792,trend_down,False
niftyfmcg,trend_regime,[trend_down] Buy Thu_Close -> Sell Close+10d,Thu_Close,Close+10d,149,0.006950341764463064,0.03818264701164096,0.8874902102262865,0.3762550098913522,0.5302013422818792,1.8202880911698116,64,0.001808853679243513,0.023946306216729076,-0.7809263098211047,0.4377704855404351,0.4375,0.7553789978597341,0.3229381706542733,0.5591400822171212,0.9988106200615792,trend_down,False
niftyfmcg,trend_regime,[trend_down] Buy Fri_Close -> Sell Close+10d,Fri_Close,Close+10d,147,0.0054969052611278805,0.04288656429718743,0.37529334506730383,0.7079869693086962,0.5238095238095238,1.2817313187030877,63,0.002304206357755141,0.02276542867374826,-0.6435583143669114,0.5222353250727443,0.47619047619047616,1.0121515350212644,0.35781921387369653,0.5972985570952808,0.9988106200615792,trend_down,False
niftyfmcg,trend_regime,[trend_up] Buy Mon_Close -> Sell Close+20d,Mon_Close,Close+20d,210,0.008812289056591548,0.0407731794868899,0.29464071072039544,0.7685608089126547,0.5095238095238095,2.1612955299267322,90,0.006775690957909714,0.037696874993220074,-0.3017150118609271,0.7635731966155016,0.5,1.7974144963285017,0.39883544540986604,0.601164554590134,0.9988106200615792,trend_up,False
niftyfmcg,trend_regime,[trend_up] Buy Tue_Close -> Sell Close+20d,Tue_Close,Close+20d,216,0.00997313873756092,0.04034713132153714,0.7238694984113038,0.4699327347204909,0.5046296296296297,2.4718334143962544,93,0.008273493657048903,0.03853334383711156,0.07273188250106845,0.9421773688072684,0.5268817204301075,2.147099844753333,0.4263683964671289,0.6252623076930667,0.9988106200615792,trend_up,False
niftyfmcg,trend_regime,[trend_up] Buy Wed_Close -> Sell Close+20d,Wed_Close,Close+20d,219,0.006623458709648805,0.04467437535911317,-0.4487654889307539,0.6540465953109553,0.4885844748858447,1.4826080177744845,95,0.010264828745245303,0.036646163744729364,0.6041454180805603,0.5472023212479127,0.5368421052631579,2.801065021907414,0.43709512538632533,0.633725257934058,0.9988106200615792,trend_up,False
niftyfmcg,trend_regime,[trend_up] Buy Thu_Close -> Sell Close+20d,Thu_Close,Close+20d,224,0.00560337091297663,0.048561209480659076,-0.7312438483945313,0.46539788510378977,0.5,1.1538779558627625,96,0.0056427560379357705,0.038439094045021854,-0.5929725564107575,0.5546085208603987,0.4270833333333333,1.46797321272106,0.33281921379650237,0.5269586743783666,0.9988106200615792,trend_up,False
niftyfmcg,trend_regime,[trend_up] Buy Fri_Close -> Sell Close+20d,Fri_Close,Close+20d,217,0.010115912546850382,0.04730991306543322,0.6631218667982728,0.5079595520200717,0.5806451612903226,2.1382226031274465,94,0.0063958390993968705,0.03772641772366425,-0.4052770636742866,0.6862046580325288,0.5,1.6953210734834812,0.4009249494369979,0.599075050563002,0.9988106200615792,trend_up,False
niftyfmcg,trend_regime,[trend_down] Buy Mon_Close -> Sell Close+20d,Mon_Close,Close+20d,155,0.008113784673569954,0.056060555465697874,-0.2660333340389767,0.7905693731358773,0.4774193548387097,1.4473250587990671,67,0.004724962646508987,0.032198725453296995,-1.1582573290049152,0.2509331175807476,0.43283582089552236,1.467437788294559,0.3210412334173655,0.5519147698349607,0.9988106200615792,trend_down,False
niftyfmcg,trend_regime,[trend_down] Buy Tue_Close -> Sell Close+20d,Tue_Close,Close+20d,154,0.009727722656935162,0.05492139768067402,0.09282055696788012,0.9261675498992864,0.474025974025974,1.7712081388559044,67,0.004942140779593829,0.03349045352456446,-1.0609007196934348,0.2926019052334438,0.44776119402985076,1.475686429856462,0.33476201784797566,0.5664259846816114,0.9988106200615792,trend_down,False
niftyfmcg,trend_regime,[trend_down] Buy Wed_Close -> Sell Close+20d,Wed_Close,Close+20d,148,0.01205499901470991,0.04789974205946639,0.6933983846174652,0.4891537318552095,0.4594594594594595,2.5167148081390325,64,0.006641281170611634,0.03785190889299803,-0.5607813779579145,0.5769356695200408,0.46875,1.7545432621074917,0.35175787644044865,0.5892812499952487,0.9988106200615792,trend_down,False
niftyfmcg,trend_regime,[trend_down] Buy Thu_Close -> Sell Close+20d,Thu_Close,Close+20d,147,0.01478824547293908,0.04856845671756776,1.3615088191525473,0.1754503429041831,0.5034013605442177,3.044825072152232,64,0.0038434750352938085,0.03379642843237369,-1.2851518753269455,0.2034438831247939,0.453125,1.137242961333788,0.33729251486034373,0.5742661747932022,0.9988106200615792,trend_down,False
niftyfmcg,trend_regime,[trend_down] Buy Fri_Close -> Sell Close+20d,Fri_Close,Close+20d,145,0.01261089447820768,0.044248560090569475,0.8936717465388474,0.37298869874925816,0.46206896551724136,2.8500123964249386,63,0.0022844875750707575,0.032095022831986515,-1.724969434664966,0.08951506561166181,0.4444444444444444,0.7117887365370537,0.3284690053363267,0.5668057935912871,0.9988106200615792,trend_down,False
gold,multiday_hold,Buy Mon_Close -> Sell Close+2d,Mon_Close,Close+2d,359,-1.2624068186788155e-05,0.011155063539524676,-1.7617042439214556,0.07897277421123797,0.4735376044568245,-0.011316894916876532,155,0.0030239890817576327,0.013504796999162821,1.835957957388217,0.06829241726868582,0.5935483870967742,2.239196251483894,0.5148677004466578,0.6677041195299729,0.9988106200615792,,False
gold,multiday_hold,Buy Tue_Close -> Sell Close+2d,Tue_Close,Close+2d,398,0.0005749741765691647,0.012742353592870024,-0.7052756274495704,0.48105231427732326,0.47738693467336685,0.45123074978149336,171,0.0023562485167920063,0.013140632999033003,1.319887555926829,0.1886471371563653,0.52046783625731,1.7931012280499719,0.4459642912960303,0.5940719472192887,0.9988106200615792,,False
gold,multiday_hold,Buy Wed_Close -> Sell Close+2d,Wed_Close,Close+2d,396,0.000846366515757091,0.013594788651616837,-0.26262929995993317,0.7929732356634043,0.48737373737373735,0.6225668801820116,170,0.00229623347437564,0.014464662757039021,1.1416011026047566,0.2552348347761751,0.5176470588235295,1.5874780580405932,0.4429749261259742,0.5915392522985227,0.9988106200615792,,False
gold,multiday_hold,Buy Thu_Close -> Sell Close+2d,Thu_Close,Close+2d,390,0.000571351179900759,0.013489811053606622,-0.6647475947181128,0.5066058228107451,0.47692307692307695,0.4235427595170083,168,0.0022762773974859423,0.015370865341064084,1.051143518753181,0.29471133592546966,0.5476190476190477,1.4809038703922195,0.47212797068769513,0.620981032021777,0.9988106200615792,,False
gold,multiday_hold,Buy Fri_Close -> Sell Close+2d,Fri_Close,Close+2d,388,0.00021859602474471736,0.01381123233093914,-1.1500601728401447,0.25082926051759713,0.4742268041237113,0.15827409133870765,167,0.001930083246624866,0.014907466943817775,0.7813627267691339,0.4357021396824362,0.5149700598802395,1.2947090568094697,0.4396890875605082,0.5895777888911289,0.9988106200615792,,False
gold,multiday_hold,Buy Mon_Close -> Sell Close+3d,Mon_Close,Close+3d,359,0.00034798899325803775,0.015271075932643563,-1.4835876204605734,0.13879818825712184,0.4596100278551532,0.2278745746487803,155,0.004113601844642728,0.01644234426705144,1.9383253377877165,0.054412521105287534,0.5612903225806452,2.5018341532271107,0.482622383965647,0.6369936360190421,0.9988106200615792,,False
gold,multiday_hold,Buy Tue_Close -> Sell Close+3d,Tue_Close,Close+3d,398,0.0010394562878370114,0.01580085168646754,-0.6379878547430766,0.5238493976293231,0.4849246231155779,0.6578482656901602,171,0.003421095021315913,0.017278798866483716,1.4153842674878068,0.15878517336305178,0.5146198830409356,1.9799379851292378,0.4402150631663703,0.5883822500588574,0.9988106200615792,,False
gold,multiday_hold,Buy Wed_Close -> Sell Close+3d,Wed_Close,Close+3d,396,0.0009978312919311828,0.01666025289264706,-0.6532078228331498,0.5140023307402266,0.4722222222222222,0.598929258973957,170,0.0032728827814758753,0.017519667512801103,1.2818362578631415,0.2016558423210512,0.5411764705882353,1.8681192317630897,0.46618597862233596,0.6143471043681565,0.9988106200615792,,False
gold,multiday_hold,Buy Thu_Close -> Sell Close+3d,Thu_Close,Close+3d,390,0.0004627678617771225,0.01662993377800887,-1.2839942247477483,0.19990820434943407,0.46923076923076923,0.27827402559418396,168,0.003424647683585266,0.018390864513764576,1.3205089187307273,0.18847201331962718,0.49404761904761907,1.8621461111967308,0.41942713543049287,0.5689342392308231,0.9988106200615792,,False
gold,multiday_hold,Buy Fri_Close -> Sell Close+3d,Fri_Close,Close+3d,387,0.00047097024969242323,0.014813666910027168,-1.4249740662903636,0.1549727342682556,0.4418604651162791,0.3179295528601564,167,0.0036884464448000255,0.01674814199756005,1.6486181120911487,0.10111718511360308,0.5508982035928144,2.202301870462632,0.47515718969621046,0.6243501902393557,0.9988106200615792,,False
gold,multiday_hold,Buy Mon_Close -> Sell Close+5d,Mon_Close,Close+5d,359,0.0007687774669369448,0.02053485227162633,-1.6750902962464413,0.09478972279864119,0.4735376044568245,0.3743769162630839,155,0.006069557338196922,0.02276687359681233,1.8983920479323009,0.059515136406891773,0.567741935483871,2.665959958176577,0.48904533597202143,0.6431618440110561,0.9988106200615792,,False
gold,multiday_hold,Buy Tue_Close -> Sell Close+5d,Tue_Close,Close+5d,397,0.000984642554957687,0.02008375172955332,-1.587433327124556,0.11321264107718763,0.491183879093199,0.4902682368398239,171,0.005836249901339075,0.021923769589710512,1.9325254153609412,0.05495689280574391,0.5380116959064327,2.66206496900889,0.46327168647667566,0.6110813279089167,0.9988106200615792,,False
gold,multiday_hold,Buy Wed_Close -> Sell Close+5d,Wed_Close,Close+5d,395,0.0011455927827635642,0.020291981666195516,-1.409730969300864,0.15940799117786325,0.4708860759493671,0.5645544144522914,170,0.006428260708045412,0.022132429951626086,2.2563986990168283,0.025327292086136034,0.5529411764705883,2.9044532037807818,0.4778523808093565,0.625690154464134,0.9988106200615792,,False
gold,multiday_hold,Buy Thu_Close -> Sell Close+5d,Thu_Close,Close+5d,390,0.0011687205963025144,0.021046374823435524,-1.328874556563552,0.18466829516700708,0.48205128205128206,0.5553073182946084,168,0.005529081689464858,0.022310941118080033,1.7042424251597335,0.09019561676916853,0.5476190476190477,2.478192945874559,0.47212797068769513,0.620981032021777,0.9988106200615792,,False
gold,multiday_hold,Buy Fri_Close -> Sell Close+5d,Fri_Close,Close+5d,387,0.001483777862307239,0.02067857798425214,-1.047946547142161,0.2953189542568601,0.4754521963824289,0.7175434710439066,167,0.006149448657995172,0.021428574730414346,2.1420980740910895,0.03364353610991006,0.5688622754491018,2.869742264877299,0.49303495677518994,0.6415926749023406,0.9988106200615792,,False
gold,multiday_hold,Buy Mon_Close -> Sell Close+10d,Mon_Close,Close+10d,359,0.0022904890090693826,0.027115006805142703,-1.9493317400831216,0.0520363873155345,0.46518105849582175,0.8447311208621797,154,0.01242599152664997,0.032594001877136465,2.7862529939925813,0.0060074467040424325,0.538961038961039,3.8123552834935435,0.46024046134559793,0.615785123797989,0.9988106200615792,,False
gold,multiday_hold,Buy Tue_Close -> Sell Close+10d,Tue_Close,Close+10d,396,0.002098298012402426,0.02666858890626113,-2.2250937428343294,0.02663907256030484,0.43686868686868685,0.7868050386084723,171,0.011676258387953244,0.03052335763434025,2.815949501349716,0.005438544760712155,0.543859649122807,3.8253518920922676,0.46906078874670787,0.6167311509289758,0.831835731161478,,False
gold,multiday_hold,Buy Wed_Close -> Sell Close+10d,Wed_Close,Close+10d,394,0.0016110860965750727,0.02766847809805901,-2.4883295423267437,0.01324781213542732,0.41878172588832485,0.5822821518643966,170,0.011969318776243984,0.031042330868683563,2.8834447253912314,0.004445309562701335,0.5470588235294118,3.8558054248171785,0.4720140833607934,0.6200237257711981,0.5204497624632161,,False
gold,multiday_hold,Buy Thu_Close -> Sell Close+10d,Thu_Close,Close+10d,389,0.002162939829810239,0.028502733506116394,-2.018706919908275,0.0442051327394167,0.4498714652956298,0.7588534725436402,168,0.011092680311243544,0.030926431593176134,2.510763807276528,0.012997688699777016,0.5535714285714286,3.5867960640150693,0.4780357736540186,0.6267118543941375,0.9988106200615792,,False
gold,multiday_hold,Buy Fri_Close -> Sell Close+10d,Fri_Close,Close+10d,387,0.002579102782153204,0.028695184155406523,-1.7150568981216834,0.08713735691499495,0.4444444444444444,0.8987929013403001,166,0.012441723457997501,0.029684011691787058,3.183915123166475,0.0017370886199216274,0.5421686746987951,4.191388814686347,0.4662791020763516,0.6161506442284407,0.9988106200615792,,False
gold,multiday_hold,Buy Mon_Close -> Sell Close+20d,Mon_Close,Close+20d,357,0.004532737472907557,0.03803501274412195,-2.6414389770435016,0.00861945187384096,0.42016806722689076,1.191727607244738,154,0.024268060276315943,0.04194460122850986,4.249628015241619,3.707730560022579e-05,0.6233766233766234,5.7857410883717915,0.5447225060709496,0.6960251802170757,0.37036707270410374,,False
gold,multiday_hold,Buy Tue_Close -> Sell Close+20d,Tue_Close,Close+20d,395,0.00358462218593657,0.03834526003885866,-3.247149786655222,0.001265490055436285,0.3924050632911392,0.9348279767314015,170,0.02373715875590019,0.04003161698958003,4.507330752530958,1.2220145212577196e-05,0.6058823529411764,5.929602784238973,0.5308631101260811,0.6762219604208995,0.12428920187320658,,False
gold,multiday_hold,Buy Wed_Close -> Sell Close+20d,Wed_Close,Close+20d,393,0.003704465847296923,0.039258240953276034,-3.103134326740271,0.002053633417329832,0.40966921119592875,0.9436148327954546,169,0.022283273345088075,0.04013058029890986,4.01331360874204,9.00195078456593e-05,0.5621301775147929,5.55269153326781,0.48677194855092276,0.6347265795811936,0.14850983335693804,,False
gold,multiday_hold,Buy Thu_Close -> Sell Close+20d,Thu_Close,Close+20d,388,0.004086473816677701,0.03937901344889049,-2.8829870087058227,0.004159091308584295,0.4252577319587629,1.0377288455896647,167,0.022158094766360714,0.04190793565059074,3.7816763783539185,0.00021706034760986227,0.5449101796407185,5.287326713275692,0.4692193382566731,0.618581291098238,0.22210481458050188,,False
gold,multiday_hold,Buy Fri_Close -> Sell Close+20d,Fri_Close,Close+20d,385,0.004441930763313899,0.039453192409392865,-2.6898403107169284,0.0074604981764289655,0.42337662337662335,1.1258735965448468,166,0.024243413071525333,0.039877020220736394,4.634011535058959,7.247605595046575e-06,0.5602409638554217,6.079544794803536,0.48421612093685223,0.6335406594985651,0.33090919330934926,,False
gold,vix_regime,[vix_high] Buy Mon_Close -> Sell Close+2d,Mon_Close,Close+2d,186,-0.00024072719897321704,0.012603621380517639,-1.0957262283787148,0.27462297981136746,0.5053763440860215,-0.19099843743745515,81,0.0012347157351883635,0.013428663742477458,0.3064552715937701,0.7600542032442773,0.5432098765432098,0.9194628437099955,0.43523822983845284,0.6472684649904988,0.9988106200615792,vix_high,False
gold,vix_regime,[vix_high] Buy Tue_Close -> Sell Close+2d,Tue_Close,Close+2d,204,0.00032263721571193743,0.014377603237479136,-0.4478954006067202,0.6547063083572285,0.45588235294117646,0.22440264234785373,88,0.0024562088293488406,0.015060664533175502,1.0414469122175127,0.300553663481423,0.5795454545454546,1.6308767942731377,0.4752056286962684,0.6772307400081098,0.9988106200615792,vix_high,False
gold,vix_regime,[vix_high] Buy Wed_Close -> Sell Close+2d,Wed_Close,Close+2d,205,0.0009804206009536999,0.015447684838650054,0.19028882654584472,0.8492720315333163,0.5073170731707317,0.6346715454089864,89,0.0021615442726169868,0.015405406733990783,0.844545664189326,0.40065474499204196,0.5056179775280899,1.4031075647277227,0.4036837527420452,0.6070872809325144,0.9988106200615792,vix_high,False
gold,vix_regime,[vix_high] Buy Thu_Close -> Sell Close+2d,Thu_Close,Close+2d,190,0.0006542665596318826,0.015278198980921137,-0.1082908236058252,0.9138798790810977,0.49473684210526314,0.42823539636373836,82,0.00041756960578057047,0.014697212192096782,-0.21863940430034526,0.8274808991190289,0.4878048780487805,0.28411483778203367,0.3826071216079986,0.5940941514344423,0.9988106200615792,vix_high,False
gold,vix_regime,[vix_high] Buy Fri_Close -> Sell Close+2d,Fri_Close,Close+2d,179,0.0008346012413914838,0.016620096560091772,0.048155207226737336,0.961646536293744,0.49162011173184356,0.5021638943997058,77,0.0004055935263574231,0.015705885064504346,-0.20482999658973305,0.8382525335921016,0.5324675324675324,0.2582430246316227,0.4221482516277277,0.6397010932640111,0.9988106200615792,vix_high,False
gold,vix_regime,[vix_low] Buy Mon_Close -> Sell Close+2d,Mon_Close,Close+2d,172,0.0008112382286794894,0.009704406130070484,-0.6281692669983929,0.5307311220992795,0.48255813953488375,0.8359483494469098,75,0.003592221017590199,0.013059950844753943,1.5247180153166704,0.13159208988915844,0.6133333333333333,2.7505624334207655,0.5001726873212743,0.7154495222736602,0.9988106200615792,vix_low,False
gold,vix_regime,[vix_low] Buy Tue_Close -> Sell Close+2d,Tue_Close,Close+2d,193,0.0004534154560078908,0.01050602449148726,-1.0867695435172193,0.2785011376742126,0.44559585492227977,0.4315766219422778,84,0.0031224365077202926,0.011120012870247237,1.5115967750385508,0.13443466872652277,0.5595238095238095,2.80794324984524,0.4530690997323842,0.6607721782042654,0.9988106200615792,vix_low,False
gold,vix_regime,[vix_low] Buy Wed_Close -> Sell Close+2d,Wed_Close,Close+2d,190,0.000510864981825047,0.010756798387041003,-0.9796851495915058,0.328493924491621,0.4473684210526316,0.474922893823593,82,0.0028669856204693598,0.014216968248089025,1.006273958659965,0.3172804448102854,0.5487804878048781,2.0165942347481334,0.44130583571145193,0.6518890721187844,0.9988106200615792,vix_low,False
gold,vix_regime,[vix_low] Buy Thu_Close -> Sell Close+2d,Thu_Close,Close+2d,200,0.0012417675665338428,0.011773663065074142,-0.042707435186363725,0.9659775729748388,0.485,1.0546994250391544,86,0.002306240646838389,0.01563089748856982,0.6068323234337801,0.5455796976307957,0.5581395348837209,1.475437126067035,0.45293267462601694,0.6583743368252482,0.9988106200615792,vix_low,False
gold,vix_regime,[vix_low] Buy Fri_Close -> Sell Close+2d,Fri_Close,Close+2d,209,0.00020630720821538997,0.009941236873690256,-1.55390012805579,0.12172845611408162,0.44976076555023925,0.20752669998376905,90,0.002037740328129881,0.015688208016175396,0.4572176466466656,0.6486287241939479,0.5222222222222223,1.2988993555088382,0.4202438257848399,0.6223811933964188,0.9988106200615792,vix_low,False
gold,vix_regime,[vix_high] Buy Mon_Close -> Sell Close+3d,Mon_Close,Close+3d,186,0.00021789980334144165,0.017529766667974195,-0.6606286488275702,0.5096722658190702,0.45698924731182794,0.12430274028662981,81,0.002999118446355944,0.01699452211398694,1.015655313684209,0.31285544661814796,0.5925925925925926,1.7647559762140004,0.4837611469314996,0.6930389134162541,0.9988106200615792,vix_high,False
gold,vix_regime,[vix_high] Buy Tue_Close -> Sell Close+3d,Tue_Close,Close+3d,204,0.0005246949715696296,0.01839448823786145,-0.42185551479478134,0.6735768814444163,0.5,0.2852457566553267,88,0.0037676450778046685,0.019130416533139447,1.3156134169604825,0.19176030371820535,0.5681818181818182,1.9694527148836571,0.46398482983322936,0.6666749147705233,0.9988106200615792,vix_high,False
gold,vix_regime,[vix_high] Buy Wed_Close -> Sell Close+3d,Wed_Close,Close+3d,205,0.0014562485417399973,0.01857725105912452,0.2974789223143699,0.7664036094468972,0.4878048780487805,0.7838880667033549,89,0.0016215269664171662,0.01816411428581431,0.28518274537373794,0.7761742597927105,0.4606741573033708,0.8927090751039458,0.3608954818482133,0.563707282429869,0.9988106200615792,vix_high,False
gold,vix_regime,[vix_high] Buy Thu_Close -> Sell Close+3d,Thu_Close,Close+3d,190,0.0004672612922737983,0.01903622865870639,-0.4348045714606531,0.6642003342901114,0.5,0.2454589617781735,82,0.0011336994765628332,0.01845686416674191,0.03138938064308747,0.9750362264892409,0.4634146341463415,0.6142427371848396,0.35954916535448855,0.5705546537728343,0.9988106200615792,vix_high,False
gold,vix_regime,[vix_high] Buy Fri_Close -> Sell Close+3d,Fri_Close,Close+3d,179,0.0004080952213974012,0.01727124678825824,-0.5107874636803672,0.6101328022858759,0.43575418994413406,0.236285907092036,77,0.000740956009014006,0.01707263146219187,-0.16767623700142387,0.8672833749841752,0.4935064935064935,0.434002227866798,0.38482830636471144,0.6028018246569409,0.9988106200615792,vix_high,False
gold,vix_regime,[vix_low] Buy Mon_Close -> Sell Close+3d,Mon_Close,Close+3d,172,0.0005356479007083423,0.012983461959345686,-1.4968313532678237,0.1362806230719081,0.43023255813953487,0.41256168992953,75,0.005159292506681118,0.014589488353640823,1.8499394611486113,0.06831470815666603,0.56,3.536308047014967,0.44746569425928456,0.6666872402321515,0.9988106200615792,vix_low,False
gold,vix_regime,[vix_low] Buy Tue_Close -> Sell Close+3d,Tue_Close,Close+3d,193,0.0013364101994179497,0.012538722649514025,-0.7574246539309051,0.4497240410711904,0.44041450777202074,1.0658264296720419,84,0.0035975374008270487,0.014856862750489395,0.9662596157594373,0.3367213506023911,0.5476190476190477,2.4214650570885454,0.44142846686988807,0.6496445554794317,0.9988106200615792,vix_low,False
gold,vix_regime,[vix_low] Buy Wed_Close -> Sell Close+3d,Wed_Close,Close+3d,190,0.0007947857579371438,0.01369503745375956,-1.231742097835358,0.21957576027376058,0.4421052631578947,0.5803458081956244,82,0.0043618916997532,0.017879476763917383,1.177929417130364,0.24227396062553766,0.6097560975609756,2.4396081369427685,0.5015337111477397,0.7081548314702916,0.9988106200615792,vix_low,False
gold,vix_regime,[vix_low] Buy Thu_Close -> Sell Close+3d,Thu_Close,Close+3d,200,0.0013909302742720273,0.013414687239286039,-0.6634230282778413,0.5078274594904788,0.465,1.036871191598542,86,0.0034405955752421277,0.019410973205143,0.6738757266867419,0.502218763914867,0.4883720930232558,1.772500296033859,0.38550397038221695,0.59223462732753,0.9988106200615792,vix_low,False
gold,vix_regime,[vix_low] Buy Fri_Close -> Sell Close+3d,Fri_Close,Close+3d,208,0.0010835227933426064,0.0121673718720934,-1.1094885663725893,0.2685067420567911,0.46634615384615385,0.8905150633455455,90,0.00491956271747885,0.01666670605494549,1.6402384482963421,0.10448546349495126,0.5555555555555556,2.951730654671908,0.4527174112548652,0.6538451366982815,0.9988106200615792,vix_low,False
gold,vix_regime,[vix_high] Buy Mon_Close -> Sell Close+5d,Mon_Close,Close+5d,186,0.000817136123768938,0.023215646890564344,-0.4203450626431454,0.6747212234382215,0.489247311827957,0.3519764612292802,81,0.0028885148667545176,0.024412516764545207,0.4960476000864883,0.6212209421297417,0.49382716049382713,1.1832106024191518,0.38771930018551176,0.6004940291246379,0.9988106200615792,vix_high,False
gold,vix_regime,[vix_high] Buy Tue_Close -> Sell Close+5d,Tue_Close,Close+5d,204,0.0008808200510131728,0.022171407738425505,-0.4201334543375816,0.6748323171277668,0.5294117647058824,0.39727745815914706,88,0.003025593396299332,0.02399349065936427,0.5796175255582585,0.5636705353935205,0.5454545454545454,1.2610059283385229,0.44169880685506685,0.6454076895474348,0.9988106200615792,vix_high,False
gold,vix_regime,[vix_high] Buy Wed_Close -> Sell Close+5d,Wed_Close,Close+5d,205,0.0012300531687779147,0.022307857553719657,-0.19499042077360199,0.8455945077246109,0.4975609756097561,0.5513990600916372,89,0.00341389515646974,0.023496322137435376,0.7503020334037195,0.45507426103060433,0.5168539325842697,1.4529487366154945,0.4145040372503965,0.6178090637732825,0.9988106200615792,vix_high,False
gold,vix_regime,[vix_high] Buy Thu_Close -> Sell Close+5d,Thu_Close,Close+5d,190,0.0004089381086943299,0.023951277143376803,-0.6461163375056541,0.5189877651519434,0.46842105263157896,0.1707374960618385,82,0.0019954506845027012,0.02150825913980932,0.19283958308509755,0.8475672992483247,0.5,0.9277602020376214,0.39422642728441165,0.6057735727155883,0.9988106200615792,vix_high,False
gold,vix_regime,[vix_high] Buy Fri_Close -> Sell Close+5d,Fri_Close,Close+5d,179,0.0019619738731366096,0.023840590149871242,0.2391660682652047,0.81125196677151,0.49162011173184356,0.8229552459913437,77,0.0018035309999040673,0.021783843233371028,0.10762444589843995,0.9145772211226142,0.5324675324675324,0.8279214005457074,0.4221482516277277,0.6397010932640111,0.9988106200615792,vix_high,False
gold,vix_regime,[vix_low] Buy Mon_Close -> Sell Close+5d,Mon_Close,Close+5d,172,0.0016089595616924114,0.0166216685972191,-1.5988140901172012,0.11170800037341747,0.46511627906976744,0.9679891957186535,75,0.007387659069488704,0.021989877573568562,1.4655962439474925,0.14699462435539587,0.6,3.359572623709619,0.48687832160076594,0.7033765692182941,0.9988106200615792,vix_low,False
gold,vix_regime,[vix_low] Buy Tue_Close -> Sell Close+5d,Tue_Close,Close+5d,193,0.0016178689719804399,0.016787496330046225,-1.6700561177929258,0.09653770528834033,0.47150259067357514,0.9637345201289971,83,0.00759895911534856,0.02109632423585643,1.6988294414245133,0.09314264121363894,0.5783132530120482,3.6020299225554027,0.4709262842089882,0.6787715564572362,0.9988106200615792,vix_low,False
gold,vix_regime,[vix_low] Buy Wed_Close -> Sell Close+5d,Wed_Close,Close+5d,189,0.001616824036020399,0.01796962447370149,-1.5446515880292226,0.12411218526341014,0.43915343915343913,0.8997539366427036,82,0.008338245832026745,0.02028468969146362,2.084007033426359,0.040311345170678824,0.6219512195121951,4.110610494345259,0.5137693688945206,0.7192179006810697,0.9988106200615792,vix_low,False
gold,vix_regime,[vix_low] Buy Thu_Close -> Sell Close+5d,Thu_Close,Close+5d,200,0.002143069895930543,0.018117838977674647,-1.1664574916272856,0.24482551018719878,0.48,1.182850724400023,86,0.008311018376986327,0.022164215379765952,1.942483479306915,0.055389630723586096,0.6162790697674418,3.749746261973966,0.510626822596434,0.7119872003060966,0.9988106200615792,vix_low,False
gold,vix_regime,[vix_low] Buy Fri_Close -> Sell Close+5d,Fri_Close,Close+5d,208,0.0017577090667259558,0.017458174391359153,-1.5522057118210482,0.12214055144435934,0.4326923076923077,1.0068114954768272,90,0.008283458471500334,0.02105600181835463,2.0799296960966256,0.040407710173594784,0.6111111111111112,3.9340129920959637,0.5078226845453937,0.7053024113608994,0.9988106200615792,vix_low,False
gold,vix_regime,[vix_high] Buy Mon_Close -> Sell Close+10d,Mon_Close,Close+10d,186,0.0024550467675967195,0.02923176791714652,-0.05129989446609998,0.9591418997921084,0.521505376344086,0.8398557263300722,81,0.006499234082978412,0.03387417806354434,1.0387318876938219,0.3020587796595219,0.5185185185185185,1.9186396407276785,0.4113545922111773,0.6240054198583734,0.9988106200615792,vix_high,False
gold,vix_regime,[vix_high] Buy Tue_Close -> Sell Close+10d,Tue_Close,Close+10d,204,0.0017577723944795778,0.028036033488114776,-0.4103817663042221,0.6819587218127252,0.46078431372549017,0.6269690023108099,88,0.0054068571432364125,0.03163717945981699,0.8377578022772859,0.4044623606542105,0.5113636363636364,1.7090199681370994,0.40865348719267547,0.61312313690795,0.9988106200615792,vix_high,False
gold,vix_regime,[vix_high] Buy Wed_Close -> Sell Close+10d,Wed_Close,Close+10d,205,0.0021264026638732306,0.029727668018149835,-0.21087047148594482,0.8331988346310171,0.4634146341463415,0.7152941369551703,89,0.0033566669627273123,0.03198071512544445,0.23213031833478667,0.8169757749613091,0.47191011235955055,1.049590964292317,0.3715184758755657,0.5746263557516358,0.9988106200615792,vix_high,False
gold,vix_regime,[vix_high] Buy Thu_Close -> Sell Close+10d,Thu_Close,Close+10d,190,0.0007197543775732454,0.03179930814164336,-0.797880184609529,0.42594135878832484,0.47368421052631576,0.2263427790212448,82,0.0025178534441326287,0.02779102165677456,-0.015364894404282358,0.9877788531777987,0.5121951219512195,0.9059952797808917,0.40590584856555767,0.6173928783920014,0.9988106200615792,vix_high,False
gold,vix_regime,[vix_high] Buy Fri_Close -> Sell Close+10d,Fri_Close,Close+10d,179,0.0028374632916033852,0.03135033833480655,0.1158242783892312,0.907922372804246,0.48044692737430167,0.9050821912352718,77,0.0018108119019275347,0.029950070538814395,-0.2196142494283163,0.8267603808279218,0.4675324675324675,0.6046102294085673,0.36029890673598886,0.5778517483722723,0.9988106200615792,vix_high,False
gold,vix_regime,[vix_low] Buy Mon_Close -> Sell Close+10d,Mon_Close,Close+10d,172,0.003546173473496831,0.025352076793076102,-2.099965942604428,0.037199193254633195,0.4186046511627907,1.3987704054546433,74,0.015444185843571729,0.02996079230592472,2.2319800164331323,0.028685377915584953,0.527027027027027,5.154798873765984,0.41477158311547435,0.6366148220971626,0.9988106200615792,vix_low,False
gold,vix_regime,[vix_low] Buy Tue_Close -> Sell Close+10d,Tue_Close,Close+10d,192,0.0035013677951118254,0.024725669440606998,-2.300646176646046,0.02249168621043122,0.4270833333333333,1.416086146230494,83,0.015914633536280202,0.02978361995506295,2.5226764129133987,0.013579515166856437,0.5662650602409639,5.343418147388379,0.45905732827608065,0.6676100753645711,0.7448636010138732,vix_low,False
gold,vix_regime,[vix_low] Buy Wed_Close -> Sell Close+10d,Wed_Close,Close+10d,189,0.0028009364424398157,0.025880449349243766,-2.5517462127822617,0.011513861115172866,0.37037037037037035,1.0822595870120237,81,0.017352089143385027,0.028160497776824476,3.0919020047381003,0.0027374147291415758,0.5679012345679012,6.161854552750643,0.4593724052942849,0.6702809722940679,0.46563408921654975,vix_low,False
gold,vix_regime,[vix_low] Buy Thu_Close -> Sell Close+10d,Thu_Close,Close+10d,199,0.004439981341900805,0.026312713045546884,-1.6992002849090413,0.09085199664548546,0.4020100502512563,1.6873901730373713,86,0.01718814284754705,0.029730046300621177,2.967962941538992,0.003893386774271166,0.6162790697674418,5.7814046684440985,0.510626822596434,0.7119872003060966,0.9988106200615792,vix_low,False
gold,vix_regime,[vix_low] Buy Fri_Close -> Sell Close+10d,Fri_Close,Close+10d,207,0.003943178977982215,0.025772546473938913,-2.0461821588281928,0.04200879208527568,0.3961352657004831,1.5299919943764735,90,0.017776248629257006,0.0293174439999863,3.268981014315462,0.0015352505684749428,0.6111111111111112,6.063369176816816,0.5078226845453937,0.7053024113608994,0.9988106200615792,vix_low,False
gold,vix_regime,[vix_high] Buy Mon_Close -> Sell Close+20d,Mon_Close,Close+20d,186,0.005657292972528187,0.040996063996004674,-0.012502467544648397,0.9900382063722232,0.4946236559139785,1.3799600305725754,81,0.009691074718982463,0.0442396587116133,0.8079218898702314,0.4215314295296094,0.5185185185185185,2.190585325749466,0.4113545922111773,0.6240054198583734,0.9988106200615792,vix_high,False
gold,vix_regime,[vix_high] Buy Tue_Close -> Sell Close+20d,Tue_Close,Close+20d,204,0.00413904813037398,0.04138398130846169,-0.5356799123530571,0.5927661936005166,0.43137254901960786,1.000157065489414,88,0.008909848184609001,0.04034494343279934,0.7432486915512508,0.45933352913802805,0.5340909090909091,2.208417567730567,0.43063280602477044,0.6346970662771058,0.9988106200615792,vix_high,False
gold,vix_regime,[vix_high] Buy Wed_Close -> Sell Close+20d,Wed_Close,Close+20d,205,0.004440129010498339,0.04356090106666107,-0.4114425375005154,0.6811799970674812,0.45365853658536587,1.019292278574226,89,0.008012816867243052,0.04112297403928019,0.5287377697749598,0.5983184438836083,0.48314606741573035,1.9485013072228927,0.3821909362267175,0.5854959627496036,0.9988106200615792,vix_high,False
gold,vix_regime,[vix_high] Buy Thu_Close -> Sell Close+20d,Thu_Close,Close+20d,190,0.00444206550352282,0.0440106573149176,-0.3913751820631262,0.6959608116528163,0.4631578947368421,1.0093158735934542,82,0.005978127030946013,0.04023435869789175,0.06333776609100548,0.9496535855227963,0.4878048780487805,1.4858263495223207,0.3826071216079986,0.5940941514344423,0.9988106200615792,vix_high,False
gold,vix_regime,[vix_high] Buy Fri_Close -> Sell Close+20d,Fri_Close,Close+20d,179,0.006727718422750661,0.04297589010552039,0.32060988622641295,0.7488821217295024,0.4581005586592179,1.565463427571094,77,0.0030814154855936574,0.041392199171403646,-0.5504538901501155,0.5836224493181045,0.44155844155844154,0.7444435297659889,0.3360515471044896,0.5526196320903805,0.9988106200615792,vix_high,False
gold,vix_regime,[vix_low] Buy Mon_Close -> Sell Close+20d,Mon_Close,Close+20d,170,0.006048967179644096,0.0331515484769738,-3.1473040510857118,0.0019481132103734767,0.36470588235294116,1.824640916500643,74,0.03364744046909911,0.04091864382141996,4.08682369742705,0.00011100450096825994,0.6621621621621622,8.2230096911192,0.5487829947311834,0.7595354365446382,0.14850983335693804,vix_low,False
gold,vix_regime,[vix_low] Buy Tue_Close -> Sell Close+20d,Tue_Close,Close+20d,191,0.006067815174732227,0.035414231821500664,-3.1165712459587254,0.002113675482623808,0.39267015706806285,1.7133832537483813,82,0.032486068228441925,0.037913713568025635,4.370447837789348,3.647836292921669e-05,0.6463414634146342,8.568421600314803,0.5384388502355858,0.7411458732551227,0.14850983335693804,vix_low,False
gold,vix_regime,[vix_low] Buy Wed_Close -> Sell Close+20d,Wed_Close,Close+20d,187,0.0049942101111845,0.03431426665495323,-3.609140741692349,0.00039484913487656197,0.3315508021390374,1.4554325643627273,81,0.03289436832320102,0.036075189248462466,4.665972447458544,1.215639617475967e-05,0.654320987654321,9.118280183271107,0.5458917196718802,0.7487750475743764,0.0922925260571474,vix_low,False
gold,vix_regime,[vix_low] Buy Thu_Close -> Sell Close+20d,Thu_Close,Close+20d,198,0.005687957723790015,0.035617689488256964,-3.3050232084574973,0.001128269176350969,0.3888888888888889,1.5969474172841325,85,0.033241637356892416,0.03826955100823074,4.590214078762642,1.537379239564846e-05,0.6235294117647059,8.686184311319211,0.5172971118468916,0.7190786400531193,0.11933616288327557,vix_low,False
gold,vix_regime,[vix_low] Buy Fri_Close -> Sell Close+20d,Fri_Close,Close+20d,206,0.005867177625743588,0.03491025857082072,-3.36627885544646,0.0009096589177889017,0.3883495145631068,1.6806457087223041,89,0.03465596328969437,0.03851239334069983,5.01310976108482,2.7492759932266115e-06,0.651685393258427,8.998652195699822,0.5482912406815135,0.7425266685315979,0.10856563909615387,vix_low,False
gold,trend_regime,[trend_up] Buy Mon_Close -> Sell Close+2d,Mon_Close,Close+2d,200,-0.00012160334940905771,0.011764719305895423,-1.2934051899527406,0.19737030511470857,0.505,-0.10336272906071037,86,0.0029252009824086655,0.014750159608118072,1.2301750525202677,0.22202535748720653,0.5813953488372093,1.9831656471016879,0.47584264364729545,0.6799871723844758,0.9988106200615792,trend_up,False
gold,trend_regime,[trend_up] Buy Tue_Close -> Sell Close+2d,Tue_Close,Close+2d,228,0.00037122690405870154,0.01373027263680276,-0.6428571794081465,0.520965576570156,0.4517543859649123,0.27037110906571604,98,0.0035452182545882677,0.013939371716740877,1.8286557260150693,0.07052416722890162,0.5816326530612245,2.5433128024920517,0.4826969984136946,0.6744097241829652,0.9988106200615792,trend_up,False
gold,trend_regime,[trend_up] Buy Wed_Close -> Sell Close+2d,Wed_Close,Close+2d,228,0.00012609033046122808,0.01458635729711856,-0.8583335078773409,0.39161372470389283,0.4649122807017544,0.08644401607119304,98,0.002855014418855826,0.015821657023320026,1.181456053998394,0.240310114974287,0.5408163265306123,1.80449773032479,0.4424786494488038,0.6360747118495262,0.9988106200615792,trend_up,False
gold,trend_regime,[trend_up] Buy Thu_Close -> Sell Close+2d,Thu_Close,Close+2d,224,0.0001891425032694791,0.014624738140092627,-0.7841228408126201,0.4338001320560397,0.47767857142857145,0.129330523020415,97,0.002288898249409993,0.01631317821080097,0.7999180854252496,0.4257332320179591,0.5463917525773195,1.4030976795769392,0.44743914347874386,0.6418097379352757,0.9988106200615792,trend_up,False
gold,trend_regime,[trend_up] Buy Fri_Close -> Sell Close+2d,Fri_Close,Close+2d,224,0.00044795730761961746,0.013093523579895327,-0.5806429369067133,0.5620674361461176,0.4955357142857143,0.342121282240207,97,0.0018513208082203978,0.017053381191606366,0.5137890467392168,0.6085800684435725,0.5360824742268041,1.0856033694547411,0.43736243792728813,0.6320533587280605,0.9988106200615792,trend_up,False
gold,trend_regime,[trend_down] Buy Mon_Close -> Sell Close+2d,Mon_Close,Close+2d,154,0.0010232051627680182,0.010852621124121763,-0.23405224581579617,0.8152573115277317,0.474025974025974,0.9428184685207279,66,0.0017179223659288638,0.011047672443378339,0.3571229813041624,0.7221566007551862,0.5303030303030303,1.5550084189530236,0.41157476624932443,0.645697690280881,0.9988106200615792,trend_down,False
gold,trend_regime,[trend_down] Buy Tue_Close -> Sell Close+2d,Tue_Close,Close+2d,163,0.0012330815504842882,0.011527659362734267,0.0049940052456907994,0.9960215213113106,0.49693251533742333,1.0696720918649796,70,0.00025795226895813803,0.010821103365374521,-0.7450682712651202,0.45876083845023485,0.45714285714285713,0.23837889746394658,0.345725523240816,0.5730194660335225,0.9988106200615792,trend_down,False
gold,trend_regime,[trend_down] Buy Wed_Close -> Sell Close+2d,Wed_Close,Close+2d,161,0.0014049360269685783,0.01202399458761312,0.18554723999649778,0.8530348424452229,0.484472049689441,1.168443662155267,69,0.0027707396169830588,0.011481519992479377,1.1076191469892775,0.2719289090963531,0.4927536231884058,2.41321673332272,0.3783222449110342,0.6079493361635164,0.9988106200615792,trend_down,False
gold,trend_regime,[trend_down] Buy Thu_Close -> Sell Close+2d,Thu_Close,Close+2d,158,0.0014150192723306786,0.012094871876665773,0.19316839065680796,0.8470767629628925,0.4873417721518987,1.16993324671808,69,0.0018908073943329463,0.012745409235799546,0.42847148211839275,0.6696620973832829,0.5217391304347826,1.4835203478771093,0.4058705117523249,0.6353147450240226,0.9988106200615792,trend_down,False
gold,trend_regime,[trend_down] Buy Fri_Close -> Sell Close+2d,Fri_Close,Close+2d,156,0.0010224865729642997,0.014289048528795057,-0.17954831929779255,0.8577416830922358,0.47435897435897434,0.7155735883350116,67,-0.0004324037434027138,0.012665362336420672,-1.0654034677601754,0.29057551272140686,0.40298507462686567,-0.3414065321757817,0.2939031193036935,0.5225888853941111,0.9988106200615792,trend_down,False
gold,trend_regime,[trend_up] Buy Mon_Close -> Sell Close+3d,Mon_Close,Close+3d,200,0.00035078120703641,0.01647817909778857,-1.0653432695483027,0.2880114976109772,0.455,0.2128761952123011,86,0.005476485631252328,0.017598031266300572,2.0333828640661693,0.045133405659176944,0.5813953488372093,3.1119876697455062,0.47584264364729545,0.6799871723844758,0.9988106200615792,trend_up,False
gold,trend_regime,[trend_up] Buy Tue_Close -> Sell Close+3d,Tue_Close,Close+3d,228,0.0005857799953664789,0.017507714174346836,-0.8686851507539801,0.38593686298499763,0.4649122807017544,0.3345839379904846,98,0.004542190711214355,0.01906154303719439,1.522664347664623,0.13109622484456512,0.5714285714285714,2.3829081949720825,0.4725825662207811,0.6648858160512964,0.9988106200615792,trend_up,False
gold,trend_regime,[trend_up] Buy Wed_Close -> Sell Close+3d,Wed_Close,Close+3d,228,0.00034326583924877913,0.0172325098739846,-1.094590146634703,0.2748563055418134,0.4473684210526316,0.19919665896550404,98,0.004524355091920016,0.01933745637620316,1.491854510476116,0.13898249081576883,0.5918367346938775,2.3396847051134015,0.49285190219841635,0.683893160722826,0.9988106200615792,trend_up,False
gold,trend_regime,[trend_up] Buy Thu_Close -> Sell Close+3d,Thu_Close,Close+3d,224,0.0004600324480022746,0.01658354095942547,-1.0222129194749654,0.30778777306576827,0.4955357142857143,0.2774030281758427,97,0.0028543108575844875,0.020176630028197844,0.6114280170177949,0.5423614517486802,0.4742268041237113,1.4146618407511293,0.37774323399262677,0.5726740541106956,0.9988106200615792,trend_up,False
gold,trend_regime,[trend_up] Buy Fri_Close -> Sell Close+3d,Fri_Close,Close+3d,224,0.0004659748026550063,0.014638605631685193,-1.1519656970836054,0.2505686551275592,0.47767857142857145,0.3183191175301602,96,0.004094529208630983,0.018392626045625696,1.3244595380343847,0.1885279568079776,0.5416666666666666,2.22617977360812,0.4423137449970821,0.6378131760458498,0.9988106200615792,trend_up,False
gold,trend_regime,[trend_down] Buy Mon_Close -> Sell Close+3d,Mon_Close,Close+3d,154,0.0012718362087712992,0.014423763430766885,-0.3275309730997387,0.7437140477818701,0.44805194805194803,0.8817644679739995,66,0.000868465138366659,0.012696242677971216,-0.49867589013643504,0.6196911396369221,0.5303030303030303,0.684033190286683,0.41157476624932443,0.645697690280881,0.9988106200615792,trend_down,False
gold,trend_regime,[trend_down] Buy Tue_Close -> Sell Close+3d,Tue_Close,Close+3d,163,0.0019102635125008828,0.013565217054132573,0.24066412901598383,0.8101197411189189,0.50920245398773,1.408207111524936,70,0.002035223342247561,0.01271446620941878,0.24921298925115756,0.8039363964641069,0.4857142857142857,1.6007147360538685,0.37245682382738127,0.6004581725973981,0.9988106200615792,trend_down,False
gold,trend_regime,[trend_down] Buy Wed_Close -> Sell Close+3d,Wed_Close,Close+3d,161,0.0020125502036974657,0.015339241913262457,0.29586090580298263,0.767719941887581,0.5093167701863354,1.3120271621489945,69,0.0015223828950898977,0.01479930879017601,-0.07320782971513114,0.9418556523707242,0.4492753623188406,1.0286851343357852,0.3376866594343888,0.5662144080874668,0.9988106200615792,trend_down,False
gold,trend_regime,[trend_down] Buy Thu_Close -> Sell Close+3d,Thu_Close,Close+3d,158,0.0014305737813431524,0.016651876706163016,-0.16794559770001313,0.8668422245282806,0.45569620253164556,0.8591066380005585,69,0.0028331461581682835,0.015790836507308594,0.6158891889855725,0.5400237901156392,0.4927536231884058,1.7941710414498921,0.3783222449110342,0.6079493361635164,0.9988106200615792,trend_down,False
gold,trend_regime,[trend_down] Buy Fri_Close -> Sell Close+3d,Fri_Close,Close+3d,156,0.0017583219985254227,0.014648731553746035,0.08886045169494948,0.9293075245956629,0.4358974358974359,1.2003237222787233,67,0.0006241425182836725,0.015553034794558619,-0.5378187005844751,0.5925111891944608,0.4626865671641791,0.40129950619157295,0.34858248875358616,0.5808375130532616,0.9988106200615792,trend_down,False
gold,trend_regime,[trend_up] Buy Mon_Close -> Sell Close+5d,Mon_Close,Close+5d,200,0.0006356308084817216,0.022358206661159317,-1.3545762905675425,0.17708852773768502,0.465,0.284294182496282,86,0.007971823313842183,0.025737570231274556,1.858870812188886,0.0665060804723097,0.5930232558139535,3.0973488337121124,0.4873808000551023,0.6907104182669221,0.9988106200615792,trend_up,False
gold,trend_regime,[trend_up] Buy Tue_Close -> Sell Close+5d,Tue_Close,Close+5d,227,0.0013198692317861569,0.020912256873944386,-1.0514780790655824,0.294162056195812,0.4845814977973568,0.6311462410499782,98,0.007267795479244195,0.02429690709645157,1.8181175249524475,0.07213263707266512,0.5612244897959183,2.9912430624989375,0.46250823376575,0.6553218081817449,0.9988106200615792,trend_up,False
gold,trend_regime,[trend_up] Buy Wed_Close -> Sell Close+5d,Wed_Close,Close+5d,227,0.0007667200407045439,0.020305603286805158,-1.4924173879345117,0.13698438283051714,0.4713656387665198,0.37759037733331885,98,0.007117402006918069,0.024238733611866622,1.7613720813384477,0.08132647428397827,0.5612244897959183,2.9363753572643674,0.46250823376575,0.6553218081817449,0.9988106200615792,trend_up,False
gold,trend_regime,[trend_up] Buy Thu_Close -> Sell Close+5d,Thu_Close,Close+5d,224,0.0005925462262708116,0.021716050214294392,-1.5059643544248678,0.13349148302415623,0.4732142857142857,0.2728609578738096,97,0.005595459827538987,0.02277363331821198,1.210209275988307,0.22917000275248525,0.5567010309278351,2.4569903929489905,0.45755626177249387,0.6515257044001969,0.9988106200615792,trend_up,False
gold,trend_regime,[trend_up] Buy Fri_Close -> Sell Close+5d,Fri_Close,Close+5d,224,0.0014016823944298423,0.02138935684822421,-0.9640597416996565,0.33606023711085165,0.47767857142857145,0.6553176911189889,96,0.007317629311481371,0.023189592110917673,1.9061384059498918,0.05965511033331557,0.59375,3.155566202493155,0.4937370157726515,0.6865485565739455,0.9988106200615792,trend_up,False
gold,trend_regime,[trend_down] Buy Mon_Close -> Sell Close+5d,Mon_Close,Close+5d,154,0.0017362577856624957,0.017979560016420943,-0.5783062032644936,0.5639076570809727,0.4805194805194805,0.9656842459307966,66,0.0024050027241814174,0.016814726556942834,-0.08240205595287187,0.9345802302170121,0.5,1.4302954710782299,0.3827348439948919,0.6172651560051081,0.9988106200615792,trend_down,False
gold,trend_regime,[trend_down] Buy Tue_Close -> Sell Close+5d,Tue_Close,Close+5d,163,0.0019514895211201935,0.018335698202348396,-0.4341085363465626,0.664787228726752,0.5153374233128835,1.064311541117235,70,0.0017630530235532864,0.018666398244614787,-0.36214801921349316,0.7183482261911471,0.4857142857142857,0.9445062729559641,0.37245682382738127,0.6004581725973981,0.9988106200615792,trend_down,False
gold,trend_regime,[trend_down] Buy Wed_Close -> Sell Close+5d,Wed_Close,Close+5d,161,0.0026880059662078683,0.019562402001156026,0.0718664983167396,0.9427979066426264,0.4968944099378882,1.3740674412319214,69,0.004003676436683195,0.019644368898630596,0.598941060024903,0.5512023633072098,0.5072463768115942,2.0380784220369077,0.39205066383648346,0.6216777550889657,0.9988106200615792,trend_down,False
gold,trend_regime,[trend_down] Buy Thu_Close -> Sell Close+5d,Thu_Close,Close+5d,158,0.0026795416434145848,0.019914735337220848,0.06460448219056017,0.9485711015437919,0.5,1.3455070318742792,69,0.0046944315662073004,0.021114437537358498,0.8270138298356393,0.41112193941945185,0.5362318840579711,2.2233277859764353,0.4197820076036184,0.6488600870236277,0.9988106200615792,trend_down,False
gold,trend_regime,[trend_down] Buy Fri_Close -> Sell Close+5d,Fri_Close,Close+5d,156,0.002778548875601574,0.018393361191287188,0.1365161151581107,0.8915904381359018,0.47435897435897434,1.5106259517796854,67,0.0024209528362328547,0.020358192644280255,-0.06221604602731652,0.9505788177157035,0.5223880597014925,1.1891786655791543,0.40484988526831645,0.6374981136475746,0.9988106200615792,trend_down,False
gold,trend_regime,[trend_up] Buy Mon_Close -> Sell Close+10d,Mon_Close,Close+10d,199,0.0023801683992915167,0.028353889264945597,-1.6173657279167015,0.10739135874857121,0.4723618090452261,0.8394504108592115,86,0.014159539042290217,0.0352598942123883,2.2278474318554897,0.028531792161338564,0.5348837209302325,4.0157633363844205,0.4302411599878987,0.6365430468828602,0.9988106200615792,trend_up,False
gold,trend_regime,[trend_up] Buy Tue_Close -> Sell Close+10d,Tue_Close,Close+10d,226,0.003480586542010251,0.027598044773803388,-1.173241412851763,0.24193952041333638,0.4557522123893805,1.2611714237503133,98,0.012594700581894573,0.032123703613231296,2.132498747665823,0.0354907114889993,0.5306122448979592,3.9206875812124586,0.43252291695680106,0.6263921040169464,0.9988106200615792,trend_up,False
gold,trend_regime,[trend_up] Buy Wed_Close -> Sell Close+10d,Wed_Close,Close+10d,226,0.0022543210469952737,0.028687626730432042,-1.7698623850863002,0.0781044286550723,0.4646017699115044,0.7858165013712597,98,0.013308737556679811,0.03233857776599701,2.3357924675002937,0.021561297312509126,0.5306122448979592,4.115436879439246,0.43252291695680106,0.6263921040169464,0.9988106200615792,trend_up,False
gold,trend_regime,[trend_up] Buy Thu_Close -> Sell Close+10d,Thu_Close,Close+10d,224,0.0014316727386891545,0.03050732239749611,-2.0595628642549673,0.040601627154940624,0.44642857142857145,0.46928823186615004,96,0.011927075242459714,0.02963954007669673,2.0677327659717606,0.04138382135992957,0.5625,4.024041942485149,0.46275702045593164,0.6574333611084665,0.9988106200615792,trend_up,False
gold,trend_regime,[trend_up] Buy Fri_Close -> Sell Close+10d,Fri_Close,Close+10d,223,0.00206201178908236,0.029238967757828138,-1.8228711685028043,0.0696679745395178,0.4349775784753363,0.7052272864627029,96,0.014721838460212619,0.030789060892476256,2.875262445319527,0.004982731671535111,0.5833333333333334,4.781515912948845,0.48336785466267024,0.6768859874231938,0.9988106200615792,trend_up,False
gold,trend_regime,[trend_down] Buy Mon_Close -> Sell Close+10d,Mon_Close,Close+10d,154,0.0026939209373553047,0.024080376914925285,-1.086277906484862,0.2790645269271324,0.474025974025974,1.1187204198974072,66,0.01031004496683637,0.028712001529349666,1.544772691809703,0.12725634996525922,0.5303030303030303,3.590848571214149,0.41157476624932443,0.645697690280881,0.9988106200615792,trend_down,False
gold,trend_regime,[trend_down] Buy Tue_Close -> Sell Close+10d,Tue_Close,Close+10d,163,0.0022719945031033297,0.02403052283960448,-1.3435657563988994,0.18096777453244625,0.4539877300613497,0.9454619519800365,70,0.0076048411813399944,0.029369523495190127,0.790845503254864,0.4317440917828195,0.4857142857142857,2.589364850466657,0.37245682382738127,0.6004581725973981,0.9988106200615792,trend_down,False
gold,trend_regime,[trend_down] Buy Wed_Close -> Sell Close+10d,Wed_Close,Close+10d,161,0.002636709368418408,0.024940146950177093,-1.1015712976193666,0.27230244368102335,0.422360248447205,1.0572148486878443,69,0.007389082101398186,0.030122316816543267,0.7064076998198543,0.4823481102907194,0.4492753623188406,2.453025823478518,0.3376866594343888,0.5662144080874668,0.9988106200615792,trend_down,False
gold,trend_regime,[trend_down] Buy Thu_Close -> Sell Close+10d,Thu_Close,Close+10d,158,0.004221216479108037,0.02480626516663761,-0.29672953036085975,0.7670652005756353,0.47468354430379744,1.7016735291474778,69,0.009188112624911912,0.032460832775105405,1.1125352984668349,0.26982571053241805,0.5217391304347826,2.830522768337103,0.4058705117523249,0.6353147450240226,0.9988106200615792,trend_down,False
gold,trend_regime,[trend_down] Buy Fri_Close -> Sell Close+10d,Fri_Close,Close+10d,156,0.00565523918261012,0.025439591775055278,0.41430386922550366,0.6792243574142552,0.47435897435897434,2.223007048468187,67,0.0049658858575534915,0.030748756216417702,0.041537963090097954,0.9669924339960638,0.43283582089552236,1.6149875535134826,0.3210412334173655,0.5519147698349607,0.9988106200615792,trend_down,False
gold,trend_regime,[trend_up] Buy Mon_Close -> Sell Close+20d,Mon_Close,Close+20d,198,0.0063412630501137,0.03884037966916358,-1.9867174697805272,0.048339719172310634,0.41919191919191917,1.6326470297478064,85,0.028390210840190687,0.04387820737568713,3.4571617928116045,0.0008590892066461953,0.6235294117647059,6.470230334870442,0.5172971118468916,0.7190786400531193,0.9988106200615792,trend_up,False
gold,trend_regime,[trend_up] Buy Tue_Close -> Sell Close+20d,Tue_Close,Close+20d,225,0.00565878021877512,0.03832966709512003,-2.4132099788926746,0.016617033662234153,0.39111111111111113,1.4763447344147616,97,0.025403572688975105,0.03950604454548698,3.3641640702536777,0.0011045185761613342,0.5979381443298969,6.430300218926147,0.4984347077450554,0.6899795974623194,0.617524899610053,trend_up,False
gold,trend_regime,[trend_up] Buy Wed_Close -> Sell Close+20d,Wed_Close,Close+20d,225,0.005561027737883472,0.040969934046156085,-2.2934027715187004,0.022752197267332852,0.4177777777777778,1.3573435904530637,97,0.02807680176769995,0.038650841563604266,4.1162623636471585,8.146723313658435e-05,0.6185567010309279,7.264214861013167,0.5191255982790657,0.708954876445651,0.7448636010138732,trend_up,False
gold,trend_regime,[trend_up] Buy Thu_Close -> Sell Close+20d,Thu_Close,Close+20d,222,0.004416614009074181,0.040092049030503875,-2.752220827381355,0.006410910678389292,0.38738738738738737,1.101618429557895,96,0.02354052518032777,0.04014878724467118,2.8407346237570636,0.005507108031865727,0.53125,5.863321608413522,0.4321542477927087,0.6279409429894902,0.3148215065280456,trend_up,False
gold,trend_regime,[trend_up] Buy Fri_Close -> Sell Close+20d,Fri_Close,Close+20d,221,0.005865763149981656,0.03914372398479187,-2.2633996471494506,0.024586657559360788,0.416289592760181,1.498519443949846,96,0.026823584234310152,0.04116473528393726,3.5479725653868814,0.0006052532480151303,0.5729166666666666,6.516156134441823,0.47304132562163337,0.6671807862034976,0.7862012591656066,trend_up,False
gold,trend_regime,[trend_down] Buy Mon_Close -> Sell Close+20d,Mon_Close,Close+20d,154,0.0044709261862214845,0.03672839946625507,-1.3273541090628784,0.18636880771952846,0.44805194805194803,1.2172940425376375,66,0.01712366572433628,0.039079918697206326,1.7971789696275267,0.0769527181598782,0.5606060606060606,4.381704541662822,0.4408242143005392,0.6737206987598716,0.9988106200615792,trend_down,False
gold,trend_regime,[trend_down] Buy Tue_Close -> Sell Close+20d,Tue_Close,Close+20d,163,0.004824310935363515,0.03727272809998823,-1.2252154065787966,0.22227245305422322,0.4233128834355828,1.2943272953945753,70,0.01704832304219699,0.042983985995742414,1.6689131009720382,0.09966631386636468,0.5571428571428572,3.9662033772032297,0.44083343136188763,0.6675065829389943,0.9988106200615792,trend_down,False
gold,trend_regime,[trend_down] Buy Wed_Close -> Sell Close+20d,Wed_Close,Close+20d,161,0.004580823071114696,0.03705343632005156,-1.3079557307756007,0.19276438438821367,0.422360248447205,1.236274830638521,69,0.010338505130667445,0.040013650669426276,0.39697038242953814,0.69263250193862,0.4492753623188406,2.5837445366030836,0.3376866594343888,0.5662144080874668,0.9988106200615792,trend_down,False
gold,trend_regime,[trend_down] Buy Thu_Close -> Sell Close+20d,Thu_Close,Close+20d,158,0.006711677991789275,0.03764303688141117,-0.5660599715338415,0.5721612132092051,0.45569620253164556,1.782979947376038,69,0.017682542923759183,0.04530406593897672,1.6873699899365202,0.09611458188368974,0.5362318840579711,3.9030807847527553,0.4197820076036184,0.6488600870236277,0.9988106200615792,trend_down,False
gold,trend_regime,[trend_down] Buy Fri_Close -> Sell Close+20d,Fri_Close,Close+20d,156,0.007485565142505353,0.037455713919381906,-0.3080235755814992,0.7584779317189367,0.46153846153846156,1.998510870361987,67,0.012440316915041752,0.043094661838259,0.7593538844535852,0.4503445846736984,0.47761194029850745,2.886741973224481,0.36250188635242525,0.5951501147316833,0.9988106200615792,trend_down,False
silver,multiday_hold,Buy Mon_Close -> Sell Close+2d,Mon_Close,Close+2d,359,0.0002885553485479051,0.02392130102918773,-0.9074342073964744,0.3647876249606922,0.4456824512534819,0.1206269459156182,155,0.005699734343268026,0.023578604895676463,2.244151237759609,0.02624814062428541,0.5419354838709678,2.4173331579567576,0.463430805346746,0.6184117346427782,0.9988106200615792,,False
silver,multiday_hold,Buy Tue_Close -> Sell Close+2d,Tue_Close,Close+2d,398,0.0005364037847795592,0.02207589524883165,-0.8117663237855064,0.41741217238350314,0.4623115577889447,0.24298166789315054,171,0.005081111231774613,0.02777521487637903,1.7112004878580946,0.08886801482570894,0.5321637426900585,1.8293688291483785,0.4574925849109942,0.6054215041845071,0.9988106200615792,,False
silver,multiday_hold,Buy Wed_Close -> Sell Close+2d,Wed_Close,Close+2d,396,-0.0007832302334137185,0.02409818385646462,-1.8301162968172529,0.0679859690258514,0.45454545454545453,-0.32501629088683703,170,0.0027068505802888064,0.02939068281005664,0.5622045476060376,0.5747215832700565,0.5176470588235295,0.9209893481489994,0.4429749261259742,0.5915392522985227,0.9988106200615792,,False
silver,multiday_hold,Buy Thu_Close -> Sell Close+2d,Thu_Close,Close+2d,390,0.000729994190226658,0.02718586238272115,-0.5120599354658936,0.6088996455486025,0.49743589743589745,0.26851978427236844,168,0.0028725476061849274,0.030289563389165993,0.6129764613176447,0.5407257797070176,0.4880952380952381,0.9483621699256264,0.41362336275402384,0.5630993865686083,0.9988106200615792,,False
silver,multiday_hold,Buy Fri_Close -> Sell Close+2d,Fri_Close,Close+2d,388,0.0014880599409856882,0.025725445038648223,0.039958490368238404,0.9681468252441201,0.4793814432989691,0.5784389497441635,167,0.002404968194371773,0.0262142491162796,0.47633549846004036,0.6344617396073535,0.5029940119760479,0.9174278399903651,0.427950794242397,0.5779025810479304,0.9988106200615792,,False
silver,multiday_hold,Buy Mon_Close -> Sell Close+3d,Mon_Close,Close+3d,359,-9.25547492686586e-05,0.029044327717739266,-1.474154384398711,0.1413188101520927,0.4373259052924791,-0.031866721160885875,155,0.00831503490818884,0.03350673170777123,2.275774334628296,0.024238328673358404,0.567741935483871,2.4816013034957782,0.48904533597202143,0.6431618440110561,0.9988106200615792,,False
silver,multiday_hold,Buy Tue_Close -> Sell Close+3d,Tue_Close,Close+3d,398,0.00021128902636895935,0.02774292276911617,-1.4069768830098026,0.1602166092024262,0.47738693467336685,0.07615961307586863,171,0.005389910647198217,0.03506565395519642,1.1971307367514366,0.2329222720580142,0.52046783625731,1.5370911530938325,0.4459642912960303,0.5940719472192887,0.9988106200615792,,False
silver,multiday_hold,Buy Wed_Close -> Sell Close+3d,Wed_Close,Close+3d,396,0.0004851340750718693,0.032781240982323274,-1.0217014859295555,0.30754753557726655,0.45707070707070707,0.1479913696169921,170,0.005603771248757818,0.0356176597926269,1.2531624177305674,0.2118776334126899,0.49411764705882355,1.5733125874591676,0.4199252194213575,0.5685700544371436,0.9988106200615792,,False
silver,multiday_hold,Buy Thu_Close -> Sell Close+3d,Thu_Close,Close+3d,390,0.0005783999929022309,0.031995956015609166,-0.9813053652359578,0.32705208842359507,0.44871794871794873,0.18077284286178527,168,0.003744940857366353,0.0369107364424953,0.5512876542038494,0.5821733396419473,0.5,1.0145939144835934,0.4252412688200498,0.5747587311799502,0.9988106200615792,,False
silver,multiday_hold,Buy Fri_Close -> Sell Close+3d,Fri_Close,Close+3d,387,0.002304879376784529,0.031188684475961036,0.08475638650250318,0.9324990084723783,0.4806201550387597,0.7390114124759048,167,0.005026625998511645,0.03049911654683751,1.2066177791417672,0.2292961054436418,0.5149700598802395,1.648121836838209,0.4396890875605082,0.5895777888911289,0.9988106200615792,,False
silver,multiday_hold,Buy Mon_Close -> Sell Close+5d,Mon_Close,Close+5d,359,0.0007670601453579224,0.042060349269116594,-1.2651758381615892,0.206631166706215,0.467966573816156,0.1823713208965545,155,0.011853477624670518,0.04489405351474433,2.2871056148418454,0.02355166916861123,0.5870967741935483,2.640322425057372,0.5083923688988405,0.6615882910794018,0.9988106200615792,,False
silver,multiday_hold,Buy Tue_Close -> Sell Close+5d,Tue_Close,Close+5d,397,0.0008958769647576445,0.03754562731774331,-1.4223572752966673,0.15570974904689047,0.44584382871536526,0.23861020011091172,171,0.009290237880646729,0.04553959586776992,1.6350385783597596,0.10389125936378639,0.5321637426900585,2.040035205323765,0.4574925849109942,0.6054215041845071,0.9988106200615792,,False
silver,multiday_hold,Buy Wed_Close -> Sell Close+5d,Wed_Close,Close+5d,395,0.000986844940787362,0.04052376430588415,-1.269936462506615,0.20485675481743598,0.4531645569620253,0.24352252503947905,170,0.0095551930542454,0.04240006701660649,1.8321691156894218,0.06868638484483201,0.5352941176470588,2.2535797055469264,0.46036803535784754,0.608660321491146,0.9988106200615792,,False
silver,multiday_hold,Buy Thu_Close -> Sell Close+5d,Thu_Close,Close+5d,390,0.0007618988623744541,0.04019585403617285,-1.3825220386948476,0.16760465710231778,0.4641025641025641,0.18954662878634443,168,0.007709496116105277,0.045879172089468005,1.163303360526817,0.24636591788522116,0.5297619047619048,1.6803912897711302,0.4544674219942754,0.6037257046991444,0.9988106200615792,,False
silver,multiday_hold,Buy Fri_Close -> Sell Close+5d,Fri_Close,Close+5d,387,0.002245860819580512,0.03864595566294834,-0.6779940041615812,0.49818170339694406,0.4883720930232558,0.5811373482824033,167,0.00804308198846048,0.04281454339720739,1.3432191328355536,0.18103451930896525,0.5209580838323353,1.8785864218711013,0.44557401886965725,0.5953996081626346,0.9988106200615792,,False
silver,multiday_hold,Buy Mon_Close -> Sell Close+10d,Mon_Close,Close+10d,359,0.0030051670711008713,0.0552876859992475,-1.3103892785390043,0.19090425967548236,0.4456824512534819,0.54355088602221,154,0.019311814100678597,0.06376942256623329,2.4202785661737685,0.01668033169924736,0.564935064935065,3.0283815226052315,0.4859953973911266,0.6407139111815183,0.9988106200615792,,False
silver,multiday_hold,Buy Tue_Close -> Sell Close+10d,Tue_Close,Close+10d,396,0.0020353896840838914,0.05248840051264438,-1.8170517690835908,0.06996683052558676,0.44191919191919193,0.3877789500546066,171,0.018043145816758973,0.06393222388764443,2.2859675315066426,0.023490501030702063,0.5029239766081871,2.8222302806904236,0.4287463843461108,0.5769730782989346,0.9988106200615792,,False
silver,multiday_hold,Buy Wed_Close -> Sell Close+10d,Wed_Close,Close+10d,394,0.0006649010292020312,0.05517565597426739,-2.216580082882267,0.02722371483801201,0.43908629441624364,0.12050623005046376,170,0.018922590719793967,0.06273705289058872,2.5048880438416683,0.013195953947519592,0.5352941176470588,3.0161746285395843,0.46036803535784754,0.608660321491146,0.831835731161478,,False
silver,multiday_hold,Buy Thu_Close -> Sell Close+10d,Thu_Close,Close+10d,389,0.0012044930535399967,0.055015925303033904,-2.0156353090687946,0.04452708746907827,0.43444730077120824,0.21893534406728843,168,0.01612663314026072,0.05970615290355848,2.011265306657369,0.045905809456955174,0.5773809523809523,2.7010002078528785,0.5017727861422681,0.6495293432606237,0.9988106200615792,,False
silver,multiday_hold,Buy Fri_Close -> Sell Close+10d,Fri_Close,Close+10d,387,0.0038980583147587193,0.055081321888994124,-1.0472825522724343,0.29562460598547446,0.4470284237726098,0.7076914970585693,166,0.016336702611224645,0.057300442987126984,2.1302115924385387,0.03463642213202305,0.5240963855421686,2.8510604385545184,0.44843914393929696,0.59866356823487,0.9988106200615792,,False
silver,multiday_hold,Buy Mon_Close -> Sell Close+20d,Mon_Close,Close+20d,357,0.00599627203193521,0.07966720237055154,-1.5955019250750309,0.11148735358869201,0.40896358543417366,0.752665068373443,154,0.03588160623928536,0.08264457658718558,3.464618045880811,0.0006890665687956175,0.5584415584415584,4.341677061099369,0.4795370706772326,0.6345013070381478,0.9988106200615792,,False
silver,multiday_hold,Buy Tue_Close -> Sell Close+20d,Tue_Close,Close+20d,395,0.003683842487627011,0.0768509417232391,-2.3372717829613623,0.01992513363286216,0.40253164556962023,0.4793490365926182,170,0.03480564880996124,0.08287453214618212,3.462388799529505,0.0006782151861690671,0.5882352941176471,4.199800337764522,0.5130985211097917,0.6594723710126923,0.7024886857739864,,False
silver,multiday_hold,Buy Wed_Close -> Sell Close+20d,Wed_Close,Close+20d,393,0.002266516572485902,0.07677299323711777,-2.6992133306666055,0.007251120302562143,0.40458015267175573,0.29522316076509303,169,0.033545588867929695,0.08394111610554378,3.2136980661319345,0.001571191072177964,0.591715976331361,3.9963239023115897,0.5163717832583056,0.6629831868414852,0.33090919330934926,,False
silver,multiday_hold,Buy Thu_Close -> Sell Close+20d,Thu_Close,Close+20d,388,0.003027110724730959,0.0783862888327423,-2.435862206206012,0.015306813524743513,0.41494845360824745,0.3861785995749962,167,0.030156363398275623,0.0788849669845583,2.8457102194556954,0.004990016143908171,0.5329341317365269,3.822827662991698,0.4573755173630554,0.6070116108305461,0.584635238792287,,False
silver,multiday_hold,Buy Fri_Close -> Sell Close+20d,Fri_Close,Close+20d,385,0.004820588896366181,0.07750289653758201,-2.000594092978152,0.046139729239838057,0.4155844155844156,0.6219882238889773,166,0.03177383448260392,0.07916864449070297,3.0893969862779294,0.0023541962545841825,0.5783132530120482,4.013436719424345,0.5022512725034518,0.6508325420625909,0.9988106200615792,,False
silver,vix_regime,[vix_high] Buy Mon_Close -> Sell Close+2d,Mon_Close,Close+2d,186,0.0007190977373280131,0.02886597572992717,-0.425329400296364,0.6710909008938182,0.44623655913978494,0.24911603337297875,81,3.9707635858767526e-05,0.021678103936483353,-0.6527469270034749,0.5157908577589873,0.43209876543209874,0.018316932133506943,0.329719027705932,0.540627594705715,0.9988106200615792,vix_high,False
silver,vix_regime,[vix_high] Buy Tue_Close -> Sell Close+2d,Tue_Close,Close+2d,204,0.0007911568652706873,0.024022908984920436,-0.4926250898866252,0.6228099095593322,0.44607843137254904,0.3293343307287678,88,0.0028221979958980657,0.025885068945870657,0.43256329119529713,0.6664024324781621,0.5227272727272727,1.0902802699887264,0.4196177626380677,0.6239354855631831,0.9988106200615792,vix_high,False
silver,vix_regime,[vix_high] Buy Wed_Close -> Sell Close+2d,Wed_Close,Close+2d,205,0.0002781784178970046,0.028176548323566104,-0.6810698704158819,0.4965996378369685,0.4585365853658537,0.09872693230644711,89,0.0010147265334838143,0.02807671066763483,-0.2028189270472949,0.8397447690196697,0.4606741573033708,0.361412184459888,0.3608954818482133,0.563707282429869,0.9988106200615792,vix_high,False
silver,vix_regime,[vix_high] Buy Thu_Close -> Sell Close+2d,Thu_Close,Close+2d,190,0.002068962699693562,0.03286617988426316,0.18706179230447056,0.8518128375861022,0.5,0.6295111591853162,82,0.0025952540354362333,0.031085427133504557,0.28185030293671365,0.7787771498924795,0.43902439024390244,0.8348780360296261,0.33673363578460386,0.546772729427601,0.9988106200615792,vix_high,False
silver,vix_regime,[vix_high] Buy Fri_Close -> Sell Close+2d,Fri_Close,Close+2d,179,0.003358213831525392,0.03135831728090598,0.738788683776895,0.4610083669748862,0.5027932960893855,1.0709164657793044,77,0.00439691951862419,0.0275579594072041,0.8779050167086748,0.38276221661034643,0.5064935064935064,1.595517089510903,0.39719817534305907,0.6151716936352885,0.9988106200615792,vix_high,False
silver,vix_regime,[vix_low] Buy Mon_Close -> Sell Close+2d,Mon_Close,Close+2d,172,0.0015532302434291393,0.017756586047765928,0.22342080261661804,0.8234746960252639,0.4883720930232558,0.8747347261747769,75,0.007772347917571459,0.02431630946884549,2.3074486305158715,0.02382846916559008,0.5733333333333334,3.196351785014718,0.46052588692688007,0.6789943663404308,0.9988106200615792,vix_low,False
silver,vix_regime,[vix_low] Buy Tue_Close -> Sell Close+2d,Tue_Close,Close+2d,193,0.00015331230078058077,0.019635564422866743,-0.7738048029377004,0.43999795500084804,0.45595854922279794,0.07807888659520262,84,0.007655000342509776,0.029591163096312854,1.9719969135978979,0.05194051033544392,0.5833333333333334,2.58692107423909,0.4765244867612664,0.6828533023500432,0.9988106200615792,vix_low,False
silver,vix_regime,[vix_low] Buy Wed_Close -> Sell Close+2d,Wed_Close,Close+2d,190,-0.0008567087944658497,0.017820882202557942,-1.625083253002352,0.10581121386824931,0.4631578947368421,-0.4807330999263779,82,0.002017595853863787,0.03209532361999732,0.21528676506726183,0.8300849013433178,0.5609756097560976,0.6286261131845088,0.45322727057239914,0.6632663642153962,0.9988106200615792,vix_low,False
silver,vix_regime,[vix_low] Buy Thu_Close -> Sell Close+2d,Thu_Close,Close+2d,200,0.0004595627442216835,0.0206779902719375,-0.5391431137787909,0.5903907751227649,0.515,0.22224729684942596,86,0.0008076678992509247,0.029037403002808732,-0.14039589467000108,0.8886793673988821,0.47674418604651164,0.27814742908406803,0.37445361147407896,0.5810235839454149,0.9988106200615792,vix_low,False
silver,vix_regime,[vix_low] Buy Fri_Close -> Sell Close+2d,Fri_Close,Close+2d,209,-0.0007151180460670868,0.019448511333533893,-1.4571395512161271,0.14658587983695945,0.45933014354066987,-0.3676980894851587,90,0.002097483760149408,0.02490075121563694,0.3211367341108395,0.7488596829012392,0.5111111111111111,0.8423375431469914,0.40951565938168355,0.6117968502089457,0.9988106200615792,vix_low,False
silver,vix_regime,[vix_high] Buy Mon_Close -> Sell Close+3d,Mon_Close,Close+3d,186,0.0009936658107120655,0.03356004241610439,-0.5209879800865177,0.60299818489043,0.44623655913978494,0.29608598177314494,81,0.0028745855036015427,0.02925794523360019,0.18202920667239642,0.8560202603716813,0.5432098765432098,0.9824973970832145,0.43523822983845284,0.6472684649904988,0.9988106200615792,vix_high,False
silver,vix_regime,[vix_high] Buy Tue_Close -> Sell Close+3d,Tue_Close,Close+3d,204,0.00012317403462219659,0.031667156249506924,-0.97002167525781,0.3331900196170925,0.46568627450980393,0.03889646220573231,88,0.002230463104210519,0.03239429891185475,-0.014016506490642892,0.9888489050162957,0.48863636363636365,0.6885356927401436,0.38687686309205005,0.5913465128073245,0.9988106200615792,vix_high,False
silver,vix_regime,[vix_high] Buy Wed_Close -> Sell Close+3d,Wed_Close,Close+3d,205,0.0029015880803866696,0.03864315033074035,0.23006135231879188,0.8182746222771315,0.47804878048780486,0.7508673737913332,89,0.0036490850108237584,0.036821505970960615,0.3490133225424732,0.7279130273584032,0.449438202247191,0.9910200342434716,0.3503221712111898,0.552738525717773,0.9988106200615792,vix_high,False
silver,vix_regime,[vix_high] Buy Thu_Close -> Sell Close+3d,Thu_Close,Close+3d,190,0.001964600680571875,0.03849503499816551,-0.11233242364497559,0.910679050951275,0.45789473684210524,0.5103517065682621,82,0.003716216615490538,0.03712170210331527,0.34841245721396485,0.7284343852263958,0.43902439024390244,1.0010900376140481,0.33673363578460386,0.546772729427601,0.9988106200615792,vix_high,False
silver,vix_regime,[vix_high] Buy Fri_Close -> Sell Close+3d,Fri_Close,Close+3d,179,0.00357317185153506,0.03834217175296428,0.45027443101828757,0.6530604996877444,0.4748603351955307,0.931916917632297,77,0.0035224551358351247,0.03013162013928685,0.3597199466410371,0.7200542193164786,0.5064935064935064,1.1690228137591587,0.39719817534305907,0.6151716936352885,0.9988106200615792,vix_high,False
silver,vix_regime,[vix_low] Buy Mon_Close -> Sell Close+3d,Mon_Close,Close+3d,172,0.00039947008723368487,0.023851076084823956,-0.9112000306962309,0.3634726960211929,0.4476744186046512,0.16748514231098408,75,0.01025641512257945,0.03690333307096724,1.9102834224024803,0.05997161660080265,0.56,2.779265250338166,0.44746569425928456,0.6666872402321515,0.9988106200615792,vix_low,False
silver,vix_regime,[vix_low] Buy Tue_Close -> Sell Close+3d,Tue_Close,Close+3d,193,0.001212534421285915,0.02329344794805106,-0.5049834960581431,0.6141495565923326,0.48186528497409326,0.5205474191670136,84,0.006551670876477448,0.03709819346890068,1.102693398585443,0.273347407140849,0.5595238095238095,1.7660350178424988,0.4530690997323842,0.6607721782042654,0.9988106200615792,vix_low,False
silver,vix_regime,[vix_low] Buy Wed_Close -> Sell Close+3d,Wed_Close,Close+3d,190,-0.0010318610137472913,0.02357577397803792,-1.8037958795551348,0.07285572905060064,0.4421052631578947,-0.43767853166073123,82,0.005136752148618206,0.03645351756336216,0.7592625973441485,0.4498994563015871,0.5365853658536586,1.4091238629275469,0.42944534622716574,0.6404508346455114,0.9988106200615792,vix_low,False
silver,vix_regime,[vix_low] Buy Thu_Close -> Sell Close+3d,Thu_Close,Close+3d,200,0.00030095287103732734,0.024507637604935083,-1.013347513510746,0.31212469033753865,0.465,0.12279962511634523,86,0.0013550185498031558,0.03639416997828308,-0.1789545218956194,0.8583992812497256,0.4883720930232558,0.3723174757417781,0.38550397038221695,0.59223462732753,0.9988106200615792,vix_low,False
silver,vix_regime,[vix_low] Buy Fri_Close -> Sell Close+3d,Fri_Close,Close+3d,208,0.0008097554001909358,0.023445706607998912,-0.7680993674768453,0.4433034947014941,0.46153846153846156,0.3453747049426412,90,0.007246432560480693,0.030288257531102144,1.6149857485105668,0.10985359768202464,0.5555555555555556,2.392489086914141,0.4527174112548652,0.6538451366982815,0.9988106200615792,vix_low,False
silver,vix_regime,[vix_high] Buy Mon_Close -> Sell Close+5d,Mon_Close,Close+5d,186,0.0035661733232165756,0.04946536002927683,-0.07170708534070037,0.9429124786812895,0.478494623655914,0.7209435696224351,81,0.004526508331953617,0.04503567986864964,0.13893414257693196,0.8898513407054031,0.4691358024691358,1.005093815649183,0.3643319191569785,0.5767347273937701,0.9988106200615792,vix_high,False
silver,vix_regime,[vix_high] Buy Tue_Close -> Sell Close+5d,Tue_Close,Close+5d,204,0.003133578617009902,0.04240214218418292,-0.23298576193641715,0.8160072105538113,0.46078431372549017,0.7390142232433734,88,0.004646687065759509,0.04594732962413741,0.1664068411074764,0.8682229228475107,0.45454545454545453,1.0113073172632159,0.3545923104525652,0.5583011931449331,0.9988106200615792,vix_high,False
silver,vix_regime,[vix_high] Buy Wed_Close -> Sell Close+5d,Wed_Close,Close+5d,205,0.0037470409295857713,0.0472218497969441,-0.02417109592561565,0.9807397603131581,0.45365853658536587,0.7934972784205198,89,0.0044170950589932315,0.0433550327643722,0.12768996779246036,0.8986856726789011,0.4943820224719101,1.018819448943667,0.39291271906748554,0.5963162472579547,0.9988106200615792,vix_high,False
silver,vix_regime,[vix_high] Buy Thu_Close -> Sell Close+5d,Thu_Close,Close+5d,190,0.0018723852667597617,0.047629972084147584,-0.5641593437731635,0.5733145522485551,0.4421052631578947,0.39311072100815636,82,0.004205008660221154,0.04278044652116907,0.07953356170361263,0.9368044050420632,0.5,0.9829277163202089,0.39422642728441165,0.6057735727155883,0.9988106200615792,vix_high,False
silver,vix_regime,[vix_high] Buy Fri_Close -> Sell Close+5d,Fri_Close,Close+5d,179,0.0051854767773524294,0.04460033346805491,0.4063857220051127,0.6849473744482663,0.5251396648044693,1.1626542615576043,77,0.005414053144157826,0.042756552592028,0.3235995046858503,0.7471300538739025,0.5584415584415584,1.2662510927429826,0.44738036790961955,0.6639484528955104,0.9988106200615792,vix_high,False
silver,vix_regime,[vix_low] Buy Mon_Close -> Sell Close+5d,Mon_Close,Close+5d,172,0.0005881825136508405,0.03074935041175924,-1.1666406567960532,0.24497992636517854,0.5174418604651163,0.19128290704505627,75,0.013087210915372717,0.047683860107951295,1.7599635742086461,0.08254650394783225,0.5733333333333334,2.74457874965337,0.46052588692688007,0.6789943663404308,0.9988106200615792,vix_low,False
silver,vix_regime,[vix_low] Buy Tue_Close -> Sell Close+5d,Tue_Close,Close+5d,193,-6.349381385489596e-05,0.031568961651893934,-1.4901446783686303,0.13782712403059236,0.43523316062176165,-0.020112734322728903,83,0.010944453482126672,0.045336197156317454,1.5206014526945273,0.13220669443281366,0.5903614457831325,2.4140651771895687,0.48285572426842,0.6898725534233776,0.9988106200615792,vix_low,False
silver,vix_regime,[vix_low] Buy Wed_Close -> Sell Close+5d,Wed_Close,Close+5d,189,-0.0006185708221575632,0.03182034761014414,-1.7020728386441932,0.09039467270102772,0.4444444444444444,-0.1943947406659902,82,0.01182721470006127,0.041059029980064984,1.8622333113586875,0.06619636006994638,0.5853658536585366,2.8805392396760543,0.477254991169574,0.6858360975333392,0.9988106200615792,vix_low,False
silver,vix_regime,[vix_low] Buy Thu_Close -> Sell Close+5d,Thu_Close,Close+5d,200,0.00028624656462196364,0.03172772871806563,-1.3539730775809877,0.17728058733901778,0.485,0.09021968359776604,86,0.009703752094009786,0.048379518056473475,1.2143428951714712,0.22797978069854544,0.5697674418604651,2.0057562546783916,0.4643601257321767,0.6692082880093415,0.9988106200615792,vix_low,False
silver,vix_regime,[vix_low] Buy Fri_Close -> Sell Close+5d,Fri_Close,Close+5d,208,-5.9167013039477814e-05,0.0316795355193469,-1.5398933357777214,0.1251135977182623,0.44711538461538464,-0.018676729967629774,90,0.009772968141294806,0.04417444006700561,1.3756541751357385,0.17238105154720285,0.5444444444444444,2.2123581253029503,0.4418444949284148,0.6434055434341024,0.9988106200615792,vix_low,False
silver,vix_regime,[vix_high] Buy Mon_Close -> Sell Close+10d,Mon_Close,Close+10d,186,0.00826517566322431,0.06291886307219606,0.1491221599691761,0.8816196729552285,0.489247311827957,1.3136244457787578,81,0.010951269484831478,0.06271266932552609,0.4814834301623857,0.6314874063620844,0.48148148148148145,1.7462610988516727,0.37599458014162646,0.5886454077888226,0.9988106200615792,vix_high,False
silver,vix_regime,[vix_high] Buy Tue_Close -> Sell Close+10d,Tue_Close,Close+10d,204,0.007152658446739517,0.058528194299857,-0.10289872337082535,0.9181449285284715,0.47058823529411764,1.2220876677135062,88,0.010675168472742297,0.06211155283982227,0.4655035750677769,0.642734074855913,0.48863636363636365,1.7187089977080736,0.38687686309205005,0.5913465128073245,0.9988106200615792,vix_high,False
silver,vix_regime,[vix_high] Buy Wed_Close -> Sell Close+10d,Wed_Close,Close+10d,205,0.006636530949968637,0.06151159927875037,-0.2179924965524498,0.8276528580936529,0.43902439024390244,1.0789072350231146,89,0.006741039040341538,0.06212407539831214,-0.1259827638767712,0.9000329559585746,0.4943820224719101,1.0850928560499247,0.39291271906748554,0.5963162472579547,0.9988106200615792,vix_high,False
silver,vix_regime,[vix_high] Buy Thu_Close -> Sell Close+10d,Thu_Close,Close+10d,190,0.004262718270927311,0.06352111740060769,-0.7169458907463034,0.47429254461826964,0.4263157894736842,0.6710710461914089,82,0.007192696917920551,0.0584323692572745,-0.05893837013165497,0.9531463613326179,0.5487804878048781,1.23094391162739,0.44130583571145193,0.6518890721187844,0.9988106200615792,vix_high,False
silver,vix_regime,[vix_high] Buy Fri_Close -> Sell Close+10d,Fri_Close,Close+10d,179,0.009557771049623662,0.06332570830774899,0.4176621253077535,0.6766975324206138,0.48044692737430167,1.5093034574797017,77,0.0073718244185761745,0.05456484131741171,-0.03251773012082654,0.974144425849274,0.4935064935064935,1.3510209579265864,0.38482830636471144,0.6028018246569409,0.9988106200615792,vix_high,False
silver,vix_regime,[vix_low] Buy Mon_Close -> Sell Close+10d,Mon_Close,Close+10d,172,6.97570369875511e-05,0.04382028416154961,-1.796150554059161,0.07423591516319761,0.43023255813953487,0.015918891974863063,74,0.02184460321671333,0.06792094085983122,1.9819887159793936,0.05124561401793991,0.581081081081081,3.2161808921042696,0.4674007862451828,0.686758429392728,0.9988106200615792,vix_low,False
silver,vix_regime,[vix_low] Buy Tue_Close -> Sell Close+10d,Tue_Close,Close+10d,192,-0.0010380870720980027,0.0453718864945737,-2.1708175737054707,0.031178487332253084,0.421875,-0.22879521930880123,83,0.020387323116501665,0.06572220505968802,1.9701040758707635,0.05220182032329448,0.5301204819277109,3.1020449021736525,0.42380777365590233,0.6337683189080303,0.9121365974861274,vix_low,False
silver,vix_regime,[vix_low] Buy Wed_Close -> Sell Close+10d,Wed_Close,Close+10d,189,-0.00139245745990285,0.04761975784675756,-2.154072173379551,0.03250729039560512,0.4497354497354497,-0.29241170532278604,81,0.021994377388373405,0.0637589372731496,2.2312910755315074,0.028460688512649792,0.5432098765432098,3.4496148036701606,0.43523822983845284,0.6472684649904988,0.9311984227907716,vix_low,False
silver,vix_regime,[vix_low] Buy Thu_Close -> Sell Close+10d,Thu_Close,Close+10d,199,-0.00031439213183238814,0.04625459467826501,-1.947902122036614,0.052840352163022464,0.4472361809045226,-0.06796992472190459,86,0.0214031230334864,0.059167804677218945,2.3862986023513684,0.019239233875258152,0.6046511627906976,3.617359668868554,0.4989752669878401,0.7013773536244373,0.9988106200615792,vix_low,False
silver,vix_regime,[vix_low] Buy Fri_Close -> Sell Close+10d,Fri_Close,Close+10d,207,9.65163856096122e-05,0.04585291501414744,-1.8756483267538184,0.062118150865166914,0.42028985507246375,0.021049127537438587,90,0.02135545345934138,0.06013774811128393,2.3949402044111423,0.01871969010200966,0.5777777777777777,3.5510896450301828,0.4746099802268749,0.6745775869075303,0.9988106200615792,vix_low,False
silver,vix_regime,[vix_high] Buy Mon_Close -> Sell Close+20d,Mon_Close,Close+20d,186,0.018356627280245202,0.09157526460045604,0.5442520370137599,0.5869234109490928,0.44086021505376344,2.0045399115509395,81,0.014117784490555623,0.07888219420231508,-0.06514479545925417,0.9482212304315035,0.5308641975308642,1.789730196189356,0.42326527260622987,0.6356680808430215,0.9988106200615792,vix_high,False
silver,vix_regime,[vix_high] Buy Tue_Close -> Sell Close+20d,Tue_Close,Close+20d,204,0.014894558437986071,0.08560671828500008,0.0336599025718063,0.9731814269288025,0.4117647058823529,1.7398819551053717,88,0.014805432386999657,0.07613695963473252,0.013857673439883545,0.9889752594045584,0.5795454545454546,1.9445788823232237,0.4752056286962684,0.6772307400081098,0.9988106200615792,vix_high,False
silver,vix_regime,[vix_high] Buy Wed_Close -> Sell Close+20d,Wed_Close,Close+20d,205,0.013380750659934462,0.08425387365706208,-0.2223387078533554,0.8242726592025484,0.40487804878048783,1.5881466428947864,89,0.01145341501113484,0.08078744307547073,-0.37609288788291917,0.7077530181567254,0.5168539325842697,1.417722182447981,0.4145040372503965,0.6178090637732825,0.9988106200615792,vix_high,False
silver,vix_regime,[vix_high] Buy Thu_Close -> Sell Close+20d,Thu_Close,Close+20d,190,0.01481019939338962,0.08810106456035255,0.018395137910831975,0.9853430358077545,0.4263157894736842,1.681046587495441,82,0.010526232244747101,0.07967071790045199,-0.4706214923191096,0.6391759173356306,0.47560975609756095,1.3212171952434963,0.37104798284402096,0.5823545632408609,0.9988106200615792,vix_high,False
silver,vix_regime,[vix_high] Buy Fri_Close -> Sell Close+20d,Fri_Close,Close+20d,179,0.01831983522356359,0.08616258183968523,0.561695625547787,0.5750299607387531,0.4748603351955307,2.1261938572882624,77,0.008728567522537766,0.07569009608973308,-0.6868897645606437,0.4942428252792405,0.4675324675324675,1.1531981029842746,0.36029890673598886,0.5778517483722723,0.9988106200615792,vix_high,False
silver,vix_regime,[vix_low] Buy Mon_Close -> Sell Close+20d,Mon_Close,Close+20d,170,-0.0019032459703108501,0.05740411711209866,-2.8650364766443097,0.004699141183573472,0.3764705882352941,-0.3315521718754414,74,0.04637993342355469,0.0948794843712622,3.208704541520311,0.001981608533385934,0.581081081081081,4.888299481273592,0.4674007862451828,0.686758429392728,0.2393081158301305,vix_low,False
silver,vix_regime,[vix_low] Buy Tue_Close -> Sell Close+20d,Tue_Close,Close+20d,191,-0.002891038317231016,0.06484938996196386,-2.8990215965048955,0.004183913152942491,0.39267015706806285,-0.4458080976438943,82,0.043693883262098505,0.09111246251247138,3.2543720896601984,0.001659162716990753,0.6097560975609756,4.795598983631655,0.5015337111477397,0.7081548314702916,0.22210481458050188,vix_low,False
silver,vix_regime,[vix_low] Buy Wed_Close -> Sell Close+20d,Wed_Close,Close+20d,187,-0.004730634738052654,0.06551678465144557,-3.2220607544148496,0.001502703033285138,0.39037433155080214,-0.7220492829768741,81,0.04545884452352294,0.08893212312065697,3.4910234997642178,0.0007860973001577573,0.6666666666666666,5.111633786348214,0.5585263111530069,0.7597137974729501,0.13774777805113766,vix_low,False
silver,vix_regime,[vix_low] Buy Thu_Close -> Sell Close+20d,Thu_Close,Close+20d,198,-0.005244070900809241,0.06537544599186007,-3.4333685307874644,0.0007266074220110592,0.40404040404040403,-0.8021468643536571,85,0.042021985391230345,0.07903063133014941,3.626843517927365,0.0004912156620199976,0.5882352941176471,5.317176983653852,0.48200820902440994,0.6868316137613121,0.10856563909615387,vix_low,False
silver,vix_regime,[vix_low] Buy Fri_Close -> Sell Close+20d,Fri_Close,Close+20d,206,-0.0031398427856221853,0.06674193683136498,-2.9792693561230497,0.0032381633054240733,0.3737864077669903,-0.4704452604597826,89,0.042986973694360796,0.08275214751710988,3.654640195473359,0.0004373821121672977,0.6179775280898876,5.1946656351695015,0.5141392792900943,0.7120524278756588,0.20238520658900458,vix_low,False
silver,trend_regime,[trend_up] Buy Mon_Close -> Sell Close+2d,Mon_Close,Close+2d,182,0.0011488350904395766,0.02649912716405213,0.029795265160013105,0.9762631625425595,0.45054945054945056,0.43353695513339385,79,0.004981626178295496,0.025691213888861524,1.3377569937002372,0.18486310612167975,0.5443037974683544,1.939038848006824,0.4349813769749742,0.6495172324193399,0.9988106200615792,trend_up,False
silver,trend_regime,[trend_up] Buy Tue_Close -> Sell Close+2d,Tue_Close,Close+2d,201,0.0005431708737529952,0.024207288457317275,-0.3195496484449795,0.7496432870361344,0.4626865671641791,0.22438319546227736,87,0.0064986738102506755,0.0301252583275953,1.6649351394589462,0.09956497071382521,0.5517241379310345,2.1572176210345617,0.447243599475858,0.6518299527292991,0.9988106200615792,trend_up,False
silver,trend_regime,[trend_up] Buy Wed_Close -> Sell Close+2d,Wed_Close,Close+2d,201,-0.0020066003698345877,0.024713231382078565,-1.772113107167583,0.07789829793706667,0.4427860696517413,-0.8119538634230267,87,0.0002719023432165092,0.03194650091917381,-0.23752528917703888,0.8128142512325979,0.4942528735632184,0.085111776060995,0.39168097748132213,0.5973108500514384,0.9988106200615792,trend_up,False
silver,trend_regime,[trend_up] Buy Thu_Close -> Sell Close+2d,Thu_Close,Close+2d,199,6.192440818431233e-05,0.028319412481675434,-0.5109002248235713,0.6099901026864554,0.4723618090452261,0.021866416976122505,86,0.0012024722998005865,0.02940466833939469,0.035218050192170475,0.9719884437746357,0.4418604651162791,0.4089392493468743,0.3416256631747516,0.547067325373983,0.9988106200615792,trend_up,False
silver,trend_regime,[trend_up] Buy Fri_Close -> Sell Close+2d,Fri_Close,Close+2d,196,0.0016491305234243982,0.025030023560217923,0.31185589489542165,0.7554832283585695,0.5,0.6588609553070833,85,0.0022704213175362936,0.026184428726679726,0.41312262267718397,0.6805694665373351,0.5176470588235295,0.8670883528663452,0.41297360126349636,0.6207943632936481,0.9988106200615792,trend_up,False
silver,trend_regime,[trend_down] Buy Mon_Close -> Sell Close+2d,Mon_Close,Close+2d,171,0.0007974490193835467,0.021545213113556824,-0.6571682567314235,0.511961459126662,0.45614035087719296,0.3701281649805406,74,0.0032184174896090793,0.02069625594547216,0.5511407787398148,0.5832201550927681,0.47297297297297297,1.5550723271342184,0.36338517790283736,0.5852284168845255,0.9988106200615792,trend_down,False
silver,trend_regime,[trend_down] Buy Tue_Close -> Sell Close+2d,Tue_Close,Close+2d,189,0.0013050016198365435,0.019133757115843832,-0.4144689584968772,0.6790032210729363,0.48677248677248675,0.6820414892566649,82,0.0028250335777681677,0.025416486955323298,0.333439736895577,0.7396639868708623,0.4634146341463415,1.1114964797196274,0.35954916535448855,0.5705546537728343,0.9988106200615792,trend_down,False
silver,trend_regime,[trend_down] Buy Wed_Close -> Sell Close+2d,Wed_Close,Close+2d,187,0.0010182113771188763,0.023617348265362898,-0.49960521382461104,0.6179435630327613,0.48128342245989303,0.43112857789042336,81,0.004426760579785664,0.025353993148129934,0.8972421804493371,0.37228195470766046,0.5185185185185185,1.7459816108344155,0.4113545922111773,0.6240054198583734,0.9988106200615792,trend_down,False
silver,trend_regime,[trend_down] Buy Thu_Close -> Sell Close+2d,Thu_Close,Close+2d,184,0.0017605888457081738,0.02633031134600407,-0.06308741235106738,0.9497657524192591,0.5434782608695652,0.6686547768358855,79,0.004102103258350262,0.030812513436431092,0.6359500045111629,0.5266706378527983,0.5316455696202531,1.3313108217585885,0.42271215907094595,0.6376439904964211,0.9988106200615792,trend_down,False
silver,trend_regime,[trend_down] Buy Fri_Close -> Sell Close+2d,Fri_Close,Close+2d,184,0.0016068856213943567,0.02553287815433358,-0.14649229379250361,0.8836940237777253,0.42934782608695654,0.6293397914960979,79,0.0015411483900064765,0.027731436375666902,-0.10899265681109621,0.9134882247925569,0.4936708860759494,0.5557405570808317,0.38630084542959936,0.6016279246569272,0.9988106200615792,trend_down,False
silver,trend_regime,[trend_up] Buy Mon_Close -> Sell Close+3d,Mon_Close,Close+3d,182,0.00038192102750617596,0.03213650604784423,-0.49476274033587997,0.6213676311984285,0.4340659340659341,0.11884335743829122,79,0.007230231210166463,0.03706154148241838,1.3503206712062086,0.18081822810206244,0.5316455696202531,1.9508716909674175,0.42271215907094595,0.6376439904964211,0.9988106200615792,trend_up,False
silver,trend_regime,[trend_up] Buy Tue_Close -> Sell Close+3d,Tue_Close,Close+3d,201,-0.0011922233271701682,0.031103413238170192,-1.2530912479887393,0.2116355261268355,0.43283582089552236,-0.3833094837665818,87,0.003897040626784614,0.037604175641611434,0.5754149170575361,0.5665132665805879,0.5172413793103449,1.0363318860983854,0.4137493791703159,0.6192751382314033,0.9988106200615792,trend_up,False
silver,trend_regime,[trend_up] Buy Wed_Close -> Sell Close+3d,Wed_Close,Close+3d,201,-0.00023486368722844167,0.032266372252032674,-0.7883224319084597,0.43144151066633735,0.42786069651741293,-0.07278899697614628,87,0.004817067516980707,0.03704768241917291,0.8143554474408143,0.417690632498089,0.5057471264367817,1.300234509267921,0.4026891499485618,0.608319022518678,0.9988106200615792,trend_up,False
silver,trend_regime,[trend_up] Buy Thu_Close -> Sell Close+3d,Thu_Close,Close+3d,199,-1.6724103147964553e-05,0.03276090713236788,-0.6788367564088351,0.49803399134514714,0.44221105527638194,-0.005104896235135409,86,0.0020338423894350087,0.03768161542948058,0.11501615266815092,0.908703588335805,0.4883720930232558,0.5397439484093381,0.38550397038221695,0.59223462732753,0.9988106200615792,trend_up,False
silver,trend_regime,[trend_up] Buy Fri_Close -> Sell Close+3d,Fri_Close,Close+3d,196,0.002097679379394619,0.030850262109617343,0.24167874117989324,0.8092830611854244,0.49489795918367346,0.6799551238628481,84,0.0059247114103019955,0.03146523542661565,1.2626699273829936,0.21024382699808333,0.5476190476190477,1.8829388466264048,0.44142846686988807,0.6496445554794317,0.9988106200615792,trend_up,False
silver,trend_regime,[trend_down] Buy Mon_Close -> Sell Close+3d,Mon_Close,Close+3d,171,0.001594722056090411,0.025682168933040418,-0.699304819223748,0.4853172608318929,0.4678362573099415,0.6209452403526488,74,0.0053839863620685924,0.02955258568089722,0.6972860911146245,0.48783857468978814,0.5135135135135135,1.8218325869024719,0.40180918267194504,0.6238840199343734,0.9988106200615792,trend_down,False
silver,trend_regime,[trend_down] Buy Tue_Close -> Sell Close+3d,Tue_Close,Close+3d,189,0.0020938642104756373,0.024816835079346324,-0.485261708603068,0.628055710192176,0.5079365079365079,0.8437273341991318,82,0.00673490870708771,0.030054200297507216,1.1267872386232693,0.26315953538313064,0.5365853658536586,2.240920949623911,0.42944534622716574,0.6404508346455114,0.9988106200615792,trend_down,False
silver,trend_regime,[trend_down] Buy Wed_Close -> Sell Close+3d,Wed_Close,Close+3d,187,0.0015610329081894134,0.033119420342420984,-0.5810875230096849,0.5618849290782141,0.49732620320855614,0.47133461034339585,81,0.0065215969427244655,0.03505529017558091,0.9056288019868037,0.3678518441180487,0.4567901234567901,1.8603745426324645,0.352731535009501,0.564761770161547,0.9988106200615792,trend_down,False
silver,trend_regime,[trend_down] Buy Thu_Close -> Sell Close+3d,Thu_Close,Close+3d,184,0.0022442611111324045,0.03201844444463443,-0.30753859153044555,0.75878317084301,0.4782608695652174,0.7009275903497219,79,0.0031610990954451345,0.03441771270250736,0.04848133977295943,0.9614565611113116,0.46835443037974683,0.9184512413036807,0.36235600950357894,0.5772878409290539,0.9988106200615792,trend_down,False
silver,trend_regime,[trend_down] Buy Fri_Close -> Sell Close+3d,Fri_Close,Close+3d,184,0.002999438847452839,0.030946627322159553,0.01192206669829691,0.9905007794983967,0.46195652173913043,0.9692296405124151,79,0.003034067002372557,0.03115792652549718,0.017546089112344464,0.9860457695292075,0.46835443037974683,0.9737705106563227,0.36235600950357894,0.5772878409290539,0.9988106200615792,trend_down,False
silver,trend_regime,[trend_up] Buy Mon_Close -> Sell Close+5d,Mon_Close,Close+5d,182,-0.0003391460379326845,0.04661318724818661,-0.9122690448457165,0.3628405669104894,0.43956043956043955,-0.07275753020855236,79,0.01008778910385468,0.049600193299899314,1.2938066812876472,0.19955026183909497,0.5316455696202531,2.0338205222025127,0.42271215907094595,0.6376439904964211,0.9988106200615792,trend_up,False
silver,trend_regime,[trend_up] Buy Tue_Close -> Sell Close+5d,Tue_Close,Close+5d,200,0.00175970601495058,0.03950045118077785,-0.3792399854373642,0.7049140146494658,0.47,0.4454901051375605,87,0.007526541272377858,0.04800544666700771,0.9088893278320288,0.3659486384735353,0.5402298850574713,1.567851524137689,0.4360264044396558,0.6410308028310219,0.9988106200615792,trend_up,False
silver,trend_regime,[trend_up] Buy Wed_Close -> Sell Close+5d,Wed_Close,Close+5d,200,0.0009964985270564971,0.037682450852318215,-0.6832495359948029,0.4952438841487774,0.45,0.2644463150663654,87,0.007062272432449625,0.044357573356482966,0.8865720795085952,0.3777818532241629,0.5632183908045977,1.5921232605970446,0.45851365231750213,0.6625762448221343,0.9988106200615792,trend_up,False
silver,trend_regime,[trend_up] Buy Thu_Close -> Sell Close+5d,Thu_Close,Close+5d,199,-0.0004752629015222209,0.04097309422223437,-1.1322372821436681,0.25890399775021466,0.4221105527638191,-0.11599390052028723,86,0.006884434750269259,0.05036458658173166,0.7437228619491841,0.45909507288447327,0.5232558139534884,1.3669197381571268,0.41897641605458513,0.625546388525921,0.9988106200615792,trend_up,False
silver,trend_regime,[trend_up] Buy Fri_Close -> Sell Close+5d,Fri_Close,Close+5d,196,0.0016562491142519703,0.039786321259961906,-0.4090232139957703,0.6829715009613619,0.47959183673469385,0.416286065612882,84,0.006815257913084627,0.04562491612063226,0.7974538778648639,0.42746298270180944,0.5119047619047619,1.4937579052342995,0.40684997372055176,0.6159182818667781,0.9988106200615792,trend_up,False
silver,trend_regime,[trend_down] Buy Mon_Close -> Sell Close+5d,Mon_Close,Close+5d,171,0.0032423334144948586,0.03678096739668977,-0.47194958240630186,0.6375679850444138,0.5263157894736842,0.8815247787057019,74,0.011447317174858761,0.039563220011227127,1.4844165583201965,0.1420037959213554,0.5675675675675675,2.8934240366709982,0.4541253909309131,0.6743406221006791,0.9988106200615792,trend_down,False
silver,trend_regime,[trend_down] Buy Tue_Close -> Sell Close+5d,Tue_Close,Close+5d,189,0.0012675205335313934,0.0360194067076557,-1.2585412104625702,0.20975674791705476,0.43386243386243384,0.3518993368821896,82,0.009166133209956956,0.042562385738273596,0.9710919834141897,0.3343934209036618,0.5121951219512195,2.1535759922673807,0.40590584856555767,0.6173928783920014,0.9988106200615792,trend_down,False
silver,trend_regime,[trend_down] Buy Wed_Close -> Sell Close+5d,Wed_Close,Close+5d,187,0.002630996005048038,0.043379702755300266,-0.6107651255507931,0.542100699944628,0.44919786096256686,0.6065039264766688,81,0.009218069276743445,0.04107814010283846,1.011257902122084,0.3149418525052777,0.49382716049382713,2.244032775988922,0.38771930018551176,0.6004940291246379,0.9988106200615792,trend_down,False
silver,trend_regime,[trend_down] Buy Thu_Close -> Sell Close+5d,Thu_Close,Close+5d,184,0.0037758484877997,0.03903258694224427,-0.2765124404639251,0.7824665542840319,0.5271739130434783,0.9673579907441816,79,0.005256796743544955,0.04085721476051739,0.14766151060323893,0.8829909459974833,0.4810126582278481,1.2866263092962693,0.3742954498192782,0.5894908604403015,0.9988106200615792,trend_down,False
silver,trend_regime,[trend_down] Buy Fri_Close -> Sell Close+5d,Fri_Close,Close+5d,184,0.002976958040111259,0.035998819690552,-0.6000248263696367,0.5492319580313959,0.5163043478260869,0.8269599019360545,79,0.008890449500029412,0.040929899094638074,0.9314606463839806,0.3544894769316971,0.5316455696202531,2.1721161538837226,0.42271215907094595,0.6376439904964211,0.9988106200615792,trend_down,False
silver,trend_regime,[trend_up] Buy Mon_Close -> Sell Close+10d,Mon_Close,Close+10d,182,0.0040533321739792795,0.060915900404547293,-0.456966883947791,0.648242801892605,0.45604395604395603,0.6653980565108258,78,0.017795129341473814,0.07236782715194182,1.4153765639031772,0.16099002720467723,0.5128205128205128,2.4589835071476687,0.40392509465379506,0.6205123552494325,0.9988106200615792,trend_up,False
silver,trend_regime,[trend_up] Buy Tue_Close -> Sell Close+10d,Tue_Close,Close+10d,200,0.003561928229598449,0.05767616868403269,-0.6262550530303435,0.5318653416816611,0.44,0.6175736549200689,86,0.015273587514822948,0.06846930806613362,1.232226845044762,0.22126205865006937,0.4883720930232558,2.230720295883579,0.38550397038221695,0.59223462732753,0.9988106200615792,trend_up,False
silver,trend_regime,[trend_up] Buy Wed_Close -> Sell Close+10d,Wed_Close,Close+10d,200,-2.8597546630629854e-05,0.057877562399958234,-1.499209497311467,0.1354040103134044,0.42,-0.004941041993615559,86,0.016131243999783995,0.06838864464832256,1.3493018033539428,0.18082322592345365,0.5116279069767442,2.3587605928932036,0.4077653726724701,0.614496029617783,0.9988106200615792,trend_up,False
silver,trend_regime,[trend_up] Buy Thu_Close -> Sell Close+10d,Thu_Close,Close+10d,198,-0.00031679186439395965,0.05920594700880285,-1.5265097778636931,0.12848685396877543,0.42424242424242425,-0.0535067641679405,86,0.014348570253551195,0.06436396462461044,1.1783220958963803,0.2419564849395326,0.5581395348837209,2.229286268680973,0.45293267462601694,0.6583743368252482,0.9988106200615792,trend_up,False
silver,trend_regime,[trend_up] Buy Fri_Close -> Sell Close+10d,Fri_Close,Close+10d,195,0.0025732205985555335,0.05728792360656539,-0.8629120643985737,0.3892513125685963,0.4358974358974359,0.4491733050455041,84,0.015887127610399805,0.06098142424859107,1.45881870517052,0.14838911599755578,0.5476190476190477,2.605240498423889,0.44142846686988807,0.6496445554794317,0.9988106200615792,trend_up,False
silver,trend_regime,[trend_down] Buy Mon_Close -> Sell Close+10d,Mon_Close,Close+10d,171,0.0025604926869705383,0.04943713147209045,-1.3853702350575303,0.1677543040677901,0.43859649122807015,0.5179290567083276,74,0.01957328742704736,0.050496348833477485,1.9897883665170741,0.050360371543255254,0.5540540540540541,3.8761787493972015,0.4409291962707845,0.6618436141544893,0.9988106200615792,trend_down,False
silver,trend_regime,[trend_down] Buy Tue_Close -> Sell Close+10d,Tue_Close,Close+10d,189,0.002373306465318414,0.04805977466695643,-1.5520247890238532,0.12233807136282498,0.455026455026455,0.49382388531051197,82,0.017734696383957898,0.05630745467000382,1.5857974978686773,0.11668175214479186,0.524390243902439,3.149617841526328,0.4176454367591391,0.628952017155979,0.9988106200615792,trend_down,False
silver,trend_regime,[trend_down] Buy Wed_Close -> Sell Close+10d,Wed_Close,Close+10d,187,0.0057362169459348605,0.051602927751588826,-0.5489642301655218,0.5836883969212183,0.4919786096256685,1.1116068788864883,81,0.013752900887028137,0.05829265065729292,0.9113509197094163,0.36484849574644274,0.5061728395061729,2.3592855586345736,0.3995059708753621,0.6122806998144883,0.9988106200615792,trend_down,False
silver,trend_regime,[trend_down] Buy Thu_Close -> Sell Close+10d,Thu_Close,Close+10d,184,0.006263574688817982,0.04895387138281099,-0.42825656069455975,0.6689679496747649,0.4891304347826087,1.2794850564193152,79,0.01060390485435923,0.057223074109407024,0.4306936473195737,0.6678789621193401,0.5189873417721519,1.853081998720518,0.41050913955969837,0.6257045501807218,0.9988106200615792,trend_down,False
silver,trend_regime,[trend_down] Buy Fri_Close -> Sell Close+10d,Fri_Close,Close+10d,184,0.006620853687006631,0.05002576904145156,-0.3224665247006357,0.7474673998755611,0.483695652173913,1.3234886367305145,79,0.013307659220024902,0.05679378458315612,0.8543985376924382,0.39550077549733126,0.5189873417721519,2.3431541528175748,0.41050913955969837,0.6257045501807218,0.9988106200615792,trend_down,False
silver,trend_regime,[trend_up] Buy Mon_Close -> Sell Close+20d,Mon_Close,Close+20d,180,0.006960650003399098,0.0934080238201774,-0.6492378351332894,0.5170168329956909,0.4166666666666667,0.7451875886807385,78,0.03770101821364386,0.09641725171215752,2.385163834943669,0.019530919230511017,0.5384615384615384,3.910194238495395,0.42863448388730346,0.6446778658223795,0.9988106200615792,trend_up,False
silver,trend_regime,[trend_up] Buy Tue_Close -> Sell Close+20d,Tue_Close,Close+20d,198,0.0025906773502578986,0.08969748154805404,-1.3930784260283298,0.16516603429713406,0.40404040404040403,0.2888238672420232,86,0.038183251976324745,0.09305571547812791,2.644311552702514,0.009747409489152726,0.6046511627906976,4.103267787490114,0.4989752669878401,0.7013773536244373,0.9988106200615792,trend_up,False
silver,trend_regime,[trend_up] Buy Wed_Close -> Sell Close+20d,Wed_Close,Close+20d,198,-0.0006117078578121323,0.08866473992238244,-1.9162436484377474,0.05678164063861254,0.398989898989899,-0.0689911072143926,86,0.0347675872582798,0.09498498005358222,2.2590669666250798,0.026438286205423787,0.6046511627906976,3.660324741729373,0.4989752669878401,0.7013773536244373,0.9988106200615792,trend_up,False
silver,trend_regime,[trend_up] Buy Thu_Close -> Sell Close+20d,Thu_Close,Close+20d,197,-0.0005875361242453179,0.09213311776437745,-1.8357466826934152,0.06791026711091994,0.38578680203045684,-0.06377035082519308,85,0.026619553051551816,0.08562420755650026,1.6190924633711732,0.10917611874501501,0.5058823529411764,3.108881683253717,0.40166252134606184,0.609593466839653,0.9988106200615792,trend_up,False
silver,trend_regime,[trend_up] Buy Fri_Close -> Sell Close+20d,Fri_Close,Close+20d,193,0.000340549312145414,0.08635313250348102,-1.7896095697048966,0.07509275605225814,0.40414507772020725,0.039436822066841175,84,0.03388698850585731,0.08833127928282082,2.3096611829026954,0.023391090672491736,0.5714285714285714,3.8363520579564216,0.4647675967027547,0.6718419368212247,0.9988106200615792,trend_up,False
silver,trend_regime,[trend_down] Buy Mon_Close -> Sell Close+20d,Mon_Close,Close+20d,171,0.008460514999991795,0.0636207560230193,-1.3465437989899933,0.17991974997943977,0.38011695906432746,1.3298356588108773,74,0.02778287750874305,0.06579041949748897,1.6560530148477517,0.10200383080091462,0.5675675675675675,4.222936670863368,0.4541253909309131,0.6743406221006791,0.9988106200615792,trend_down,False
silver,trend_regime,[trend_down] Buy Tue_Close -> Sell Close+20d,Tue_Close,Close+20d,189,0.009570216476760965,0.06105673818823643,-1.2263012832294078,0.2216190554722274,0.3968253968253968,1.5674300266837415,82,0.024547127177172737,0.07288328386674704,1.1751047867873712,0.24339558561286062,0.5487804878048781,3.3680051000518034,0.44130583571145193,0.6518890721187844,0.9988106200615792,trend_down,False
silver,trend_regime,[trend_down] Buy Wed_Close -> Sell Close+20d,Wed_Close,Close+20d,187,0.009643588543285739,0.06259746492020885,-1.1737530312806157,0.24199471516404797,0.40641711229946526,1.5405717396987464,81,0.02576098452692861,0.07206402667039086,1.331763608181207,0.18671990544766634,0.5432098765432098,3.5747356506673107,0.43523822983845284,0.6472684649904988,0.9988106200615792,trend_down,False
silver,trend_regime,[trend_down] Buy Thu_Close -> Sell Close+20d,Thu_Close,Close+20d,184,0.011443490966936922,0.06034552763269518,-0.804208642327208,0.42231996517250664,0.44021739130434784,1.8963279327989244,79,0.026661892034162457,0.07468673278224366,1.3753661175289569,0.1729552511705326,0.5316455696202531,3.5698297463215805,0.42271215907094595,0.6376439904964211,0.9988106200615792,trend_down,False
silver,trend_regime,[trend_down] Buy Fri_Close -> Sell Close+20d,Fri_Close,Close+20d,184,0.012583439332392308,0.0641999670858868,-0.5157239278368045,0.6066697424715954,0.43478260869565216,1.960038284063007,79,0.024670975876526696,0.07522841016536072,1.1317307663600227,0.2612150540982055,0.5443037974683544,3.2794759084097413,0.4349813769749742,0.6495172324193399,0.9988106200615792,trend_down,False
crude,multiday_hold,Buy Mon_Close -> Sell Close+2d,Mon_Close,Close+2d,360,-2.543191349513369e-05,0.08250533195348637,-0.014270901245110759,0.9886217820860222,0.5527777777777778,-0.003082456962838634,155,-0.0016179999505971667,0.029954496403983493,-0.685520229662265,0.4940463334837084,0.4838709677419355,-0.5401526130754771,0.4065427410520664,0.5619793589519627,0.9988106200615792,,False
crude,multiday_hold,Buy Tue_Close -> Sell Close+2d,Tue_Close,Close+2d,398,0.003994388336380119,0.05574069173530714,1.4146967910640362,0.15794124630989517,0.5326633165829145,0.7166018597953644,171,-0.0008870194007895908,0.02669761277950441,-0.4511250085209315,0.6524743720628238,0.5263157894736842,-0.3322467098895636,0.45172345987462903,0.599751703930781,0.9988106200615792,,False
crude,multiday_hold,Buy Wed_Close -> Sell Close+2d,Wed_Close,Close+2d,396,0.002855428235140454,0.04442835640484315,1.260926961808107,0.20807941183863857,0.5025252525252525,0.6427039994729994,170,0.0008400992758687269,0.028847687011346875,0.3620414233189908,0.7177733702062848,0.49411764705882355,0.2912189374275603,0.4199252194213575,0.5685700544371436,0.9988106200615792,,False
crude,multiday_hold,Buy Thu_Close -> Sell Close+2d,Thu_Close,Close+2d,390,-0.007977823180426493,0.15204728162123876,-1.0396194213782999,0.29916248795390465,0.5051282051282051,-0.5246935752721875,168,0.0018331262260063588,0.028891493980751356,0.8035171498922355,0.4228180931423936,0.5535714285714286,0.6344864780020234,0.4780357736540186,0.6267118543941375,0.9988106200615792,,False
crude,multiday_hold,Buy Fri_Close -> Sell Close+2d,Fri_Close,Close+2d,388,-0.0014658548594997552,0.04741840249740941,-0.6233641993114688,0.533412421817954,0.5283505154639175,-0.30913206314359465,167,-0.0020621151031706185,0.031381112899864144,-0.8617117187930169,0.3900892305541433,0.5089820359281437,-0.6571198127200728,0.433814682303871,0.5837454435671113,0.9988106200615792,,False
crude,multiday_hold,Buy Mon_Close -> Sell Close+3d,Mon_Close,Close+3d,360,0.000448873596699538,0.09225359210509451,0.005509790288301652,0.995606906019728,0.5444444444444444,0.04865648984032893,155,-0.0010576199560333864,0.03337459948987876,-0.5501842735307988,0.5829901056632774,0.5161290322580645,-0.3168936772871603,0.4380206410480373,0.5934572589479336,0.9988106200615792,,False
crude,multiday_hold,Buy Tue_Close -> Sell Close+3d,Tue_Close,Close+3d,398,0.005688749991789279,0.06516808928513941,1.6102715557998606,0.10813336891880385,0.5276381909547738,0.8729349063616803,171,-0.0006520423909550289,0.03352217349747016,-0.4177655071480223,0.6766457508373874,0.52046783625731,-0.19451077389246169,0.4459642912960303,0.5940719472192887,0.9988106200615792,,False
crude,multiday_hold,Buy Wed_Close -> Sell Close+3d,Wed_Close,Close+3d,396,-0.006631845097074212,0.15495196718410376,-0.9047534431455067,0.36614751123428624,0.48737373737373735,-0.42799360457261504,170,0.0012553283899739125,0.0372858300679668,0.2905302766951106,0.7717667995407433,0.5294117647058824,0.33667706677996073,0.45456022662485024,0.6029634040826444,0.9988106200615792,,False
crude,multiday_hold,Buy Thu_Close -> Sell Close+3d,Thu_Close,Close+3d,390,0.00024207772347021046,0.056091364706925,-0.06328143773153438,0.9495749003568077,0.5333333333333333,0.04315775248740271,168,-0.0007690987333093922,0.03546425660241353,-0.43404239315558246,0.6648178839643446,0.5119047619047619,-0.21686588328403056,0.43690061343139175,0.5863766372459762,0.9988106200615792,,False
crude,multiday_hold,Buy Fri_Close -> Sell Close+3d,Fri_Close,Close+3d,387,0.00125919898104341,0.04903212462216537,0.33544199113524814,0.7374739311252686,0.5219638242894057,0.2568110174190124,167,-0.0027736685707185358,0.03867536016731892,-1.0646031561305218,0.2886016504735088,0.5089820359281437,-0.7171668366419802,0.433814682303871,0.5837454435671113,0.9988106200615792,,False
crude,multiday_hold,Buy Mon_Close -> Sell Close+5d,Mon_Close,Close+5d,360,-0.005701726026465553,0.17328425552375898,-0.7792807669438386,0.4363277375259297,0.5305555555555556,-0.3290388967671555,155,0.00031307309441759123,0.04578881528982524,-0.3014243193290959,0.7634975780068789,0.45806451612903226,0.0683732681083713,0.3815882653572218,0.5365691946532539,0.9988106200615792,,False
crude,multiday_hold,Buy Tue_Close -> Sell Close+5d,Tue_Close,Close+5d,397,0.0036851921112036772,0.08157939341641084,0.5512679346339354,0.5817609170827652,0.5340050377833753,0.4517307566131461,171,-0.001903734942526818,0.043974120151424316,-0.9870525836822716,0.3250196223523452,0.4619883040935672,-0.4329216675561287,0.3889186720910832,0.5367283135233243,0.9988106200615792,,False
crude,multiday_hold,Buy Wed_Close -> Sell Close+5d,Wed_Close,Close+5d,395,0.004683302475179743,0.07020373202750317,0.9211806440169705,0.35751981182787534,0.5443037974683544,0.6671016397454487,170,-0.0017259653775869035,0.04592592712726321,-0.8919997429067387,0.37366135071790824,0.5235294117647059,-0.3758150320632963,0.44876252971873043,0.5972563748472653,0.9988106200615792,,False
crude,multiday_hold,Buy Thu_Close -> Sell Close+5d,Thu_Close,Close+5d,390,0.0026081254233637,0.05881511105863893,0.39666294498657023,0.6918335433010514,0.5230769230769231,0.44344478424318323,168,-0.0013242340580731967,0.04337081178581065,-0.8192440410843093,0.4138147950777358,0.5,-0.3053284002644465,0.4252412688200498,0.5747587311799502,0.9988106200615792,,False
crude,multiday_hold,Buy Fri_Close -> Sell Close+5d,Fri_Close,Close+5d,387,0.003711768918925565,0.059379989486891785,0.7565308644323586,0.4497924590058461,0.5322997416020672,0.6250875001830276,167,-0.001966248443295546,0.04664266170598448,-0.9368357943260148,0.3502039903215974,0.47904191616766467,-0.42155579707048896,0.4046003918373654,0.5544259811303427,0.9988106200615792,,False
crude,multiday_hold,Buy Mon_Close -> Sell Close+10d,Mon_Close,Close+10d,359,0.002949880629318128,0.13399788145466812,-0.12735768959895244,0.8987288068809083,0.5738161559888579,0.22014382595414997,155,-0.004657368711441813,0.0600796551206504,-1.7576060334605486,0.0808015273023657,0.4129032258064516,-0.775198975774579,0.33841170892059813,0.49160763110115935,0.9988106200615792,,False
crude,multiday_hold,Buy Tue_Close -> Sell Close+10d,Tue_Close,Close+10d,396,0.009820647519466517,0.1254067824854727,0.9459450524583839,0.34475490140826826,0.5631313131313131,0.7831033796440917,171,-0.0035473444335117517,0.055913692939149905,-1.725398753738092,0.0862728206781424,0.42105263157894735,-0.6344321483777288,0.3495818109022828,0.4959926976814867,0.9988106200615792,,False
crude,multiday_hold,Buy Wed_Close -> Sell Close+10d,Wed_Close,Close+10d,394,0.00945126839505354,0.09768822469489907,1.1363146885489497,0.2565173115401381,0.5685279187817259,0.967493106213348,170,-0.004426083100482498,0.05735954279031279,-1.876110751653717,0.06236430925119824,0.4411764705882353,-0.7716384903315514,0.36865364514792903,0.5162990934370816,0.9988106200615792,,False
crude,multiday_hold,Buy Thu_Close -> Sell Close+10d,Thu_Close,Close+10d,389,0.007013551285035844,0.0887611920776326,0.7016434605885992,0.48332217732304217,0.5578406169665809,0.7901596543342533,168,-0.002376183728799415,0.0560357286392147,-1.4362918326140675,0.15278994800138662,0.44047619047619047,-0.4240479755511778,0.36756785867748865,0.5160458879356714,0.9988106200615792,,False
crude,multiday_hold,Buy Fri_Close -> Sell Close+10d,Fri_Close,Close+10d,387,0.0015713195848779532,0.14735882347908436,-0.3040530342835519,0.7612513258052406,0.5658914728682171,0.10663220211587679,166,-0.0027828476236150626,0.06091712985829697,-1.3990147299055653,0.16368554405978364,0.4457831325301205,-0.4568251377056689,0.3722451697584374,0.5217737278496867,0.9988106200615792,,False
crude,multiday_hold,Buy Mon_Close -> Sell Close+20d,Mon_Close,Close+20d,358,0.011045834450151728,0.18353417695453336,0.2718097536387728,0.7859254241246258,0.5726256983240223,0.6018407379726389,154,-0.008217794780588686,0.07267758005720155,-2.8292030717623935,0.005292465176148859,0.37662337662337664,-1.130719373721689,0.30397481978292423,0.4552774939290502,0.9988106200615792,,False
crude,multiday_hold,Buy Tue_Close -> Sell Close+20d,Tue_Close,Close+20d,395,0.020956771685714456,0.1851775076490055,1.3453809662766318,0.17927601342375027,0.5670886075949367,1.131712590356111,170,-0.008242551714529506,0.07047555250693492,-3.0709308275442613,0.002487317354228228,0.40588235294117647,-1.1695618439768065,0.33493380072408896,0.48099058101192815,0.9988106200615792,,False
crude,multiday_hold,Buy Wed_Close -> Sell Close+20d,Wed_Close,Close+20d,393,0.019062221677294985,0.15082018066810834,1.3989572999044109,0.1626165022213667,0.549618320610687,1.263903914771386,169,-0.007612242090635123,0.06966502620048944,-2.9801831615055376,0.0033083908641478067,0.40828402366863903,-1.092692058814103,0.3370168131585148,0.48362821674169426,0.9988106200615792,,False
crude,multiday_hold,Buy Thu_Close -> Sell Close+20d,Thu_Close,Close+20d,388,0.015822888091987494,0.13889035819465548,1.0505831926578661,0.2941056475730156,0.5360824742268041,1.1392358906448814,167,-0.007602218077395875,0.0702857806278379,-2.9343899285571124,0.0038154645741748827,0.38323353293413176,-1.0816153721973296,0.31290791101577003,0.45881045266146087,0.9988106200615792,,False
crude,multiday_hold,Buy Fri_Close -> Sell Close+20d,Fri_Close,Close+20d,385,0.004545566365179643,0.19512790702619892,-0.3876445051602155,0.6984939075484601,0.5272727272727272,0.23295316566734509,166,-0.007054349846625555,0.07036322879853726,-2.822301284121153,0.005354484813874331,0.3614457831325301,-1.0025619868615527,0.2922589979706112,0.4369004070279285,0.9988106200615792,,False
crude,vix_regime,[vix_high] Buy Mon_Close -> Sell Close+2d,Mon_Close,Close+2d,186,0.0058286862662812,0.04398485132178839,1.814408580045294,0.07123479351079424,0.5913978494623656,1.325157660222417,81,-0.0005158125849182985,0.041817164213825704,-0.10202741674089705,0.9189902124910757,0.5185185185185185,-0.1233494892864493,0.4113545922111773,0.6240054198583734,0.9988106200615792,vix_high,False
crude,vix_regime,[vix_high] Buy Tue_Close -> Sell Close+2d,Tue_Close,Close+2d,204,0.006007680657190368,0.07011934301203786,1.2286073631513676,0.2206414682460442,0.5,0.8567793705880827,88,-0.00022707046375290728,0.038095090005191394,-0.0460961121591057,0.9633392903319119,0.5454545454545454,-0.05960622844622846,0.44169880685506685,0.6454076895474348,0.9988106200615792,vix_high,False
crude,vix_regime,[vix_high] Buy Wed_Close -> Sell Close+2d,Wed_Close,Close+2d,205,0.0035260914470099623,0.05622647090250274,0.9055678965129648,0.36623289204406984,0.4634146341463415,0.6271230241578276,89,0.004569140428462704,0.03258678626050366,1.3264992473363186,0.18810662066506023,0.5393258426966292,1.4021451492443315,0.436292717570131,0.6391045181517867,0.9988106200615792,vix_high,False
crude,vix_regime,[vix_high] Buy Thu_Close -> Sell Close+2d,Thu_Close,Close+2d,190,-0.018120728383502756,0.2149194678543402,-1.1566442458993593,0.24887758835822826,0.5052631578947369,-0.8431403894869087,82,0.004476171780891083,0.036767101579646425,1.105193978089006,0.2723475584987333,0.5609756097560976,1.2174393924401719,0.45322727057239914,0.6632663642153962,0.9988106200615792,vix_high,False
crude,vix_regime,[vix_high] Buy Fri_Close -> Sell Close+2d,Fri_Close,Close+2d,179,-0.0022620927802724906,0.06005953712533931,-0.4938828627484417,0.6219977895486211,0.5418994413407822,-0.376641727283327,77,0.0006464583302361389,0.041885467830756425,0.1426264554386323,0.88696265192676,0.5714285714285714,0.15433952721937744,0.46010331091803647,0.6759652478437891,0.9988106200615792,vix_high,False
crude,vix_regime,[vix_low] Buy Mon_Close -> Sell Close+2d,Mon_Close,Close+2d,172,0.0012632756844322113,0.03157020504018874,0.47677713980274394,0.6341295322504378,0.5232558139534884,0.4001480772215659,75,-0.0020451541262004433,0.024140418147034094,-0.7687716704253282,0.4444755547826579,0.44,-0.8471908455536477,0.33331275976784847,0.5525343057407155,0.9988106200615792,vix_low,False
crude,vix_regime,[vix_low] Buy Tue_Close -> Sell Close+2d,Tue_Close,Close+2d,193,0.0006315281887469664,0.029691072372917234,0.24235190509496427,0.8087661767689326,0.5440414507772021,0.2126996899320538,84,0.0013168648411847964,0.025937605496365236,0.42312306283811285,0.67329981177009,0.5595238095238095,0.507704861718764,0.4530690997323842,0.6607721782042654,0.9988106200615792,vix_low,False
crude,vix_regime,[vix_low] Buy Wed_Close -> Sell Close+2d,Wed_Close,Close+2d,190,0.0016249450639622017,0.023679505920653484,0.8782478175812396,0.380924363143213,0.531578947368421,0.6862242267246419,82,-0.0020082359623138824,0.029652821093057974,-0.6435860141376331,0.5216619689547256,0.47560975609756095,-0.6772495460082989,0.37104798284402096,0.5823545632408609,0.9988106200615792,vix_low,False
crude,vix_regime,[vix_low] Buy Thu_Close -> Sell Close+2d,Thu_Close,Close+2d,200,0.0014307194868809598,0.02889065365464123,0.6437952546400953,0.5204494817889718,0.515,0.49521880120255346,86,-0.00015857470861629032,0.02714894466446703,-0.09196092405805083,0.9269454741207818,0.5232558139534884,-0.05840916123116764,0.41897641605458513,0.625546388525921,0.9988106200615792,vix_low,False
crude,vix_regime,[vix_low] Buy Fri_Close -> Sell Close+2d,Fri_Close,Close+2d,209,-0.001478858339051806,0.029322918456515,-0.7825591406922128,0.4347760495476158,0.5119617224880383,-0.5043353175247233,90,-0.0027656244290330903,0.0290315005263166,-0.935176226652501,0.35222799354001444,0.4888888888888889,-0.9526288269275284,0.3882031497910542,0.5904843406183163,0.9988106200615792,vix_low,False
crude,vix_regime,[vix_high] Buy Mon_Close -> Sell Close+3d,Mon_Close,Close+3d,186,0.007362401888858162,0.06026415711018228,1.5333571953693645,0.126896199274097,0.543010752688172,1.2216883537253034,81,-0.0009196063516052645,0.04599454802388252,-0.2893909824253889,0.7730308532405117,0.5185185185185185,-0.1999381211720489,0.4113545922111773,0.6240054198583734,0.9988106200615792,vix_high,False
crude,vix_regime,[vix_high] Buy Tue_Close -> Sell Close+3d,Tue_Close,Close+3d,204,0.006497473044351425,0.08366049478891932,1.0097269718168778,0.31382813487733546,0.49019607843137253,0.776647695037539,88,0.003609768319339232,0.04433114827394251,0.639881159472824,0.5239313910329985,0.5340909090909091,0.8142735886363278,0.43063280602477044,0.6346970662771058,0.9988106200615792,vix_high,False
crude,vix_regime,[vix_high] Buy Wed_Close -> Sell Close+3d,Wed_Close,Close+3d,205,-0.014135435205840725,0.2119131350920926,-0.9910419562277373,0.3228391191538357,0.44390243902439025,-0.6670391242948572,89,0.0040920694731507844,0.044869438068712963,0.7366620771558814,0.46328726399838394,0.5393258426966292,0.9119948118994042,0.436292717570131,0.6391045181517867,0.9988106200615792,vix_high,False
crude,vix_regime,[vix_high] Buy Thu_Close -> Sell Close+3d,Thu_Close,Close+3d,190,-0.0014422806413062063,0.07032542877508592,-0.39309034336072385,0.6946957838372322,0.5421052631578948,-0.20508664738026608,82,0.0048769731522636025,0.046419896473416614,0.8353287997607504,0.40598979269440666,0.524390243902439,1.050621290173818,0.4176454367591391,0.628952017155979,0.9988106200615792,vix_high,False
crude,vix_regime,[vix_high] Buy Fri_Close -> Sell Close+3d,Fri_Close,Close+3d,179,0.0014062133683675187,0.05702485338909697,0.19598339061144676,0.8448467250768057,0.5363128491620112,0.2465965775961791,77,3.991850391359293e-05,0.04858927706678585,-0.09484472532536935,0.9246877843161715,0.5064935064935064,0.008215496571131329,0.39719817534305907,0.6151716936352885,0.9988106200615792,vix_high,False
crude,vix_regime,[vix_low] Buy Mon_Close -> Sell Close+3d,Mon_Close,Close+3d,172,0.0010500815143623114,0.038355878323360626,0.2640974731676792,0.7920228255792235,0.5406976744186046,0.2737732937594496,75,-0.0005251910922167931,0.027631933846640182,-0.24925253852690343,0.8038559881439665,0.52,-0.19006671597132968,0.4087401957316927,0.6293107824321195,0.9988106200615792,vix_low,False
crude,vix_regime,[vix_low] Buy Tue_Close -> Sell Close+3d,Tue_Close,Close+3d,193,0.0031165872186028408,0.03077627002943954,1.2791681795707583,0.20238161374144245,0.5544041450777202,1.0126591739745001,84,-0.001095502362631757,0.03451635378877017,-0.36185520610191846,0.7183798523917114,0.5238095238095238,-0.3173864682625245,0.41831918439941584,0.6272173267752441,0.9988106200615792,vix_low,False
crude,vix_regime,[vix_low] Buy Wed_Close -> Sell Close+3d,Wed_Close,Close+3d,190,0.001078400779359479,0.03330949673654607,0.3314016085803601,0.7407083177929419,0.5368421052631579,0.3237517480041341,82,-0.001025987148014566,0.03877838146711601,-0.30204681955648,0.7633905599427417,0.4878048780487805,-0.26457709404003904,0.3826071216079986,0.5940941514344423,0.9988106200615792,vix_low,False
crude,vix_regime,[vix_low] Buy Thu_Close -> Sell Close+3d,Thu_Close,Close+3d,200,0.000682199392546367,0.03291888367799932,0.17430666438776887,0.8618016611182843,0.52,0.2072364905260446,86,-0.0034548445370849524,0.03441973047256529,-0.9991817817597634,0.3205426461265772,0.5116279069767442,-1.0037395672922782,0.4077653726724701,0.614496029617783,0.9988106200615792,vix_low,False
crude,vix_regime,[vix_low] Buy Fri_Close -> Sell Close+3d,Fri_Close,Close+3d,208,-0.0006322955533387107,0.039254452375760696,-0.3327038699377033,0.739694523357162,0.4951923076923077,-0.16107613660893866,90,-0.001101789869898628,0.032859101347234326,-0.39540963018728736,0.6934867843256327,0.5444444444444444,-0.3353073653036354,0.4418444949284148,0.6434055434341024,0.9988106200615792,vix_low,False
crude,vix_regime,[vix_high] Buy Mon_Close -> Sell Close+5d,Mon_Close,Close+5d,186,-0.007830485176194972,0.21394705561405497,-0.6609983201987537,0.5094357031968552,0.543010752688172,-0.36600107226156925,81,0.0034331398695536457,0.06597761848873382,0.1174428176598388,0.9068035124173087,0.5185185185185185,0.5203491650945056,0.4113545922111773,0.6240054198583734,0.9988106200615792,vix_high,False
crude,vix_regime,[vix_high] Buy Tue_Close -> Sell Close+5d,Tue_Close,Close+5d,204,0.003374806984793487,0.102546222382305,0.112261937683574,0.9107266499373068,0.5049019607843137,0.329101053787412,88,0.003271021219755854,0.06331882591149252,0.10373452799097456,0.9176187831042598,0.48863636363636365,0.5165953683866643,0.38687686309205005,0.5913465128073245,0.9988106200615792,vix_high,False
crude,vix_regime,[vix_high] Buy Wed_Close -> Sell Close+5d,Wed_Close,Close+5d,205,0.0057308344202031455,0.0847064406324274,0.5335032358725428,0.5942660583769506,0.5219512195121951,0.6765523822528864,89,0.005940748918393457,0.05759057012145177,0.5495735755048341,0.5840039274854033,0.5168539325842697,1.0315488986938508,0.4145040372503965,0.6178090637732825,0.9988106200615792,vix_high,False
crude,vix_regime,[vix_high] Buy Thu_Close -> Sell Close+5d,Thu_Close,Close+5d,190,0.00261701186825397,0.06898103632981337,0.01000303047542698,0.9920294202479898,0.5052631578947369,0.3793813499323881,82,0.00459410983472349,0.044948044698231326,0.40592656609299405,0.685866911404115,0.524390243902439,1.0220933670345542,0.4176454367591391,0.628952017155979,0.9988106200615792,vix_high,False
crude,vix_regime,[vix_high] Buy Fri_Close -> Sell Close+5d,Fri_Close,Close+5d,179,0.003973097653523508,0.06905077448777791,0.27171425105856717,0.7861566270887369,0.5195530726256983,0.5753878479996994,77,0.005950296905912805,0.0577216886885153,0.5110118139717001,0.6108241106957335,0.5454545454545454,1.0308598104297522,0.43472886644893927,0.6518602163994951,0.9988106200615792,vix_high,False
crude,vix_regime,[vix_low] Buy Mon_Close -> Sell Close+5d,Mon_Close,Close+5d,172,0.0037985712201345253,0.044760072165793016,1.0275997368376795,0.30558951309619753,0.5058139534883721,0.8486517193413972,75,-0.001859210021925375,0.040962806162231566,-0.44949575828439575,0.6543879031711384,0.4266666666666667,-0.4538776016862828,0.32100563365956936,0.53947411307312,0.9988106200615792,vix_low,False
crude,vix_regime,[vix_low] Buy Tue_Close -> Sell Close+5d,Tue_Close,Close+5d,193,0.0017504450137699648,0.03968680380850242,0.5129737337380428,0.6085593926180514,0.5595854922279793,0.44106474842777665,83,-0.0021284793604604297,0.045595287448268344,-0.4785732428096136,0.6335158524886615,0.4939759036144578,-0.4668200332929948,0.38908687956649984,0.5993979019207136,0.9988106200615792,vix_low,False
crude,vix_regime,[vix_low] Buy Wed_Close -> Sell Close+5d,Wed_Close,Close+5d,189,0.0010431710557953372,0.04502795322689753,0.2320215241690332,0.8167736618301844,0.5661375661375662,0.2316718795852788,82,-0.004197764340460438,0.04329341551651278,-0.9311066778535859,0.35456528000846327,0.524390243902439,-0.969608031701575,0.4176454367591391,0.628952017155979,0.9988106200615792,vix_low,False
crude,vix_regime,[vix_low] Buy Thu_Close -> Sell Close+5d,Thu_Close,Close+5d,200,0.0006721500950029123,0.047254160420181116,0.11670630719199097,0.9072104880679801,0.525,0.14224146382587152,86,-0.002484670779774612,0.04149122132421719,-0.614592188379227,0.5404657840013674,0.4883720930232558,-0.5988425263163761,0.38550397038221695,0.59223462732753,0.9988106200615792,vix_low,False
crude,vix_regime,[vix_low] Buy Fri_Close -> Sell Close+5d,Fri_Close,Close+5d,208,0.0009550731822365853,0.046937718667657016,0.20655396999763617,0.8365612373965278,0.5432692307692307,0.20347669408455712,90,-0.0028880164671929573,0.04204212420006712,-0.7111544295453822,0.47884823949778454,0.45555555555555555,-0.6869340030131842,0.3565944565658975,0.5581555050715851,0.9988106200615792,vix_low,False
crude,vix_regime,[vix_high] Buy Mon_Close -> Sell Close+10d,Mon_Close,Close+10d,186,0.006089839251783055,0.13356764250687447,-0.2636704755851162,0.7923273097605518,0.5268817204301075,0.4559367177173635,81,0.0071539492213826,0.07483473737225735,-0.18228730408898403,0.8558183899316015,0.5061728395061729,0.9559663697082345,0.3995059708753621,0.6122806998144883,0.9988106200615792,vix_high,False
crude,vix_regime,[vix_high] Buy Tue_Close -> Sell Close+10d,Tue_Close,Close+10d,204,0.012916877749167935,0.16035349132051868,0.3765365128155171,0.7069113406905345,0.5588235294117647,0.8055251957906764,88,0.011810992657686325,0.07730608703971226,0.37787824079695015,0.7064414209056118,0.48863636363636365,1.5278218197253988,0.38687686309205005,0.5913465128073245,0.9988106200615792,vix_high,False
crude,vix_regime,[vix_high] Buy Wed_Close -> Sell Close+10d,Wed_Close,Close+10d,205,0.01345505958412817,0.12043310374981869,0.5664078259267558,0.5717391701529979,0.551219512195122,1.1172226875493463,89,0.009535219177882458,0.06960458641758632,0.11538101193160501,0.9084060058352003,0.5280898876404494,1.3699124825879698,0.4253736442483641,0.6284815241244343,0.9988106200615792,vix_high,False
crude,vix_regime,[vix_high] Buy Thu_Close -> Sell Close+10d,Thu_Close,Close+10d,190,0.008697796152233163,0.1068678358085239,0.0024042642129262,0.998084212337898,0.5263157894736842,0.8138834370911268,82,0.006720061927270723,0.06592492128739949,-0.267446694506009,0.7898050589554442,0.47560975609756095,1.0193507699424673,0.37104798284402096,0.5823545632408609,0.9988106200615792,vix_high,False
crude,vix_regime,[vix_high] Buy Fri_Close -> Sell Close+10d,Fri_Close,Close+10d,179,-0.0008701876964650948,0.20349108474816963,-0.626088740204659,0.5320587530653133,0.553072625698324,-0.042762939592267415,77,0.012265862031773706,0.07762841516786197,0.4027984937583745,0.6882272913472673,0.5324675324675324,1.5800737404274297,0.4221482516277277,0.6397010932640111,0.9988106200615792,vix_high,False
crude,vix_regime,[vix_low] Buy Mon_Close -> Sell Close+10d,Mon_Close,Close+10d,172,0.0044532022060937045,0.06194203491412417,1.1519904507907637,0.25093301754223074,0.5174418604651163,0.7189305634320184,74,-0.00809676892104449,0.049796403621482806,-1.2170410609706896,0.2275085481483061,0.43243243243243246,-1.6259746351544633,0.32565937789932076,0.5458746090690868,0.9988106200615792,vix_low,False
crude,vix_regime,[vix_low] Buy Tue_Close -> Sell Close+10d,Tue_Close,Close+10d,192,0.001216637602332752,0.06286529681782785,0.48809060598216764,0.6260455102005799,0.5208333333333334,0.19353087695717808,83,-0.007537642346702562,0.05163244504290008,-1.145955577182423,0.25514679150900577,0.5301204819277109,-1.4598654664600386,0.42380777365590233,0.6337683189080303,0.9988106200615792,vix_low,False
crude,vix_regime,[vix_low] Buy Wed_Close -> Sell Close+10d,Wed_Close,Close+10d,189,0.0012840712670244897,0.06191151659920893,0.506636553567105,0.6130035252536588,0.5185185185185185,0.20740426621060948,81,-0.0108425379071157,0.046316912228423796,-1.9000047160988853,0.06103558688746479,0.43209876543209874,-2.3409457551148765,0.329719027705932,0.540627594705715,0.9988106200615792,vix_low,False
crude,vix_regime,[vix_low] Buy Thu_Close -> Sell Close+10d,Thu_Close,Close+10d,199,0.003215771192562284,0.06465071867309612,0.9183420889323376,0.35955712435548703,0.5628140703517588,0.4974068747514947,86,-0.005982467800462247,0.051834280746934636,-0.885574464106364,0.3783453336229281,0.46511627906976744,-1.1541527564875176,0.36345695311713955,0.5697588400121011,0.9988106200615792,vix_low,False
crude,vix_regime,[vix_low] Buy Fri_Close -> Sell Close+10d,Fri_Close,Close+10d,207,-0.0003636137412465487,0.06657769757868935,0.13796188521191485,0.8904052999037437,0.5410628019323671,-0.05461494681710602,90,-0.006303241783484667,0.04862338388656587,-1.028249046632367,0.3066191380329899,0.4444444444444444,-1.2963395962299915,0.3461548633017185,0.5472825887451348,0.9988106200615792,vix_low,False
crude,vix_regime,[vix_high] Buy Mon_Close -> Sell Close+20d,Mon_Close,Close+20d,186,0.01792997586677765,0.1932375364602308,-0.10385604405867428,0.9173960919766649,0.5268817204301075,0.9278723065519789,81,0.009590151467711359,0.10903607776383295,-0.8051543774534582,0.42311716233985597,0.4567901234567901,0.8795392923508473,0.352731535009501,0.564761770161547,0.9988106200615792,vix_high,False
crude,vix_regime,[vix_high] Buy Tue_Close -> Sell Close+20d,Tue_Close,Close+20d,204,0.03089253537179926,0.23600429485447855,0.6934852299971829,0.488797809540733,0.553921568627451,1.3089819145387906,88,0.015244866161348984,0.10408435138377069,-0.37284688759305823,0.7101692370223373,0.5113636363636364,1.4646645685612671,0.40865348719267547,0.61312313690795,0.9988106200615792,vix_high,False
crude,vix_regime,[vix_high] Buy Wed_Close -> Sell Close+20d,Wed_Close,Close+20d,205,0.02906989060887069,0.18310938108613506,0.7538419898266248,0.4518133177244668,0.5414634146341464,1.5875697048637913,89,0.01555507859781825,0.0958757517718769,-0.37673624158033325,0.707276516574877,0.4943820224719101,1.6224205088716706,0.39291271906748554,0.5963162472579547,0.9988106200615792,vix_high,False
crude,vix_regime,[vix_high] Buy Thu_Close -> Sell Close+20d,Thu_Close,Close+20d,190,0.024313420026095413,0.16739717810214022,0.40307227487111796,0.6873506444009123,0.5157894736842106,1.4524390615031855,82,0.012749689575055902,0.1034237007499695,-0.5791904645671847,0.5640679732441132,0.47560975609756095,1.2327628466785125,0.37104798284402096,0.5823545632408609,0.9988106200615792,vix_high,False
crude,vix_regime,[vix_high] Buy Fri_Close -> Sell Close+20d,Fri_Close,Close+20d,179,0.004884395053498136,0.26002817496941577,-0.7450550312246078,0.45722106488896463,0.49162011173184356,0.1878409927721345,77,0.015071296459839867,0.10633480720961949,-0.35533469671827883,0.7233231591654099,0.4805194805194805,1.4173436577666974,0.3725285050287548,0.5903618880362019,0.9988106200615792,vix_high,False
crude,vix_regime,[vix_low] Buy Mon_Close -> Sell Close+20d,Mon_Close,Close+20d,170,0.009206178627185455,0.0867012853946261,1.7911515767713153,0.07505858386595445,0.5647058823529412,1.06182723650324,74,-0.015437269304434778,0.056334867465719564,-1.925786366207405,0.05802581841467838,0.3918918918918919,-2.7402690374355703,0.2886474844994506,0.5058068946500016,0.9988106200615792,vix_low,False
crude,vix_regime,[vix_low] Buy Tue_Close -> Sell Close+20d,Tue_Close,Close+20d,191,0.002332865308069076,0.09520723465431617,0.7343888577693066,0.4636171317244359,0.5287958115183246,0.24503025600306275,82,-0.014786727896338552,0.0597814922685394,-1.8136739615982094,0.07343142520222591,0.4268292682926829,-2.473462494030149,0.32541776424127283,0.534789874013373,0.9988106200615792,vix_low,False
crude,vix_regime,[vix_low] Buy Wed_Close -> Sell Close+20d,Wed_Close,Close+20d,187,0.004107529468190479,0.09552643023510637,0.977555829564403,0.32956377033730844,0.5561497326203209,0.4299887955701023,81,-0.02354139968785607,0.057889835228232864,-3.2139828491773352,0.0018881151626102153,0.35802469135802467,-4.066586058682532,0.26223516972228395,0.4666714044111599,0.9988106200615792,vix_low,False
crude,vix_regime,[vix_low] Buy Thu_Close -> Sell Close+20d,Thu_Close,Close+20d,198,0.003213680621354062,0.09495543831851262,0.8799738116221226,0.37994569001329603,0.5505050505050505,0.3384409232648994,85,-0.016842622969115085,0.05720774221951059,-2.2594201435040406,0.026446281386514,0.38823529411764707,-2.944116008719348,0.29161137914729085,0.4945248453241281,0.9988106200615792,vix_low,False
crude,vix_regime,[vix_low] Buy Fri_Close -> Sell Close+20d,Fri_Close,Close+20d,206,0.00015677306171636073,0.10288805029937505,0.4030572570642672,0.6873261414486982,0.5339805825242718,0.015237246819256034,89,-0.016719896816214455,0.05765989370810396,-2.2744889870266625,0.025367809413301187,0.34831460674157305,-2.8997446476153517,0.2574733314684021,0.45170875931848653,0.9988106200615792,vix_low,False
crude,trend_regime,[trend_up] Buy Mon_Close -> Sell Close+2d,Mon_Close,Close+2d,189,0.003007631007000102,0.028294266015215657,1.1190048268232482,0.2645657771601151,0.5502645502645502,1.0629825157446051,81,-0.005286266377596769,0.03680735135748949,-1.4543083968382946,0.14977308766808353,0.4074074074074074,-1.4361985262819323,0.30696108658374566,0.5162388530685003,0.9988106200615792,trend_up,False
crude,trend_regime,[trend_up] Buy Tue_Close -> Sell Close+2d,Tue_Close,Close+2d,212,-0.0007478017615990881,0.03006164101269566,-0.6988481778632047,0.48541649638150614,0.49528301886792453,-0.2487561345314701,92,-0.0024192668394667745,0.031363504229776046,-0.9482822155026875,0.3454973146415467,0.532608695652174,-0.7713636912963184,0.43140275849037324,0.6312005369470985,0.9988106200615792,trend_up,False
crude,trend_regime,[trend_up] Buy Wed_Close -> Sell Close+2d,Wed_Close,Close+2d,203,0.0020417140913514273,0.026273303850843702,0.7266264648916164,0.46829599010558226,0.4975369458128079,0.7771059562750281,88,0.004870633639472353,0.03288338027262012,1.1834311175875583,0.23986195676796032,0.5568181818181818,1.4811839899342152,0.4528160324206779,0.6560670880824492,0.9988106200615792,trend_up,False
crude,trend_regime,[trend_up] Buy Thu_Close -> Sell Close+2d,Thu_Close,Close+2d,209,0.002238186103879675,0.02885251572223947,0.7696344733877164,0.44238989198045287,0.5167464114832536,0.775733431852698,90,0.0019812792691812323,0.032075947034826066,0.3772877103245891,0.706857972820558,0.5333333333333333,0.6176837949726263,0.4310200470971506,0.6329174816747374,0.9988106200615792,trend_up,False
crude,trend_regime,[trend_up] Buy Fri_Close -> Sell Close+2d,Fri_Close,Close+2d,200,0.0027150125642061416,0.02617372976508535,1.0868388916776883,0.2784226962207793,0.54,1.037304422630608,87,-0.00894056615952996,0.036717330024484116,-2.434514694655704,0.0169792813034469,0.42528735632183906,-2.4349717568156906,0.3267307291558499,0.5301630287700343,0.9988106200615792,trend_up,False
crude,trend_regime,[trend_down] Buy Mon_Close -> Sell Close+2d,Mon_Close,Close+2d,165,0.006832831658540694,0.04920901086455035,1.90995759704477,0.05788409874533299,0.6,1.3885326159772484,71,-0.001485483575122481,0.022903156138385995,-0.35768821110508375,0.7216529200525788,0.49295774647887325,-0.6485933930445467,0.3800495431702562,0.6065889038966157,0.9988106200615792,trend_down,False
crude,trend_regime,[trend_down] Buy Tue_Close -> Sell Close+2d,Tue_Close,Close+2d,178,0.010410495849282515,0.07497577270896562,1.9371446602744828,0.05431966558354271,0.5730337078651685,1.3885146458834197,77,0.0011846052064191717,0.026584761989202167,0.5544991860058279,0.5808654030904271,0.5454545454545454,0.4455955659487636,0.43472886644893927,0.6518602163994951,0.9988106200615792,trend_down,False
crude,trend_regime,[trend_down] Buy Wed_Close -> Sell Close+2d,Wed_Close,Close+2d,185,0.0022417462999477634,0.05768066175376871,0.6462602121355898,0.5189160868008008,0.4972972972972973,0.3886478122455475,80,-5.687631360116116e-05,0.02331233242886653,0.17136119791268636,0.8643779359422156,0.4875,-0.02439752168716245,0.38107693944368337,0.5950685539629311,0.9988106200615792,trend_down,False
crude,trend_regime,[trend_down] Buy Thu_Close -> Sell Close+2d,Thu_Close,Close+2d,174,-0.020565502705513508,0.2242675200638463,-1.1764397620394418,0.24103541719365182,0.5114942528735632,-0.9170076299795331,75,0.0011646155871164955,0.02852796214329112,0.5038570549870299,0.6158586152485411,0.52,0.4082365159021275,0.4087401957316927,0.6293107824321195,0.9988106200615792,trend_down,False
crude,trend_regime,[trend_down] Buy Fri_Close -> Sell Close+2d,Fri_Close,Close+2d,179,-0.004465141034739412,0.062314138144626066,-0.8475946598451329,0.3978019933335381,0.5418994413407822,-0.7165534448019133,78,0.0035246119821109897,0.025646649342349722,1.3791809357105067,0.17183183854078773,0.5769230769230769,1.3742972561686173,0.46621355164287304,0.680411147776493,0.9988106200615792,trend_down,False
crude,trend_regime,[trend_up] Buy Mon_Close -> Sell Close+3d,Mon_Close,Close+3d,189,0.001457421046717348,0.03579488460363646,0.15545457711516414,0.8766297441695315,0.5291005291005291,0.40715902924556047,81,-0.004322406220356838,0.03629255775867752,-1.3244170155913924,0.18913584331749111,0.4691358024691358,-1.1909896924592904,0.3643319191569785,0.5767347273937701,0.9988106200615792,trend_up,False
crude,trend_regime,[trend_up] Buy Tue_Close -> Sell Close+3d,Tue_Close,Close+3d,212,0.0016939868122192493,0.03449686266199426,0.27049870281191085,0.7870410194505616,0.5141509433962265,0.4910553254703771,92,-0.0007641253600661881,0.04129417963077926,-0.4194493799739401,0.6758762965441992,0.532608695652174,-0.18504432510789856,0.43140275849037324,0.6312005369470985,0.9988106200615792,trend_up,False
crude,trend_regime,[trend_up] Buy Wed_Close -> Sell Close+3d,Wed_Close,Close+3d,203,0.0017175050209828097,0.03576149477188174,0.2646543325217497,0.7915456055391472,0.4975369458128079,0.48026656378279686,88,0.0018990793456104902,0.04437157249528152,0.178151380075498,0.8590182634052386,0.5340909090909091,0.42799460078013657,0.43063280602477044,0.6346970662771058,0.9988106200615792,trend_up,False
crude,trend_regime,[trend_up] Buy Thu_Close -> Sell Close+3d,Thu_Close,Close+3d,209,0.004326660763437826,0.03396541385293959,1.3906424444886911,0.16581990910324093,0.5502392344497608,1.2738430870211137,90,3.837788611881838e-05,0.04099034264698439,-0.23319203531945049,0.8161477769891615,0.4888888888888889,0.009362665359822699,0.3882031497910542,0.5904843406183163,0.9988106200615792,trend_up,False
crude,trend_regime,[trend_up] Buy Fri_Close -> Sell Close+3d,Fri_Close,Close+3d,200,0.00401649576801748,0.03235634198501922,1.292641383372123,0.1976339547948122,0.545,1.2413318445815325,87,-0.010518441488539525,0.04559786282424156,-2.353093958096628,0.020899466003794047,0.39080459770114945,-2.306783879122405,0.2949766847095907,0.49586803841285554,0.9988106200615792,trend_up,False
crude,trend_regime,[trend_down] Buy Mon_Close -> Sell Close+3d,Mon_Close,Close+3d,165,0.009584528668409774,0.06666804044292589,1.8466640900793612,0.06659799628779133,0.5818181818181818,1.4376496751265746,71,0.0005395978806281432,0.029402076762775727,0.16180447451468435,0.8719259594468558,0.5352112676056338,0.1835237303071383,0.4203903355696419,0.6464174290959985,0.9988106200615792,trend_down,False
crude,trend_regime,[trend_down] Buy Tue_Close -> Sell Close+3d,Tue_Close,Close+3d,178,0.010297560792328124,0.0881444822666624,1.5586478120046212,0.1208659696121965,0.5449438202247191,1.168259263373406,77,0.000576343866181552,0.029034445465114935,0.1817643960283514,0.856251547617741,0.4805194805194805,0.19850348678917693,0.3725285050287548,0.5903618880362019,0.9988106200615792,trend_down,False
crude,trend_regime,[trend_down] Buy Wed_Close -> Sell Close+3d,Wed_Close,Close+3d,185,-0.01733459484640062,0.22227223436249816,-1.0561114693744658,0.29230196608679104,0.4810810810810811,-0.7798812522004017,80,0.0040634148295798245,0.031763079213786655,1.1451769064494606,0.25559335740652694,0.525,1.2792886993828083,0.41695451180328746,0.6307545013834838,0.9988106200615792,trend_down,False
crude,trend_regime,[trend_down] Buy Thu_Close -> Sell Close+3d,Thu_Close,Close+3d,174,-0.005070638012805449,0.07170285940330166,-0.9248187508679849,0.35634839802881374,0.5287356321839081,-0.7071737522049175,75,-0.001594722341455109,0.03452269680290672,-0.39014020625700147,0.6975536177239178,0.5333333333333333,-0.4619344631618807,0.42157339152780315,0.6418449054118834,0.9988106200615792,trend_down,False
crude,trend_regime,[trend_down] Buy Fri_Close -> Sell Close+3d,Fri_Close,Close+3d,179,0.0014093190924962487,0.06227626995849101,0.3081401561897047,0.7583359782891632,0.5251396648044693,0.22630114061673923,77,0.0012695893689915077,0.02995261620364849,0.37796373267157224,0.7065111329858755,0.5974025974025974,0.4238659355695482,0.48576649330491517,0.6997815413703016,0.9988106200615792,trend_down,False
crude,trend_regime,[trend_up] Buy Mon_Close -> Sell Close+5d,Mon_Close,Close+5d,189,0.004704365671309046,0.04958094078464162,0.6513865043993081,0.5155924648257499,0.5238095238095238,0.948825414939744,81,-0.00760749032336119,0.05637546126070585,-1.5796370665452963,0.11813605750526579,0.37037037037037035,-1.3494329187269414,0.27331523697645854,0.4791646785366859,0.9988106200615792,trend_up,False
crude,trend_regime,[trend_up] Buy Tue_Close -> Sell Close+5d,Tue_Close,Close+5d,212,0.0043289096624157,0.045424989507250706,0.6331565488639709,0.5273170566477421,0.5235849056603774,0.9529797825764434,92,-0.0034288159696526837,0.05919186217129813,-0.9311416901921634,0.35424401474117456,0.40217391304347827,-0.5792715153528826,0.3078479905397603,0.5043421231478242,0.9988106200615792,trend_up,False
crude,trend_regime,[trend_up] Buy Wed_Close -> Sell Close+5d,Wed_Close,Close+5d,203,0.005985450800369578,0.045018601368383336,1.1480794158962655,0.25229358040173905,0.5763546798029556,1.329550589853103,88,-0.0007724048912874285,0.05796495618972553,-0.5022638896023793,0.6167508118187408,0.5,-0.1332537695291728,0.3977398665504473,0.6022601334495528,0.9988106200615792,trend_up,False
crude,trend_regime,[trend_up] Buy Thu_Close -> Sell Close+5d,Thu_Close,Close+5d,209,0.004934452986409879,0.04293304012879322,0.8685433062670397,0.3860980111604702,0.5311004784688995,1.1493369609063784,90,-0.0011397963865290757,0.04824294386008312,-0.6822222072407502,0.4968701942678715,0.4888888888888889,-0.23626178158504935,0.3882031497910542,0.5904843406183163,0.9988106200615792,trend_up,False
crude,trend_regime,[trend_up] Buy Fri_Close -> Sell Close+5d,Fri_Close,Close+5d,200,0.005399578360110648,0.042422044984953965,1.0144477261106337,0.31160096693306083,0.545,1.2728236844842682,87,-0.007156719992232676,0.05569697436252141,-1.5827000342187334,0.117160681007395,0.4482758620689655,-1.2849387375427066,0.348170047270701,0.552756400524142,0.9988106200615792,trend_up,False
crude,trend_regime,[trend_down] Buy Mon_Close -> Sell Close+5d,Mon_Close,Close+5d,165,-0.007858164764884464,0.22648531682274364,-0.4888677765829515,0.6255884285434519,0.5333333333333333,-0.3469613339673836,71,0.0051543157382640615,0.039301153067135254,0.929579467458233,0.3557835044897172,0.5211267605633803,1.3114922428508204,0.40685796250044975,0.6332266962989344,0.9988106200615792,trend_down,False
crude,trend_regime,[trend_down] Buy Tue_Close -> Sell Close+5d,Tue_Close,Close+5d,177,0.003019173897047844,0.10751510659489757,0.275343220361109,0.7833755508538457,0.5536723163841808,0.2808139239840671,77,0.0009251996255914378,0.03898226585164146,0.030744821080749635,0.9755536425392762,0.4935064935064935,0.23733859625106418,0.38482830636471144,0.6028018246569409,0.9988106200615792,trend_down,False
crude,trend_regime,[trend_down] Buy Wed_Close -> Sell Close+5d,Wed_Close,Close+5d,184,0.002942274726963093,0.0892452579301952,0.3265859802064023,0.7443542602949578,0.5217391304347826,0.3296841529960558,80,-0.00012520701797292256,0.036322665796413495,-0.22339467039647848,0.8238050060682258,0.5375,-0.03447076783259821,0.4290416436680269,0.6425218761121299,0.9988106200615792,trend_down,False
crude,trend_regime,[trend_down] Buy Thu_Close -> Sell Close+5d,Thu_Close,Close+5d,174,0.0008268379771553729,0.07235062692512335,0.007111082963018561,0.9943344179179527,0.5287356321839081,0.11428207498617513,75,-0.002143659417055348,0.039691368947719685,-0.6353193773152939,0.5271798745656798,0.49333333333333335,-0.5400820062112027,0.3832981847341953,0.6040181558778673,0.9988106200615792,trend_down,False
crude,trend_regime,[trend_down] Buy Fri_Close -> Sell Close+5d,Fri_Close,Close+5d,179,0.00342538590533073,0.07274496282484952,0.48375619897653427,0.6291534945512168,0.5307262569832403,0.4708760266436793,77,0.0024564559351768368,0.03765332436265927,0.38635860326960714,0.7003106685041013,0.5064935064935064,0.6523875319792214,0.39719817534305907,0.6151716936352885,0.9988106200615792,trend_down,False
crude,trend_regime,[trend_up] Buy Mon_Close -> Sell Close+10d,Mon_Close,Close+10d,189,0.009908939940697428,0.06635160157484003,1.084250394043441,0.2796422956568702,0.6084656084656085,1.493398758358655,81,-0.012672153209673739,0.06223190296317191,-2.4913558244287612,0.014794028235555298,0.35802469135802467,-2.0362792404360457,0.26223516972228395,0.4666714044111599,0.9988106200615792,trend_up,False
crude,trend_regime,[trend_up] Buy Tue_Close -> Sell Close+10d,Tue_Close,Close+10d,212,0.008731028358728984,0.06274646120918552,0.9419709828182945,0.34728472404773697,0.5754716981132075,1.391477414100102,92,-0.002311676666031384,0.0754613908658226,-0.8815779553608653,0.3803276977723418,0.391304347826087,-0.3063389952806146,0.2978546577810812,0.4934676907606794,0.9988106200615792,trend_up,False
crude,trend_regime,[trend_up] Buy Wed_Close -> Sell Close+10d,Wed_Close,Close+10d,203,0.011942094078503189,0.06020245828174732,1.7186821024074324,0.0872043522973169,0.5911330049261084,1.9836555548303734,88,-0.0013509868104992337,0.07267274042850828,-0.7717592562068435,0.44234828757338307,0.48863636363636365,-0.18590007787421547,0.38687686309205005,0.5913465128073245,0.9988106200615792,trend_up,False
crude,trend_regime,[trend_up] Buy Thu_Close -> Sell Close+10d,Thu_Close,Close+10d,209,0.009337876133555389,0.060027591290188,1.1234124663526721,0.2625573040874596,0.5406698564593302,1.5555973399655203,90,-0.0029435508002048625,0.07100946950088688,-1.0104438366478279,0.3150219278333315,0.4888888888888889,-0.4145293326220524,0.3882031497910542,0.5904843406183163,0.9988106200615792,trend_up,False
crude,trend_regime,[trend_up] Buy Fri_Close -> Sell Close+10d,Fri_Close,Close+10d,200,0.006626949929770314,0.06494951835008425,0.4267675210733434,0.670009999447843,0.57,1.0203231830065937,87,-0.011924842884149505,0.07578932611038645,-2.029580036044886,0.045490734935372305,0.40229885057471265,-1.5734198331280953,0.3055065555931764,0.5073545124637492,0.9988106200615792,trend_up,False
crude,trend_regime,[trend_down] Buy Mon_Close -> Sell Close+10d,Mon_Close,Close+10d,164,0.005588851413435482,0.1394816989879329,0.214873795547555,0.8301343155952334,0.5182926829268293,0.40068707608150056,71,0.0022199791039722943,0.05304134628428621,-0.16110744739909189,0.8724728473661542,0.4788732394366197,0.4185374730260147,0.36677330370106553,0.5931420374995502,0.9988106200615792,trend_down,False
crude,trend_regime,[trend_down] Buy Tue_Close -> Sell Close+10d,Tue_Close,Close+10d,177,0.010765421636990508,0.17074351746965188,0.5846088018185424,0.5595594400575968,0.536723163841808,0.6305025102287685,76,-0.0029271172069822373,0.05051283782721022,-1.0575617528740537,0.29364975436810076,0.5,-0.5794798575750302,0.3903240360982663,0.6096759639017337,0.9988106200615792,trend_down,False
crude,trend_regime,[trend_down] Buy Wed_Close -> Sell Close+10d,Wed_Close,Close+10d,184,0.005206771592918353,0.1256681841305584,0.21157149061494698,0.8326767902476085,0.5271739130434783,0.4143269538699601,79,-0.0017560693119926013,0.0468593995944639,-0.9418806904867063,0.34916180375547284,0.4430379746835443,-0.3747528408793501,0.33867609150989586,0.5526828392688433,0.9988106200615792,trend_down,False
crude,trend_regime,[trend_down] Buy Thu_Close -> Sell Close+10d,Thu_Close,Close+10d,173,0.004291255782736042,0.1108481238859784,0.12421913009077092,0.9012868260907531,0.5606936416184971,0.3871293110156877,75,-0.002859714180354435,0.050617690192459694,-1.0368566987702796,0.30317897585760095,0.44,-0.5649633891789939,0.33331275976784847,0.5525343057407155,0.9988106200615792,trend_down,False
crude,trend_regime,[trend_down] Buy Fri_Close -> Sell Close+10d,Fri_Close,Close+10d,178,-0.0019807347896901675,0.20379691067704583,-0.34090431445865965,0.7335799255072105,0.5617977528089888,-0.097191600358899,77,0.004062113350588451,0.05037033124263245,0.1420538016231707,0.8874134134134417,0.4805194805194805,0.806449600464481,0.3725285050287548,0.5903618880362019,0.9988106200615792,trend_down,False
crude,trend_regime,[trend_up] Buy Mon_Close -> Sell Close+20d,Mon_Close,Close+20d,189,0.016175836949846326,0.09827794293025219,1.3624320414418485,0.17469152763997642,0.5767195767195767,1.6459275059640097,81,-0.01644371638703665,0.09253741425561718,-2.2089807918425284,0.030036470448986646,0.37037037037037035,-1.7769803186432225,0.27331523697645854,0.4791646785366859,0.9988106200615792,trend_up,False
crude,trend_regime,[trend_up] Buy Tue_Close -> Sell Close+20d,Tue_Close,Close+20d,212,0.013032387543981054,0.09524385656452232,1.009934153601766,0.31368357172617334,0.5754716981132075,1.3683179171931525,92,-0.013709585373705153,0.09131376700678777,-2.101899521252166,0.038324956881276066,0.41304347826086957,-1.501371131987804,0.31788936478397756,0.5151685140494309,0.9988106200615792,trend_up,False
crude,trend_regime,[trend_up] Buy Wed_Close -> Sell Close+20d,Wed_Close,Close+20d,203,0.018654030671487076,0.08849055057184314,1.9664787083424968,0.05061297238754893,0.5467980295566502,2.1080251564648544,88,-0.005371329519758506,0.09326000444313554,-1.178346436726136,0.24187147881611182,0.4318181818181818,-0.5759520977755933,0.3333250852294768,0.5360151701667708,0.9988106200615792,trend_up,False
crude,trend_regime,[trend_up] Buy Thu_Close -> Sell Close+20d,Thu_Close,Close+20d,209,0.011804928738473369,0.08792761211963432,0.8848312350453449,0.37726935910372494,0.5358851674641149,1.342573561808045,90,-0.0034395895250291238,0.09192789981581273,-1.0108416659877175,0.31483251551894714,0.4222222222222222,-0.3741616562458954,0.32542241309246966,0.525390019773125,0.9988106200615792,trend_up,False
crude,trend_regime,[trend_up] Buy Fri_Close -> Sell Close+20d,Fri_Close,Close+20d,200,0.007685451778058116,0.09821643940933847,0.18313547605822592,0.8548781705244087,0.525,0.7825015673829628,86,-0.01093784791085435,0.09604293371652883,-1.6653268929284666,0.0995293564709908,0.37209302325581395,-1.1388498338813202,0.2774609328276677,0.47766364197954847,0.9988106200615792,trend_up,False
crude,trend_regime,[trend_down] Buy Mon_Close -> Sell Close+20d,Mon_Close,Close+20d,163,0.015016283465608495,0.20069425145132402,0.28638754792887133,0.7749472293014892,0.5766871165644172,0.7482169198678077,70,0.002437791697222725,0.0645845796690515,-1.0369970603955654,0.30335777401445974,0.38571428571428573,0.37745723665224973,0.28047517785454174,0.5028447935436945,0.9988106200615792,trend_down,False
crude,trend_regime,[trend_down] Buy Tue_Close -> Sell Close+20d,Tue_Close,Close+20d,175,0.030431429175146796,0.25386708096248983,1.0356080768761682,0.3018221374771394,0.56,1.198715054341496,76,0.0006700609892309372,0.06445261513998955,-1.3208810648858116,0.19055717007469,0.42105263157894735,0.10396180011867331,0.3164844262757472,0.533217984497584,0.9988106200615792,trend_down,False
crude,trend_regime,[trend_down] Buy Wed_Close -> Sell Close+20d,Wed_Close,Close+20d,182,0.015983409376190204,0.19730502703164648,0.37386165668491084,0.708944808818907,0.510989010989011,0.8100862718326263,79,-0.0015892427432514687,0.06228999746888637,-1.7141413346406074,0.09047413731408163,0.4177215189873418,-0.2551361065707684,0.3152645504906467,0.5278094606341988,0.9988106200615792,trend_down,False
crude,trend_regime,[trend_down] Buy Thu_Close -> Sell Close+20d,Thu_Close,Close+20d,172,0.015203890231345524,0.17967258639967335,0.3423148644691166,0.7325343253525367,0.5058139534883721,0.8461997757145419,74,-0.0021497750678261007,0.06593920032322813,-1.6391484115153516,0.10548534725350339,0.3783783783783784,-0.32602383063308216,0.2764736658122867,0.492287510730847,0.9988106200615792,trend_down,False
crude,trend_regime,[trend_down] Buy Fri_Close -> Sell Close+20d,Fri_Close,Close+20d,177,-0.001156771055962308,0.26404806302430966,-0.5856940931504532,0.5588313786996942,0.5141242937853108,-0.04380910970196397,77,0.0005681897821799917,0.06401945876846338,-1.3525264881839079,0.18021752798693935,0.37662337662337664,0.08875266881510838,0.27669846411806526,0.48827402529332703,0.9988106200615792,trend_down,False
usdinr,multiday_hold,Buy Mon_Close -> Sell Close+2d,Mon_Close,Close+2d,400,0.001485348273938118,0.004997159014044683,4.900117021831474,1.3951456332831102e-06,0.61,2.9723854489390806,172,0.0006660260916517399,0.003107003810961975,1.7110557226249627,0.08888413410522396,0.5406976744186046,2.1436281774161334,0.46614486526127896,0.6134722446831256,0.0019183252457642766,,False
usdinr,multiday_hold,Buy Tue_Close -> Sell Close+2d,Tue_Close,Close+2d,400,-9.655478836338294e-05,0.005008899227211447,-1.4198379031339747,0.15643570948466454,0.4625,-0.19276648218202802,172,0.00048809010324281317,0.0035733911542451847,0.8365839468013438,0.4039940316150999,0.47093023255813954,1.3659016944253715,0.39778405133173356,0.5453465844222631,0.9988106200615792,,False
usdinr,multiday_hold,Buy Wed_Close -> Sell Close+2d,Wed_Close,Close+2d,399,-0.00018675290517654956,0.005671504365128259,-1.5696636252337097,0.11728803502983982,0.43859649122807015,-0.3292828377684343,172,0.00012308664087668186,0.0035450491852015427,-0.5031236101465844,0.6155247978388693,0.45930232558139533,0.34720714564552413,0.3865277553168744,0.5338551347387209,0.9988106200615792,,False
usdinr,multiday_hold,Buy Thu_Close -> Sell Close+2d,Thu_Close,Close+2d,400,-0.0005740085309471818,0.004932646514189691,-3.375258285067906,0.0008097606385124476,0.425,-1.163692815400288,172,-0.00015660320986132564,0.003954049376943054,-1.3760620594766582,0.17060188585885835,0.436046511627907,-0.3960578003262022,0.36413387155549903,0.5107535271032939,0.10856563909615387,,False
usdinr,multiday_hold,Buy Fri_Close -> Sell Close+2d,Fri_Close,Close+2d,401,0.000610806199207603,0.0052078125942009515,1.3492206495889045,0.17802931216445092,0.4837905236907731,1.172865167782253,172,0.00030838319683515095,0.003364819116825819,0.19004556251591925,0.849498840744236,0.46511627906976744,0.9164926438187331,0.39215098101408197,0.5396057818907141,0.9988106200615792,,False
usdinr,multiday_hold,Buy Mon_Close -> Sell Close+3d,Mon_Close,Close+3d,400,0.0012057451291972476,0.006027359211784176,2.7112318570503207,0.006992950704559662,0.515,2.0004534105746976,172,0.0008686483923164235,0.004278492989873349,1.4701334938809483,0.1433631616821976,0.5290697674418605,2.030267186068562,0.4546534155777369,0.6022159486682666,0.33090919330934926,,False
usdinr,multiday_hold,Buy Tue_Close -> Sell Close+3d,Tue_Close,Close+3d,400,-2.198529577947247e-05,0.0060941930676535645,-1.342643337993377,0.18015082544155203,0.4625,-0.036075811080165575,172,0.00038577983666761523,0.004386369266268018,-0.005555816674980241,0.9955735986336786,0.47093023255813954,0.8794969443962065,0.39778405133173356,0.5453465844222631,0.9988106200615792,,False
usdinr,multiday_hold,Buy Wed_Close -> Sell Close+3d,Wed_Close,Close+3d,399,-0.0008572498730877868,0.006063848930418019,-4.0956732289935545,5.1012376925770244e-05,0.39348370927318294,-1.41370585402874,172,4.7602434286543125e-05,0.004101912754912227,-1.0840340824147672,0.27987574074064653,0.4186046511627907,0.11604935826471943,0.3474434939739834,0.4933222861372076,0.0233806727576447,,False
usdinr,multiday_hold,Buy Thu_Close -> Sell Close+3d,Thu_Close,Close+3d,400,0.0007267405399078319,0.006320813305158611,1.071611959509668,0.2845421058008778,0.525,1.1497579580695991,172,0.0002686387685087003,0.004149001446914158,-0.3750753327403482,0.7080692355995417,0.47093023255813954,0.6474781268358,0.39778405133173356,0.5453465844222631,0.9988106200615792,,False
usdinr,multiday_hold,Buy Fri_Close -> Sell Close+3d,Fri_Close,Close+3d,400,0.0007906323573407064,0.005957847104688195,1.3511083859409083,0.17742633748970674,0.5275,1.3270437180547356,172,0.000579692319583782,0.0040562950067250724,0.6191277713016566,0.536656149703372,0.5,1.4291177506140207,0.426096456497769,0.573903543502231,0.9988106200615792,,False
usdinr,multiday_hold,Buy Mon_Close -> Sell Close+5d,Mon_Close,Close+5d,400,0.000622876484845603,0.007088360542355648,-0.04125714915328134,0.9671115306119024,0.495,0.8787313810064813,172,0.0006968291011513177,0.005277352263250069,0.14696866022850288,0.8833298880365281,0.4941860465116279,1.3204142274220179,0.42041440726677903,0.5682117198840203,0.9988106200615792,,False
usdinr,multiday_hold,Buy Tue_Close -> Sell Close+5d,Tue_Close,Close+5d,399,0.0006116169575345799,0.0077514453030278945,-0.06665927311517963,0.9468864294497238,0.48872180451127817,0.7890360231216081,172,0.0007186767985820468,0.004848222961821856,0.21890517737940618,0.8269849678438375,0.436046511627907,1.4823509649646636,0.36413387155549903,0.5107535271032939,0.9988106200615792,,False
usdinr,multiday_hold,Buy Wed_Close -> Sell Close+5d,Wed_Close,Close+5d,399,0.000603066908929009,0.008060385390058851,-0.08526622614131137,0.9320926163248682,0.48621553884711777,0.7481861967453716,171,0.0006764751560267652,0.004812971679704361,0.10553796534418707,0.9160733711712741,0.4444444444444444,1.4055249044563631,0.37199932266635044,0.5193308870777836,0.9988106200615792,,False
usdinr,multiday_hold,Buy Thu_Close -> Sell Close+5d,Thu_Close,Close+5d,400,0.0006326603009618556,0.007627173809686788,-0.012719517964355137,0.9898579239966651,0.5025,0.8294819506517002,172,0.0007264063933999227,0.005588766250963159,0.20798484375493642,0.8354883065601809,0.45930232558139533,1.2997616303504107,0.3865277553168744,0.5338551347387209,0.9988106200615792,,False
usdinr,multiday_hold,Buy Fri_Close -> Sell Close+5d,Fri_Close,Close+5d,400,0.0005749206623047943,0.007272090997376707,-0.1719398662096051,0.863571976742179,0.4775,0.7905850772662057,172,0.0007003388001060777,0.005564153281914953,0.14764163013840287,0.882799539127062,0.45348837209302323,1.2586619466116682,0.38091439980908326,0.5280946173973114,0.9988106200615792,,False
usdinr,multiday_hold,Buy Mon_Close -> Sell Close+10d,Mon_Close,Close+10d,399,0.0012545573330901307,0.010403805277810435,-0.10558672145410927,0.915963454580111,0.48872180451127817,1.20586391189567,172,0.0014442041618064007,0.007121861228924786,0.2471140169359123,0.8051164206538621,0.47093023255813954,2.0278465353142487,0.39778405133173356,0.5453465844222631,0.9988106200615792,,False
usdinr,multiday_hold,Buy Tue_Close -> Sell Close+10d,Tue_Close,Close+10d,399,0.0012730455550943702,0.011113477979307798,-0.06565584785578979,0.9476847907507069,0.48370927318295737,1.1454969879498171,171,0.0014708792249877127,0.006900717562435425,0.3046869406382946,0.7609772760786315,0.4678362573099415,2.1314873586401424,0.39457849581549287,0.5425074150890058,0.9988106200615792,,False
usdinr,multiday_hold,Buy Wed_Close -> Sell Close+10d,Wed_Close,Close+10d,398,0.0012663661398042993,0.010678592490916844,-0.0807067023158252,0.9357158758211749,0.47738693467336685,1.1858923738137435,171,0.0013846273307222784,0.006461465568053424,0.15135442554172954,0.8798755958459472,0.5029239766081871,2.1428998052208303,0.4287463843461108,0.5769730782989346,0.9988106200615792,,False
usdinr,multiday_hold,Buy Thu_Close -> Sell Close+10d,Thu_Close,Close+10d,399,0.001251228131684637,0.010709090273494253,-0.10877871225503771,0.9134328291754745,0.45112781954887216,1.168379479236919,172,0.001481354380785315,0.007065590617183359,0.3178380985811283,0.7509955455948047,0.5,2.0965754471858222,0.426096456497769,0.573903543502231,0.9988106200615792,,False
usdinr,multiday_hold,Buy Fri_Close -> Sell Close+10d,Fri_Close,Close+10d,399,0.0012005484385470572,0.010275131449464198,-0.2117712812479379,0.8323938765369976,0.47117794486215536,1.1684020242968867,172,0.0014695547298158862,0.006964706037015691,0.30028739440954133,0.7643226956938007,0.4883720930232558,2.110002521291733,0.4147421343626445,0.5625101199389542,0.9988106200615792,,False
usdinr,multiday_hold,Buy Mon_Close -> Sell Close+20d,Mon_Close,Close+20d,398,0.0026266045001394353,0.014705749194643921,-0.09049361003968734,0.9279406102719636,0.45979899497487436,1.7861072328746694,171,0.002836721330452004,0.009322859153880132,0.20044886100490736,0.8413691494278538,0.43859649122807015,3.0427589687133407,0.3663796886375996,0.5135115958164433,0.9988106200615792,,False
usdinr,multiday_hold,Buy Tue_Close -> Sell Close+20d,Tue_Close,Close+20d,397,0.0026668418754679773,0.015645392321020142,-0.03377259997990237,0.9730755015901668,0.4357682619647355,1.704554172083611,171,0.002961702440778823,0.008799062099401704,0.3975776928585727,0.6914402733052356,0.4502923976608187,3.3659296949162405,0.3776290550831713,0.5251400799510538,0.9988106200615792,,False
usdinr,multiday_hold,Buy Wed_Close -> Sell Close+20d,Wed_Close,Close+20d,396,0.002613200076751911,0.015401425813040081,-0.1034857216580977,0.9176300011836875,0.45707070707070707,1.696726074893252,171,0.0029497910198124965,0.008612560115896456,0.38815460622481396,0.6983872530427002,0.4619883040935672,3.4249874370896762,0.3889186720910832,0.5367283135233243,0.9988106200615792,,False
usdinr,multiday_hold,Buy Thu_Close -> Sell Close+20d,Thu_Close,Close+20d,398,0.00258889027296308,0.015516868834326084,-0.13419118303680558,0.8933193987708832,0.4371859296482412,1.6684360102574256,171,0.0029930256967861044,0.009357831089645488,0.4174809379627664,0.6768534398626614,0.4619883040935672,3.1984181677503356,0.3889186720910832,0.5367283135233243,0.9988106200615792,,False
usdinr,multiday_hold,Buy Fri_Close -> Sell Close+20d,Fri_Close,Close+20d,398,0.002534070863060016,0.014893508380030547,-0.21314628556262163,0.8313222730678057,0.4547738693467337,1.7014599907552599,171,0.0027425950653561333,0.009355742089108695,0.06856753264284124,0.9454144461379717,0.47953216374269003,2.9314564673056474,0.4059280527807113,0.5540357087039697,0.9988106200615792,,False
usdinr,vix_regime,[vix_high] Buy Mon_Close -> Sell Close+2d,Mon_Close,Close+2d,208,0.0020763751381010697,0.005359321192566325,4.739989171118975,3.9709854867960965e-06,0.6538461538461539,3.874324869688939,90,0.00043743906971809336,0.0038563150469370965,0.30996299530284543,0.7573137206766279,0.5444444444444444,1.1343447420498805,0.4418444949284148,0.6434055434341024,0.0027300525221723164,vix_high,False
usdinr,vix_regime,[vix_high] Buy Tue_Close -> Sell Close+2d,Tue_Close,Close+2d,205,-0.0003509757177510576,0.005519438773723151,-1.71233584317684,0.08835432976090725,0.43414634146341463,-0.6358902275027976,88,0.00012801121168111136,0.004030822122257598,-0.42282758315163144,0.6734643486400829,0.5113636363636364,0.3175808998721441,0.40865348719267547,0.61312313690795,0.9988106200615792,vix_high,False
usdinr,vix_regime,[vix_high] Buy Wed_Close -> Sell Close+2d,Wed_Close,Close+2d,205,-0.0002989343885765213,0.006519433391752706,-1.3356734347849137,0.18314429823061454,0.44390243902439025,-0.45852817355981124,89,0.000494149627257619,0.004646707341214185,0.37027787629134856,0.7120651830448665,0.48314606741573035,1.0634403911663128,0.3821909362267175,0.5854959627496036,0.9988106200615792,vix_high,False
usdinr,vix_regime,[vix_high] Buy Thu_Close -> Sell Close+2d,Thu_Close,Close+2d,193,-0.001090109407406578,0.005454612073726763,-3.5585816587994383,0.0004698528599272958,0.3626943005181347,-1.9985095047497683,84,0.001042005243103344,0.004561507632944342,1.4605216032026542,0.14792192605987822,0.5238095238095238,2.284343964652658,0.41831918439941584,0.6272173267752441,0.0922925260571474,vix_high,False
usdinr,vix_regime,[vix_high] Buy Fri_Close -> Sell Close+2d,Fri_Close,Close+2d,187,0.0009321566720337836,0.005635811113713748,1.5037851203167474,0.13433276087180332,0.49732620320855614,1.6539884911429084,81,-4.5248038101511966e-06,0.004549087807125439,-0.6198556520623593,0.5371143948910904,0.4567901234567901,-0.009946617875926236,0.352731535009501,0.564761770161547,0.9988106200615792,vix_high,False
usdinr,vix_regime,[vix_low] Buy Mon_Close -> Sell Close+2d,Mon_Close,Close+2d,191,0.0011088327394415494,0.004239999333627921,2.9278270413639125,0.003830496631267749,0.5759162303664922,2.615171966295536,83,0.0003090746880284322,0.0029138739336608114,0.3134002881414778,0.7547723623531745,0.5180722891566265,1.060700274154036,0.4121756969766282,0.6223699585617313,0.22210481458050188,vix_low,False
usdinr,vix_regime,[vix_low] Buy Tue_Close -> Sell Close+2d,Tue_Close,Close+2d,195,0.00041809164251218847,0.00440237018222511,0.6639758356979099,0.5074941132925741,0.48717948717948717,0.9496966979293652,84,0.00029150890039955895,0.0029970052890237403,0.25316220326348693,0.8007688614490271,0.4523809523809524,0.9726672871322044,0.3503554445205683,0.5585715331301119,0.9988106200615792,vix_low,False
usdinr,vix_regime,[vix_low] Buy Wed_Close -> Sell Close+2d,Wed_Close,Close+2d,193,-0.00030893610211806536,0.004455802713320842,-1.608246901996747,0.10942422169671541,0.37823834196891193,-0.6933343372552956,84,0.0002807546857903739,0.0023919107641068183,0.27624479733275775,0.7830467415399267,0.5714285714285714,1.1737673913400053,0.4647675967027547,0.6718419368212247,0.9988106200615792,vix_low,False
usdinr,vix_regime,[vix_low] Buy Thu_Close -> Sell Close+2d,Thu_Close,Close+2d,206,-0.0007241519223208957,0.004255594836262114,-3.136963018937324,0.0019581853375655765,0.4368932038834951,-1.701646773678652,89,0.00017414389586373557,0.003189668525761104,-0.10024044370452298,0.9203814568605512,0.4943820224719101,0.5459623608449475,0.39291271906748554,0.5963162472579547,0.14850983335693804,vix_low,False
usdinr,vix_regime,[vix_low] Buy Fri_Close -> Sell Close+2d,Fri_Close,Close+2d,213,0.0002885056487589891,0.004489860269606332,0.2603345079905476,0.7948584344948226,0.47417840375586856,0.6425715533109121,92,0.0006801815651145081,0.0030513485259194635,1.4754635664502038,0.14353969663964086,0.5,2.229117910775364,0.39989654939501507,0.6001034506049849,0.9988106200615792,vix_low,False
usdinr,vix_regime,[vix_high] Buy Mon_Close -> Sell Close+3d,Mon_Close,Close+3d,208,0.0018156588082986931,0.006486037331446399,3.0931212674456994,0.0022538245084691784,0.5625,2.7993345019705544,90,0.0003057327942597147,0.004436508559442637,-0.24563319999747582,0.8065317382466969,0.4666666666666667,0.6891292784930956,0.3670825183252626,0.5689799529028493,0.14850983335693804,vix_high,False
usdinr,vix_regime,[vix_high] Buy Tue_Close -> Sell Close+3d,Tue_Close,Close+3d,205,-0.00038704289899350283,0.006782903395100507,-1.7020264949431054,0.09027375826132233,0.43414634146341463,-0.5706153787669679,88,0.0008018689454844699,0.0058173524739608415,0.610279360504358,0.5432676592061104,0.5,1.3784087333090613,0.3977398665504473,0.6022601334495528,0.9988106200615792,vix_high,False
usdinr,vix_regime,[vix_high] Buy Wed_Close -> Sell Close+3d,Wed_Close,Close+3d,205,-0.0014231818546196723,0.0068139000372513265,-3.866171434030356,0.00014859428158836628,0.35121951219512193,-2.088645044452065,89,0.0008791487764929121,0.005008970624490391,0.8575623126194439,0.3934637289403189,0.5393258426966292,1.7551485971877825,0.436292717570131,0.6391045181517867,0.05107928429600091,vix_high,False
usdinr,vix_regime,[vix_high] Buy Thu_Close -> Sell Close+3d,Thu_Close,Close+3d,193,0.0007506223625505249,0.006642913204443857,0.687042893443291,0.4928846997434664,0.5025906735751295,1.1299596117685038,84,0.0011133940041108833,0.005795388722302982,1.0880657847669108,0.27971550118777644,0.4880952380952381,1.9211722586029412,0.3840817181332218,0.5931500262794481,0.9988106200615792,vix_high,False
usdinr,vix_regime,[vix_high] Buy Fri_Close -> Sell Close+3d,Fri_Close,Close+3d,187,0.0008204772422445466,0.006470001408681403,0.8415426101734618,0.4011246745718336,0.5401069518716578,1.2681252915086478,81,0.00034163421619488876,0.00517426874775487,-0.13761821026278992,0.8908879453007688,0.5308641975308642,0.6602560339432018,0.42326527260622987,0.6356680808430215,0.9988106200615792,vix_high,False
usdinr,vix_regime,[vix_low] Buy Mon_Close -> Sell Close+3d,Mon_Close,Close+3d,191,0.0009544408973175677,0.005493687504659324,1.5065060518401465,0.13359808213685018,0.5130890052356021,1.737341078297745,83,0.0005329443392791077,0.003823815165154882,0.4237277921038087,0.6728737806463811,0.46987951807228917,1.3937502631812513,0.36623168109196985,0.5761922263440978,0.9988106200615792,vix_low,False
usdinr,vix_regime,[vix_low] Buy Tue_Close -> Sell Close+3d,Tue_Close,Close+3d,195,0.0002442646010965911,0.004973615798262944,-0.3073564335434178,0.7589017765007915,0.4666666666666667,0.49112076807762584,84,0.00022271123181238458,0.0031891790248042735,-0.37509706325835374,0.708545082844251,0.5,0.6983340542510085,0.39543750035009767,0.6045624996499024,0.9988106200615792,vix_low,False
usdinr,vix_regime,[vix_low] Buy Wed_Close -> Sell Close+3d,Wed_Close,Close+3d,193,-0.0008016722301712844,0.004769182726523762,-3.357744801815224,0.0009474819412027974,0.37305699481865284,-1.6809425768335369,84,0.00040923451008904844,0.0036122492683657715,0.13926399146927104,0.8895789070403678,0.47619047619047616,1.1329077250369033,0.3727826732247559,0.5816808156005842,0.10856563909615387,vix_low,False
usdinr,vix_regime,[vix_low] Buy Thu_Close -> Sell Close+3d,Thu_Close,Close+3d,206,0.00018961775725351624,0.005664853828386334,-0.41551605130049385,0.6781987631657767,0.49029126213592233,0.3347266549109351,89,0.0006679282453352743,0.0032790077882899472,0.898061093936561,0.3716035532583432,0.550561797752809,2.0369827962000944,0.4472614742822269,0.6496778287888101,0.9988106200615792,vix_low,False
usdinr,vix_regime,[vix_low] Buy Fri_Close -> Sell Close+3d,Fri_Close,Close+3d,212,0.0008066333726059874,0.005173008740438279,1.270949687663078,0.20514594417033472,0.5141509433962265,1.5593118300775304,92,0.0006940449032685601,0.0038290863491860657,0.8471107725986066,0.39915576605901304,0.5108695652173914,1.8125600730213112,0.41035314036206955,0.6105146247837545,0.9988106200615792,vix_low,False
usdinr,vix_regime,[vix_high] Buy Mon_Close -> Sell Close+5d,Mon_Close,Close+5d,208,0.0008122829046779063,0.007733267358353214,0.3004361638842613,0.7641459979329475,0.49038461538461536,1.050374786021727,90,0.0012654168377291015,0.006264224986838467,0.9256206421808347,0.35714625975940684,0.5444444444444444,2.0200692669688944,0.4418444949284148,0.6434055434341024,0.9988106200615792,vix_high,False
usdinr,vix_regime,[vix_high] Buy Tue_Close -> Sell Close+5d,Tue_Close,Close+5d,205,0.00029802263032848597,0.008144428613145805,-0.6186621903146333,0.5368291021679243,0.4878048780487805,0.3659220854946803,88,0.0012227736143494128,0.006952172913751969,0.7673898421474418,0.44492741838652883,0.4772727272727273,1.758836596153508,0.37606451443681693,0.5803822373619323,0.9988106200615792,vix_high,False
usdinr,vix_regime,[vix_high] Buy Wed_Close -> Sell Close+5d,Wed_Close,Close+5d,205,0.00014489225919953714,0.008761672272542785,-0.824704347664455,0.4105027214900961,0.4682926829268293,0.1653705533515544,89,0.001081258562137935,0.006544766552256545,0.6169924397675361,0.5388328116847054,0.48314606741573035,1.6520964552435138,0.3821909362267175,0.5854959627496036,0.9988106200615792,vix_high,False
usdinr,vix_regime,[vix_high] Buy Thu_Close -> Sell Close+5d,Thu_Close,Close+5d,193,0.0003467863995222017,0.008000164970021467,-0.5265538849488968,0.5991111861961071,0.47150259067357514,0.4334740606246163,84,0.001332579839094647,0.006466386093900222,0.9605553599773143,0.3395657373330056,0.5595238095238095,2.060779884998944,0.4530690997323842,0.6607721782042654,0.9988106200615792,vix_high,False
usdinr,vix_regime,[vix_high] Buy Fri_Close -> Sell Close+5d,Fri_Close,Close+5d,187,0.00042086865553902917,0.00801560327938482,-0.39121542775475093,0.6960857851461455,0.46524064171123,0.525061733807926,81,0.0011802125024060282,0.006720660421567642,0.7045767443722128,0.48311981125563713,0.5061728395061729,1.7560960208888745,0.3995059708753621,0.6122806998144883,0.9988106200615792,vix_high,False
usdinr,vix_regime,[vix_low] Buy Mon_Close -> Sell Close+5d,Mon_Close,Close+5d,191,0.00014826541751314384,0.006049923757921762,-1.0843788382356117,0.2795709165797534,0.49214659685863876,0.24506989417677422,83,0.0006969174099112493,0.004707596728925348,0.13986243819048472,0.8891116458415057,0.4578313253012048,1.4804101753854815,0.35489199413707434,0.5645014762734203,0.9988106200615792,vix_low,False
usdinr,vix_regime,[vix_low] Buy Tue_Close -> Sell Close+5d,Tue_Close,Close+5d,194,0.0006171227835381716,0.00664005062602042,-0.014822847504361886,0.988188823450342,0.4329896907216495,0.9293946963594639,84,0.0009431790253085259,0.004297966540448157,0.6761263925217433,0.5008401104675617,0.5238095238095238,2.1944773567506157,0.41831918439941584,0.6272173267752441,0.9988106200615792,vix_low,False
usdinr,vix_regime,[vix_low] Buy Wed_Close -> Sell Close+5d,Wed_Close,Close+5d,193,0.0007941165448270812,0.006663309671394934,0.35332717109785833,0.7242308137021758,0.46113989637305697,1.1917749346637172,83,0.0009289340966920902,0.0045086483536974035,0.6120274187134704,0.5422129602636082,0.4939759036144578,2.0603383183128483,0.38908687956649984,0.5993979019207136,0.9988106200615792,vix_low,False
usdinr,vix_regime,[vix_low] Buy Thu_Close -> Sell Close+5d,Thu_Close,Close+5d,206,0.0006175225532890837,0.007330438277820163,-0.013057106768291462,0.9895949303623519,0.5097087378640777,0.8424087754173344,89,0.0008082010391038476,0.004304735836821901,0.4009565662752805,0.6894239931500519,0.42696629213483145,1.8774695352747264,0.32932584473480486,0.5306507174959193,0.9988106200615792,vix_low,False
usdinr,vix_regime,[vix_low] Buy Fri_Close -> Sell Close+5d,Fri_Close,Close+5d,212,0.0005221924920546816,0.006489087119061048,-0.22836094036335525,0.8195868108606642,0.4716981132075472,0.8047241198546913,92,0.0007111095537378679,0.0044775706923117975,0.18514335524866726,0.8535286194243243,0.4673913043478261,1.5881593002180332,0.36879946305290146,0.5685972415096268,0.9988106200615792,vix_low,False
usdinr,vix_regime,[vix_high] Buy Mon_Close -> Sell Close+10d,Mon_Close,Close+10d,208,0.001094236508827944,0.011183753873242275,-0.05471073349539284,0.9564216854990749,0.4951923076923077,0.9784161214831122,90,0.0024040930886658368,0.00845899417250636,1.4134013643784125,0.16102583715164126,0.5,2.8420554969522045,0.39883544540986604,0.601164554590134,0.9988106200615792,vix_high,False
usdinr,vix_regime,[vix_high] Buy Tue_Close -> Sell Close+10d,Tue_Close,Close+10d,205,0.00038735322724109514,0.01151911962966036,-0.9292145940505434,0.3538760871870248,0.4585365853658537,0.33626981895709007,88,0.0025255254391755477,0.009776142343068913,1.325011354310156,0.18863693024253342,0.5340909090909091,2.5833558376593135,0.43063280602477044,0.6346970662771058,0.9988106200615792,vix_high,False
usdinr,vix_regime,[vix_high] Buy Wed_Close -> Sell Close+10d,Wed_Close,Close+10d,205,0.0005708763001561135,0.01112070690057133,-0.7267973486165296,0.46818327491918976,0.4585365853658537,0.5133453343031499,89,0.0018430876474291305,0.008749644437082298,0.7572762989063608,0.45090728686940235,0.5617977528089888,2.106471480849953,0.45828020628709,0.6602011641330666,0.9988106200615792,vix_high,False
usdinr,vix_regime,[vix_high] Buy Thu_Close -> Sell Close+10d,Thu_Close,Close+10d,193,0.0005374332239833307,0.011085730295282387,-0.7491232128492055,0.4546997436530833,0.44559585492227977,0.4847973111992805,84,0.002597290208691027,0.00872355366827748,1.525298390975409,0.13098630113418672,0.5357142857142857,2.9773304635424775,0.42984527122776917,0.6384594955342207,0.9988106200615792,vix_high,False
usdinr,vix_regime,[vix_high] Buy Fri_Close -> Sell Close+10d,Fri_Close,Close+10d,187,0.00030767273754644334,0.01104682183694684,-1.0235798490490213,0.30736316961611104,0.45454545454545453,0.2785169726530857,81,0.0027093060814098687,0.00837618708612928,1.6791935596706502,0.09701619689314046,0.5802469135802469,3.23453386791754,0.471534628313757,0.6816920906542965,0.9988106200615792,vix_high,False
usdinr,vix_regime,[vix_low] Buy Mon_Close -> Sell Close+10d,Mon_Close,Close+10d,191,0.001008291909036261,0.009215535504854084,-0.710711136061196,0.4781347527191172,0.47643979057591623,1.0941218863571898,82,0.0013709532352634086,0.006152494795266338,-0.16456068361306014,0.8696997484990124,0.4634146341463415,2.2282883299929077,0.35954916535448855,0.5705546537728343,0.9988106200615792,vix_low,False
usdinr,vix_regime,[vix_low] Buy Tue_Close -> Sell Close+10d,Tue_Close,Close+10d,193,0.0016911937188701532,0.009765695966594212,0.29476650700709434,0.7684907248965673,0.46632124352331605,1.7317697833879597,84,0.0015644224521635733,0.006047561192163528,0.12198411984755432,0.9032064562132759,0.4642857142857143,2.5868650228637002,0.36154050446577934,0.5701547287722308,0.9988106200615792,vix_low,False
usdinr,vix_regime,[vix_low] Buy Wed_Close -> Sell Close+10d,Wed_Close,Close+10d,192,0.001626184066979117,0.009560961208208079,0.20632263227223932,0.8367586664160072,0.453125,1.700858346316727,83,0.0017770266768968005,0.005633757891530356,0.4718807829375727,0.6382651640471587,0.4939759036144578,3.1542475042605855,0.38908687956649984,0.5993979019207136,0.9988106200615792,vix_low,False
usdinr,vix_regime,[vix_low] Buy Thu_Close -> Sell Close+10d,Thu_Close,Close+10d,205,0.0014956582716825302,0.009997044471054668,0.01744398082909479,0.9860994716515323,0.43902439024390244,1.496100448500597,89,0.001410404972848276,0.0062631172884153,-0.1094040578993841,0.9131311120365958,0.4943820224719101,2.251921699529817,0.39291271906748554,0.5963162472579547,0.9988106200615792,vix_low,False
usdinr,vix_regime,[vix_low] Buy Fri_Close -> Sell Close+10d,Fri_Close,Close+10d,212,0.001497058516160878,0.009321549367155669,0.021208351786223174,0.9830994941188121,0.4716981132075472,1.6060189751670897,91,0.0015100795666716244,0.005926856303887034,0.042626820680839804,0.966093443294715,0.46153846153846156,2.5478592515922194,0.3627526243994019,0.5634401011556289,0.9988106200615792,vix_low,False
usdinr,vix_regime,[vix_high] Buy Mon_Close -> Sell Close+20d,Mon_Close,Close+20d,208,0.0009709513594777691,0.014671289228333221,-0.5999060179282772,0.5492249989892865,0.4567307692307692,0.6618037067953552,90,0.004297328608732871,0.011774176053524658,2.1750858689904926,0.03227501127162724,0.5666666666666667,3.6497913647608864,0.4636391101764269,0.664235947367349,0.9988106200615792,vix_high,False
usdinr,vix_regime,[vix_high] Buy Tue_Close -> Sell Close+20d,Tue_Close,Close+20d,205,8.647274067140162e-05,0.015004723522040275,-1.424235853478136,0.15590606913005667,0.4292682926829268,0.057630345900331156,88,0.0049645676908613885,0.012145644573837188,2.59714908844013,0.01103617688984897,0.6022727272727273,4.087529204959211,0.4978053825746995,0.6981842343309292,0.9988106200615792,vix_high,False
usdinr,vix_regime,[vix_high] Buy Wed_Close -> Sell Close+20d,Wed_Close,Close+20d,205,0.00053678152922149,0.014946605325948239,-0.9994623473019404,0.31875480986287136,0.4585365853658537,0.35913273784623445,89,0.00444011255306564,0.01130375380991208,2.37133562621518,0.019905632904218647,0.5955056179775281,3.9279982806881164,0.491640345784806,0.6914672266827087,0.9988106200615792,vix_high,False
usdinr,vix_regime,[vix_high] Buy Thu_Close -> Sell Close+20d,Thu_Close,Close+20d,193,-0.00018613706277690378,0.014528252047347447,-1.6870298424752355,0.09322159031182471,0.43005181347150256,-0.1281207554565303,84,0.005173984518891374,0.011679218482887922,2.801407041974646,0.006329524786197583,0.5952380952380952,4.430077685824747,0.4883404055387379,0.6938056391599015,0.9988106200615792,vix_high,False
usdinr,vix_regime,[vix_high] Buy Fri_Close -> Sell Close+20d,Fri_Close,Close+20d,187,-0.0004168109094980453,0.014337125978817864,-1.902024481306862,0.058713344015208294,0.42780748663101603,-0.2907213831515851,81,0.004863757588225226,0.011620788525637808,2.5253669680718516,0.013533169823503537,0.6296296296296297,4.185393768671372,0.5208353214633141,0.7266847630235413,0.9988106200615792,vix_high,False
usdinr,vix_regime,[vix_low] Buy Mon_Close -> Sell Close+20d,Mon_Close,Close+20d,189,0.0036974997946860482,0.01409010239648285,-0.11751084402417986,0.9065806994180947,0.3862433862433862,2.6241823449125623,82,0.002962475851338906,0.007904437091858146,-0.9743933110416922,0.33276229928916984,0.4268292682926829,3.7478644170504722,0.32541776424127283,0.534789874013373,0.9988106200615792,vix_low,False
usdinr,vix_regime,[vix_low] Buy Tue_Close -> Sell Close+20d,Tue_Close,Close+20d,192,0.004397154091354889,0.015139427757505007,0.5284556759077838,0.5977965988549963,0.390625,2.90443876861535,83,0.0032087335874745474,0.007652184661332443,-0.7212933023850534,0.47278066025832627,0.3855421686746988,4.193225502892953,0.2881099453171214,0.49310090293993525,0.9988106200615792,vix_low,False
usdinr,vix_regime,[vix_low] Buy Wed_Close -> Sell Close+20d,Wed_Close,Close+20d,191,0.004018601979150547,0.014952006819436677,0.1846952416571303,0.8536650702300154,0.4031413612565445,2.6876672995671824,82,0.003249735195740144,0.007944363423475084,-0.6440662715814051,0.521352095232768,0.4268292682926829,4.09061748879386,0.32541776424127283,0.534789874013373,0.9988106200615792,vix_low,False
usdinr,vix_regime,[vix_low] Buy Thu_Close -> Sell Close+20d,Thu_Close,Close+20d,204,0.0044474531332750955,0.015626419100774832,0.5736864253398184,0.5668150517430688,0.4166666666666667,2.846111514476512,88,0.002684261785575874,0.008304358875412012,-1.2736929690219567,0.20616459044857302,0.4090909090909091,3.232352823194551,0.3122659516625937,0.5135210555324031,0.9988106200615792,vix_low,False
usdinr,vix_regime,[vix_low] Buy Fri_Close -> Sell Close+20d,Fri_Close,Close+20d,210,0.00431918330965997,0.014666513011405183,0.4937647535090596,0.6219908216861006,0.3904761904761905,2.9449285636614686,91,0.0027966454953305755,0.00809648707788455,-1.1970448331759969,0.23443262483811586,0.42857142857142855,3.454146802715929,0.3318249800682115,0.5311043673911313,0.9988106200615792,vix_low,False
usdinr,trend_regime,[trend_up] Buy Mon_Close -> Sell Close+2d,Mon_Close,Close+2d,235,0.0013930566197553613,0.005262873554882533,3.548182201404138,0.00046862552801728204,0.574468085106383,2.646950577908107,102,0.00040848909768988564,0.002860542779403493,0.829716772542111,0.40865572985470633,0.5098039215686274,1.4280125458395263,0.4142085151226479,0.6046876466889649,0.0922925260571474,trend_up,False
usdinr,trend_regime,[trend_up] Buy Tue_Close -> Sell Close+2d,Tue_Close,Close+2d,242,-0.00032726806385428847,0.005580421962564173,-1.3898121617030634,0.16586838322127598,0.4297520661157025,-0.5864575583168098,104,0.00024931747814188707,0.003658794062153553,0.21357010411718905,0.8313044953677483,0.4326923076923077,0.6814198173130841,0.3415484367913815,0.5286315308648847,0.9988106200615792,trend_up,False
usdinr,trend_regime,[trend_up] Buy Wed_Close -> Sell Close+2d,Wed_Close,Close+2d,242,-0.0002108579674252718,0.006205282036876245,-0.9586296968104545,0.3387060366726396,0.4132231404958678,-0.3398040027386382,104,0.00010386954774270969,0.0025873031303907143,-0.2685136646844825,0.7888410211229767,0.5,0.40145874877453624,0.4056302261379199,0.5943697738620801,0.9988106200615792,trend_up,False
usdinr,trend_regime,[trend_up] Buy Thu_Close -> Sell Close+2d,Thu_Close,Close+2d,232,-0.0006942699846328606,0.005166616509977484,-2.54926457386196,0.011443006192750281,0.4353448275862069,-1.3437614022486957,100,-0.00018184919248464927,0.0039908846755834825,-0.8830043202449777,0.3793730872498555,0.47,-0.4556613564837281,0.3751065198210374,0.5671131686275227,0.46563408921654975,trend_up,False
usdinr,trend_regime,[trend_up] Buy Fri_Close -> Sell Close+2d,Fri_Close,Close+2d,242,0.0007451540263400273,0.005739090693822995,1.5495014872076505,0.12257337730815022,0.48760330578512395,1.2983834305703503,105,0.00016873095295571593,0.0029700768347119535,-0.01233349065693412,0.9901831762588095,0.5142857142857142,0.5681029897399269,0.4198832356208336,0.6076797550003994,0.9988106200615792,trend_up,False
usdinr,trend_regime,[trend_down] Buy Mon_Close -> Sell Close+2d,Mon_Close,Close+2d,157,0.0015750364626796315,0.004672549326125563,3.103925845031044,0.00226815018217869,0.6242038216560509,3.3708289688311073,68,0.0013012464459622604,0.0031651898424357003,2.2948620834043947,0.024880174312119748,0.6617647058823529,4.11111658617265,0.5433701723652863,0.7628590875621094,0.14850983335693804,trend_down,False
usdinr,trend_regime,[trend_down] Buy Tue_Close -> Sell Close+2d,Tue_Close,Close+2d,151,-1.4167010339886006e-05,0.004077450470838098,-1.2856280421535953,0.20055415074546995,0.47019867549668876,-0.03474477603396627,65,0.001497029488808369,0.00293981506408587,2.9476196424049066,0.004464671391250233,0.6461538461538462,5.092257356922781,0.5247488020503203,0.7512471073997796,0.9988106200615792,trend_down,False
usdinr,trend_regime,[trend_down] Buy Wed_Close -> Sell Close+2d,Wed_Close,Close+2d,151,-0.00024183608250091362,0.004693007199487291,-1.711152276032341,0.08912007274888303,0.4503311258278146,-0.5153115523183814,65,0.0004319265771863849,0.004332603825166697,0.03338254333833824,0.9734734253935153,0.4461538461538462,0.9969214694347608,0.331693339691393,0.5666239568269913,0.9988106200615792,trend_down,False
usdinr,trend_regime,[trend_down] Buy Thu_Close -> Sell Close+2d,Thu_Close,Close+2d,161,-0.00044956884613429687,0.004613115110213304,-2.367477831328923,0.019105067817418827,0.422360248447205,-0.9745450425439512,69,6.851073206665731e-05,0.003378732589005301,-0.8428365153585539,0.4022747584029815,0.37681159420289856,0.2027705071706396,0.2718335694978672,0.4947833087694965,0.6913017960250233,trend_down,False
usdinr,trend_regime,[trend_down] Buy Fri_Close -> Sell Close+2d,Fri_Close,Close+2d,151,0.0003393905315121093,0.004227139986962496,-0.21572666326733733,0.8294938817136006,0.48344370860927155,0.8028845331805201,65,0.0007751985661327501,0.0038676450963948715,0.7474339486906372,0.4575391256296165,0.46153846153846156,2.0043167012798873,0.34590137149936684,0.5814681260137647,0.9988106200615792,trend_down,False
usdinr,trend_regime,[trend_up] Buy Mon_Close -> Sell Close+3d,Mon_Close,Close+3d,235,0.001314288336913914,0.0066645820985472785,2.3081934481965884,0.021861338729764083,0.5191489361702127,1.972049135984682,102,0.0006364429167636567,0.004370114269443227,0.7537950365336068,0.4527260379907088,0.45098039215686275,1.4563530322623408,0.3579445828535625,0.5475746080883734,0.7448636010138732,trend_up,False
usdinr,trend_regime,[trend_up] Buy Tue_Close -> Sell Close+3d,Tue_Close,Close+3d,242,-0.0002691075669305321,0.006640841055643824,-1.3506385009573294,0.17807809022939378,0.45454545454545453,-0.4052311517105605,104,-2.2861536745172634e-05,0.003066905815886721,-1.0970611745699816,0.2751728608838235,0.4519230769230769,-0.07454267629200989,0.35968758127067046,0.5475838241980912,0.9988106200615792,trend_up,False
usdinr,trend_regime,[trend_up] Buy Wed_Close -> Sell Close+3d,Wed_Close,Close+3d,242,-0.000858411020997326,0.006268490204284029,-2.89030129873233,0.00419980013024949,0.40082644628099173,-1.369406337128306,104,0.0001612609629465217,0.0036428133916967757,-0.4106562296101232,0.6821776686419561,0.4807692307692308,0.4426824698572013,0.387151844921483,0.5757567172660216,0.22210481458050188,trend_up,False
usdinr,trend_regime,[trend_up] Buy Thu_Close -> Sell Close+3d,Thu_Close,Close+3d,232,0.0007628827122867904,0.006778888353764541,1.018393642650314,0.3095563313494258,0.49137931034482757,1.1253802577573597,100,0.00028027394342149717,0.0039317902380569016,-0.07183616315221872,0.9428772187883052,0.5,0.7128405292547069,0.40382982859014716,0.5961701714098528,0.9988106200615792,trend_up,False
usdinr,trend_regime,[trend_up] Buy Fri_Close -> Sell Close+3d,Fri_Close,Close+3d,242,0.0007555000864208292,0.006332557273072441,1.0954204278195634,0.2744259821185648,0.5,1.1930410635737911,104,0.00022815040880622584,0.0035535988176497147,-0.2299331808841121,0.8185997126784105,0.4807692307692308,0.642026352758414,0.387151844921483,0.5757567172660216,0.9988106200615792,trend_up,False
usdinr,trend_regime,[trend_down] Buy Mon_Close -> Sell Close+3d,Mon_Close,Close+3d,157,0.0009490449204462673,0.005013988208477311,1.0057416700262771,0.3160973151471675,0.5095541401273885,1.8927944801339711,68,0.001519314580463495,0.003962950182987187,2.011798151342564,0.048265323441927695,0.6176470588235294,3.8337968188090326,0.49880494200915176,0.7239072470289543,0.9988106200615792,trend_down,False
usdinr,trend_regime,[trend_down] Buy Tue_Close -> Sell Close+3d,Tue_Close,Close+3d,151,8.447841004829442e-05,0.005403069306675879,-1.0445700620847183,0.2979021758038215,0.45695364238410596,0.1563526307980453,65,0.0018185471288265336,0.00500984976567286,2.0331906837920353,0.04618504142131594,0.5846153846153846,3.629943439196702,0.4633876602091337,0.696399445261977,0.9988106200615792,trend_down,False
usdinr,trend_regime,[trend_down] Buy Wed_Close -> Sell Close+3d,Wed_Close,Close+3d,151,-0.0010519917672073779,0.005693072573721395,-3.4362366540443756,0.0007632934961775108,0.3576158940397351,-1.8478453481574393,65,0.00043646379783438807,0.00389643756590651,-0.22345713551060742,0.8238914727809575,0.4307692307692308,1.1201611483612837,0.31759267537345776,0.551672420150179,0.10856563909615387,trend_down,False
usdinr,trend_regime,[trend_down] Buy Thu_Close -> Sell Close+3d,Thu_Close,Close+3d,161,0.0005835856421205636,0.005542171812452882,0.08738159519304535,0.9304774634759478,0.515527950310559,1.0529908885345027,69,0.0006576429691923907,0.00424005210510538,0.21848948106018867,0.8277021584014722,0.42028985507246375,1.5510256781998812,0.3110593225861805,0.5379280692338784,0.9988106200615792,trend_down,False
usdinr,trend_regime,[trend_down] Buy Fri_Close -> Sell Close+3d,Fri_Close,Close+3d,151,0.0006219692404611244,0.005237356193059611,0.17929025713452235,0.8579517505028826,0.5165562913907285,1.1875633765092006,65,0.001775674808696554,0.004627411555050066,2.127107388791019,0.03727105149131973,0.6461538461538462,3.837296051090796,0.5247488020503203,0.7512471073997796,0.9988106200615792,trend_down,False
usdinr,trend_regime,[trend_up] Buy Mon_Close -> Sell Close+5d,Mon_Close,Close+5d,235,0.0008849319603809931,0.00748162561220972,0.6707118780786109,0.5030655460239764,0.4851063829787234,1.182807061257942,102,0.00032776239738406283,0.00464261851809853,-0.496001247993768,0.6209711734213107,0.49019607843137253,0.7059860639127076,0.39531235331103515,0.5857914848773521,0.9988106200615792,trend_up,False
usdinr,trend_regime,[trend_up] Buy Tue_Close -> Sell Close+5d,Tue_Close,Close+5d,241,0.000512249408861728,0.008032766644972761,-0.08610131349793582,0.9314576668422451,0.46473029045643155,0.6376998505020869,104,0.0002961396469967944,0.00432012301728238,-0.6125677717033594,0.5415122529188388,0.4326923076923077,0.6854889219869582,0.3415484367913815,0.5286315308648847,0.9988106200615792,trend_up,False
usdinr,trend_regime,[trend_up] Buy Wed_Close -> Sell Close+5d,Wed_Close,Close+5d,241,0.0004044954953690754,0.008509426364054629,-0.2774509241786863,0.7816727230557542,0.4730290456431535,0.47534989794110943,104,0.0005831736667054345,0.004289048509008255,0.062183724612650905,0.9505370326729736,0.4230769230769231,1.359680743830711,0.33253058618917686,0.5191036625608417,0.9988106200615792,trend_up,False
usdinr,trend_regime,[trend_up] Buy Thu_Close -> Sell Close+5d,Thu_Close,Close+5d,232,0.0006040457824236107,0.008283310994288652,0.08651665201839662,0.9311306644576884,0.4827586206896552,0.7292322874755043,100,0.0004536887588363002,0.005543235731457464,-0.18524913982461463,0.853412623424818,0.44,0.8184547452341764,0.34671865400968327,0.537720722887437,0.9988106200615792,trend_up,False
usdinr,trend_regime,[trend_up] Buy Fri_Close -> Sell Close+5d,Fri_Close,Close+5d,242,0.0007233868651646044,0.007964127742092418,0.32453818916974003,0.7458121300003113,0.47107438016528924,0.9083064568908441,104,0.00033809951438244074,0.004273890538619098,-0.5195551841896124,0.6044883741925949,0.4326923076923077,0.7910813609458546,0.3415484367913815,0.5286315308648847,0.9988106200615792,trend_up,False
usdinr,trend_regime,[trend_down] Buy Mon_Close -> Sell Close+5d,Mon_Close,Close+5d,157,1.7347612359091265e-05,0.006680143470826105,-1.506184786484596,0.1340419607932565,0.4713375796178344,0.025968921827581586,68,0.0018782140167968946,0.004842186868841028,1.783904033216009,0.07896754005758197,0.5882352941176471,3.87885488039094,0.4696125189030847,0.6974216228754949,0.9988106200615792,trend_down,False
usdinr,trend_regime,[trend_down] Buy Tue_Close -> Sell Close+5d,Tue_Close,Close+5d,151,0.0005467836671685328,0.007423270082784457,-0.455581081896659,0.6493500558855276,0.48344370860927155,0.7365805919369635,65,0.0021413583899651915,0.004525724166731399,2.330577083256418,0.02293958273118087,0.5230769230769231,4.731526516145898,0.40379420402276267,0.6397840974693585,0.9988106200615792,trend_down,False
usdinr,trend_regime,[trend_down] Buy Wed_Close -> Sell Close+5d,Wed_Close,Close+5d,151,0.0006432174466812419,0.007161925009661112,-0.30729638242319524,0.7590440120233696,0.4768211920529801,0.8981069276955158,65,0.001754299613141294,0.004901490191104595,1.5201660154406225,0.13339457723758974,0.5230769230769231,3.5791148094615415,0.40379420402276267,0.6397840974693585,0.9988106200615792,trend_down,False
usdinr,trend_regime,[trend_down] Buy Thu_Close -> Sell Close+5d,Thu_Close,Close+5d,161,0.0003604467142001744,0.006577592603477534,-0.8893541832223985,0.37514794753886455,0.5093167701863354,0.5479918504068014,69,0.0020064181818829157,0.005117085518154825,1.9072222238277237,0.06071675266143854,0.5072463768115942,3.921017490843913,0.39205066383648346,0.6216777550889657,0.9988106200615792,trend_down,False
usdinr,trend_regime,[trend_down] Buy Fri_Close -> Sell Close+5d,Fri_Close,Close+5d,151,4.706053388009986e-05,0.006299374084600274,-1.5084411139930654,0.1335450506612634,0.45695364238410596,0.07470668235935711,65,0.002165292293094904,0.0063198274677571924,1.6992584541192792,0.09412677730325578,0.5384615384615384,3.4261889333876585,0.4185318739862352,0.6540986285006332,0.9988106200615792,trend_down,False
usdinr,trend_regime,[trend_up] Buy Mon_Close -> Sell Close+10d,Mon_Close,Close+10d,235,0.001139966920629318,0.01077246888673214,0.10981689315569933,0.9126487140676836,0.48936170212765956,1.0582225231890463,101,0.000597393372793619,0.006220958691993517,-0.7478565647505467,0.456301797226511,0.44554455445544555,0.9602914958468938,0.35237789075506937,0.5427019248906285,0.9988106200615792,trend_up,False
usdinr,trend_regime,[trend_up] Buy Tue_Close -> Sell Close+10d,Tue_Close,Close+10d,240,0.0008655229185499301,0.011290433636131388,-0.2698948745567502,0.7874740222284382,0.4791666666666667,0.7665984730472206,104,0.0005760360413135402,0.006025165125552718,-0.8196303371998898,0.414319464545083,0.47115384615384615,0.9560502149070936,0.3779632252580777,0.5663996180231793,0.9988106200615792,trend_up,False
usdinr,trend_regime,[trend_up] Buy Wed_Close -> Sell Close+10d,Wed_Close,Close+10d,240,0.0011636049572941037,0.011466982952192104,0.13613051709019597,0.8918326955843847,0.49166666666666664,1.0147437753639124,104,0.0010687126650071308,0.005570811652171088,0.011078009962184533,0.9911826364527944,0.47115384615384615,1.9184146435656753,0.3779632252580777,0.5663996180231793,0.9988106200615792,trend_up,False
usdinr,trend_regime,[trend_up] Buy Thu_Close -> Sell Close+10d,Thu_Close,Close+10d,231,0.0012943072894640822,0.01123154260851717,0.31282719450759894,0.7546954173525543,0.4458874458874459,1.152386038657393,100,0.0011467706113657502,0.006747804663522406,0.12406554759812011,0.9015149274600696,0.52,1.6994721521282554,0.4231640509017654,0.6153561567991945,0.9988106200615792,trend_up,False
usdinr,trend_regime,[trend_up] Buy Fri_Close -> Sell Close+10d,Fri_Close,Close+10d,241,0.0012720253488192916,0.011217191433579079,0.2891909365847634,0.7726849177617793,0.46887966804979253,1.1339962916309303,104,0.0009613507931283382,0.005629707700332124,-0.18258327850349046,0.855483894869069,0.4423076923076923,1.7076389118241848,0.3506008495845397,0.5381248369779741,0.9988106200615792,trend_up,False
usdinr,trend_regime,[trend_down] Buy Mon_Close -> Sell Close+10d,Mon_Close,Close+10d,157,0.000872099230049014,0.010062044838688446,-1.1245659600911038,0.26250037347348204,0.4267515923566879,0.8667216694322435,68,0.0041975144948527485,0.006359738851609629,3.1139796331334693,0.0027150484061829855,0.6176470588235294,6.600136566598755,0.49880494200915176,0.7239072470289543,0.9988106200615792,trend_down,False
usdinr,trend_regime,[trend_down] Buy Tue_Close -> Sell Close+10d,Tue_Close,Close+10d,151,0.001371467299374271,0.0104752818749878,-0.475377206088668,0.6352096493750792,0.46357615894039733,1.3092414273347353,65,0.004465891752611131,0.008207690964053525,2.619818730767427,0.010974226390317057,0.5692307692307692,5.441106118846323,0.44832757984982086,0.6824073246265422,0.9988106200615792,trend_down,False
usdinr,trend_regime,[trend_down] Buy Wed_Close -> Sell Close+10d,Wed_Close,Close+10d,151,0.0010543062064040502,0.00925837481441195,-0.9574168932032227,0.33989744387101156,0.44370860927152317,1.1387594772711898,65,0.0029786144147239666,0.006818890801721251,1.4085052980253445,0.16382118418834218,0.5230769230769231,4.368180252970312,0.40379420402276267,0.6397840974693585,0.9988106200615792,trend_down,False
usdinr,trend_regime,[trend_down] Buy Thu_Close -> Sell Close+10d,Thu_Close,Close+10d,161,0.0007207588431540756,0.009634302478096296,-1.3881550739451913,0.16701964021989077,0.422360248447205,0.7481173077062191,69,0.0034348096701612265,0.00717621764572558,1.9037767818378408,0.061171925579698486,0.4927536231884058,4.786378897255333,0.3783222449110342,0.6079493361635164,0.9988106200615792,trend_down,False
usdinr,trend_regime,[trend_down] Buy Fri_Close -> Sell Close+10d,Fri_Close,Close+10d,151,0.0004737733890983145,0.008953522499448982,-1.7841213174597415,0.07642555634817305,0.423841059602649,0.5291474825996935,65,0.00406276799810533,0.007055686336768856,2.59048824104925,0.011855347568145583,0.6461538461538462,5.758147123027964,0.5247488020503203,0.7512471073997796,0.9988106200615792,trend_down,False
usdinr,trend_regime,[trend_up] Buy Mon_Close -> Sell Close+20d,Mon_Close,Close+20d,233,0.0019262401646176664,0.01618480554532058,-0.1135938942807967,0.9096579648442388,0.43776824034334766,1.1901534184169356,101,0.0017196203189430786,0.007072829340791623,-0.4627892826996748,0.6445209107163156,0.40594059405940597,2.431304695880886,0.31532231224182006,0.5034519147825671,0.9988106200615792,trend_up,False
usdinr,trend_regime,[trend_up] Buy Tue_Close -> Sell Close+20d,Tue_Close,Close+20d,239,0.0021065964311194813,0.016446629186032173,0.05595578112409262,0.9554239792083762,0.42677824267782427,1.2808681993685223,103,0.0020017197028984975,0.007780741011863877,-0.05870080322045876,0.9533052691249576,0.4563106796116505,2.5726594675832626,0.36342076531355333,0.5523423831230108,0.9988106200615792,trend_up,False
usdinr,trend_regime,[trend_up] Buy Wed_Close -> Sell Close+20d,Wed_Close,Close+20d,239,0.001997541432029392,0.016642276839939633,-0.04579509214051564,0.9635119719924359,0.42677824267782427,1.2002813384497442,103,0.0022743066702057293,0.00765879660068009,0.2998196446687003,0.7649248662623244,0.46601941747572817,2.969535279215764,0.37264215923684024,0.5618402895471541,0.9988106200615792,trend_up,False
usdinr,trend_regime,[trend_up] Buy Thu_Close -> Sell Close+20d,Thu_Close,Close+20d,230,0.001978487122355467,0.016889868100419234,-0.061334383807861534,0.9511464042773442,0.41739130434782606,1.1714047206244067,99,0.0027182319697240005,0.008042610050478714,0.826276412330396,0.41065445916213816,0.494949494949495,3.37978834316629,0.39850629527483744,0.5917700131451018,0.9988106200615792,trend_up,False
usdinr,trend_regime,[trend_up] Buy Fri_Close -> Sell Close+20d,Fri_Close,Close+20d,240,0.0019420147664871727,0.016379978048290268,-0.09903282280757737,0.9211952212590611,0.45,1.1856027894310146,103,0.0021871681644820493,0.007197982323430525,0.1967498450111504,0.8444147992773988,0.4368932038834951,3.0385850731565216,0.34508271727975537,0.5332418304619483,0.9988106200615792,trend_up,False
usdinr,trend_regime,[trend_down] Buy Mon_Close -> Sell Close+20d,Mon_Close,Close+20d,157,0.0025209117633609103,0.013069356882433589,-1.163387595925012,0.24644867001756987,0.36942675159235666,1.9288720830244113,68,0.007254010163384019,0.008767074316354241,3.2824656800658927,0.001636859856080955,0.6470588235294118,8.274151560289928,0.5284083420991774,0.7499818941984553,0.9988106200615792,trend_down,False
usdinr,trend_regime,[trend_down] Buy Tue_Close -> Sell Close+20d,Tue_Close,Close+20d,151,0.0027176597774841373,0.014413362710382625,-0.8672369650612763,0.3871974009424242,0.4105960264900662,1.8855140414432772,65,0.006572699139189867,0.009498531953864794,2.3872614446466716,0.019939082757720904,0.5384615384615384,6.919699982180452,0.4185318739862352,0.6540986285006332,0.9988106200615792,trend_down,False
usdinr,trend_regime,[trend_down] Buy Wed_Close -> Sell Close+20d,Wed_Close,Close+20d,151,0.002747364919520862,0.013613789796258628,-0.891448223549071,0.3741164765173496,0.4503311258278146,2.018075025865244,65,0.006007231762461152,0.008057143569969505,2.252875345057905,0.027702681732821484,0.5076923076923077,7.4557834427218594,0.3891624609220664,0.6253636395753072,0.9988106200615792,trend_down,False
usdinr,trend_regime,[trend_down] Buy Thu_Close -> Sell Close+20d,Thu_Close,Close+20d,161,0.0022947830039465283,0.013702542847304674,-1.332508439597624,0.18458778578545473,0.40993788819875776,1.6747132481311076,69,0.006453887414642459,0.009127048804626258,2.4535425168042537,0.01671357729567748,0.5652173913043478,7.0711656667938,0.4478819321166955,0.675673838212347,0.9988106200615792,trend_down,False
usdinr,trend_regime,[trend_down] Buy Fri_Close -> Sell Close+20d,Fri_Close,Close+20d,151,0.0021304352670792445,0.012901506395898998,-1.5263181216014687,0.1290364637556928,0.37748344370860926,1.6513073758243038,65,0.0069978672502732054,0.009394316793826449,2.7758084568756662,0.007212075714650806,0.6153846153846154,7.44904329271918,0.49383980131435057,0.7240517061462548,0.9988106200615792,trend_down,False
sp500,multiday_hold,Buy Mon_Close -> Sell Close+2d,Mon_Close,Close+2d,361,0.0016784184507273048,0.014770735574814198,0.8798814179450241,0.3795105198978818,0.5318559556786704,1.1363133827872467,155,0.001519844984906911,0.014154533809902156,0.4615112844945334,0.6450830427489983,0.5225806451612903,1.0737513543848867,0.4443541486885083,0.5997149113058509,0.9988106200615792,,False
sp500,multiday_hold,Buy Tue_Close -> Sell Close+2d,Tue_Close,Close+2d,398,0.0009563670318307679,0.01577628746605591,-0.04682553150678043,0.9626758257598581,0.5276381909547738,0.6062053787296137,171,0.0006703150745052047,0.01395513103196824,-0.30190131755603516,0.7630963044033482,0.5555555555555556,0.480335923016169,0.48066911292221637,0.6280006773336496,0.9988106200615792,,False
sp500,multiday_hold,Buy Wed_Close -> Sell Close+2d,Wed_Close,Close+2d,396,0.00036697501003357696,0.014332335828837344,-0.8687212474055881,0.3855271346448436,0.5328282828282829,0.2560468959255097,170,0.000745672618182841,0.016150146742890083,-0.19944182320552528,0.8421569088487982,0.5294117647058824,0.46171259620976185,0.45456022662485024,0.6029634040826444,0.9988106200615792,,False
sp500,multiday_hold,Buy Thu_Close -> Sell Close+2d,Thu_Close,Close+2d,389,0.0006345425437378274,0.016112911861380478,-0.4387486753579371,0.6610878596464693,0.5578406169665809,0.3938099762456361,168,0.001954661598228629,0.01423076073767195,0.8728754775177487,0.38398428117598793,0.6011904761904762,1.3735468076939907,0.5256816353897363,0.6721749953678916,0.9988106200615792,,False
sp500,multiday_hold,Buy Fri_Close -> Sell Close+2d,Fri_Close,Close+2d,388,0.0006145030369362171,0.01404010820054046,-0.5309521870116336,0.5957564823757098,0.5128865979381443,0.43767685274146423,167,0.0019305756898617874,0.012651264652657701,0.9543797144122061,0.3412791750841582,0.5209580838323353,1.5259942328818674,0.44557401886965725,0.5953996081626346,0.9988106200615792,,False
sp500,multiday_hold,Buy Mon_Close -> Sell Close+3d,Mon_Close,Close+3d,361,0.0017390279564871737,0.019702001572328858,0.22903184167137425,0.8189742234371118,0.5041551246537396,0.8826656266892245,155,0.0012896640576639494,0.017382620327344528,-0.1510213027060758,0.8801565528195248,0.5161290322580645,0.7419273005895344,0.4380206410480373,0.5934572589479336,0.9988106200615792,,False
sp500,multiday_hold,Buy Tue_Close -> Sell Close+3d,Tue_Close,Close+3d,398,0.0012598234963232028,0.01779055112828858,-0.2703389773188437,0.7870399624788945,0.5402010050251256,0.7081419160309035,171,0.0012215090363943044,0.018547529749038737,-0.19661813437557182,0.8443612347541375,0.5672514619883041,0.6585831390606673,0.4923178350048806,0.6392298058311677,0.9988106200615792,,False
sp500,multiday_hold,Buy Wed_Close -> Sell Close+3d,Wed_Close,Close+3d,396,0.0004989895193359056,0.020517668415030464,-0.97080357089763,0.33224018322055754,0.5656565656565656,0.24319991396798518,170,0.002608180379228419,0.018115178257212018,0.7943994920390604,0.4280770165314872,0.5647058823529412,1.4397762705923414,0.48955970064984766,0.6369922869066406,0.9988106200615792,,False
sp500,multiday_hold,Buy Thu_Close -> Sell Close+3d,Thu_Close,Close+3d,389,0.001403879205379504,0.01620361901548245,-0.1183120251688403,0.905881655195358,0.5475578406169666,0.8663985521000628,168,0.0021251082273657544,0.01690184427545885,0.4770257527879567,0.6339674278126322,0.5654761904761905,1.2573232794786604,0.4898830281399178,0.6381418505856062,0.9988106200615792,,False
sp500,multiday_hold,Buy Fri_Close -> Sell Close+3d,Fri_Close,Close+3d,387,0.0014826363361480003,0.018688467413340532,-0.019520249745950242,0.984436169175829,0.49612403100775193,0.7933429228603511,167,0.002936848035524705,0.015743292231946808,1.1749114946041797,0.2417126940846727,0.5508982035928144,1.8654599001631667,0.47515718969621046,0.6243501902393557,0.9988106200615792,,False
sp500,multiday_hold,Buy Mon_Close -> Sell Close+5d,Mon_Close,Close+5d,361,0.001996427759691065,0.025671279135644664,-0.36154588779857066,0.7179035085518323,0.5457063711911357,0.7776892414055901,155,0.003613932077403271,0.022116234144082668,0.6331214603833374,0.5275933898458693,0.5806451612903226,1.6340630388787056,0.5019302536288884,0.6554592463509658,0.9988106200615792,,False
sp500,multiday_hold,Buy Tue_Close -> Sell Close+5d,Tue_Close,Close+5d,397,0.0020016939316857,0.02118122933309327,-0.4546271386707298,0.6496266163014265,0.5642317380352645,0.9450319904512248,171,0.0037937138302978944,0.02179055665227385,0.7827128533107047,0.43488470344996527,0.5789473684210527,1.740989865856419,0.5040073023185133,0.6504181890977171,0.9988106200615792,,False
sp500,multiday_hold,Buy Wed_Close -> Sell Close+5d,Wed_Close,Close+5d,395,0.001975372415766084,0.023126276334793958,-0.43792960248129237,0.6616772974352055,0.5443037974683544,0.8541679547407706,170,0.0040050601908377115,0.019850548028500694,0.9950865576051562,0.32111679246106245,0.5941176470588235,2.0176068615775202,0.5190094189880718,0.665066199275911,0.9988106200615792,,False
sp500,multiday_hold,Buy Thu_Close -> Sell Close+5d,Thu_Close,Close+5d,389,0.0022387156693363837,0.023826648829892813,-0.20409963483465152,0.8383826498216649,0.5347043701799485,0.9395847839616036,168,0.002890456905594436,0.020904653376582746,0.2502760983879699,0.8026814655556908,0.5297619047619048,1.3826858802797974,0.4544674219942754,0.6037257046991444,0.9988106200615792,,False
sp500,multiday_hold,Buy Fri_Close -> Sell Close+5d,Fri_Close,Close+5d,387,0.0019984466691535894,0.024371647075254188,-0.39271032585800403,0.6947502164071868,0.5090439276485789,0.8199883508007619,167,0.0032634347979064266,0.02097200508448522,0.4778623234027661,0.6333768545246174,0.5389221556886228,1.5560909816489923,0.4632921246441509,0.6128017541301055,0.9988106200615792,,False
sp500,multiday_hold,Buy Mon_Close -> Sell Close+10d,Mon_Close,Close+10d,360,0.00429390288590925,0.03534771308975775,-0.3458435431933328,0.729662877126294,0.5388888888888889,1.2147611572510582,155,0.006569602359754669,0.030006061963671015,0.6743296487534252,0.5011127501470479,0.5870967741935483,2.1894250460818974,0.5083923688988405,0.6615882910794018,0.9988106200615792,,False
sp500,multiday_hold,Buy Tue_Close -> Sell Close+10d,Tue_Close,Close+10d,396,0.003851317716749141,0.031060645738598833,-0.6960346353071405,0.48681647147250834,0.5580808080808081,1.2399348516966398,171,0.007043677840311079,0.02881298124908852,0.9523593340478552,0.34226688500741026,0.5847953216374269,2.444619589836405,0.5098674437588265,0.6559969729474949,0.9988106200615792,,False
sp500,multiday_hold,Buy Wed_Close -> Sell Close+10d,Wed_Close,Close+10d,394,0.004158897001445117,0.03256470674467551,-0.4749608765062509,0.6350786968458352,0.5380710659898477,1.2771179037640552,170,0.007546509024921904,0.027135163435441687,1.2491648071013088,0.21333220891572882,0.5764705882352941,2.781081102708703,0.5013082766233525,0.6482531632161335,0.9988106200615792,,False
sp500,multiday_hold,Buy Thu_Close -> Sell Close+10d,Thu_Close,Close+10d,389,0.0042609094184456854,0.03217495878453081,-0.41519384299840284,0.6782295016327213,0.5475578406169666,1.3242936679360287,167,0.006401436948516487,0.02784547150986297,0.6766223268003724,0.4995873302976901,0.5868263473053892,2.29891490479846,0.5110100583152755,0.6587378251042195,0.9988106200615792,,False
sp500,multiday_hold,Buy Fri_Close -> Sell Close+10d,Fri_Close,Close+10d,387,0.0039371326979311385,0.03221510344733098,-0.6110665940582866,0.5415151618816157,0.537467700258398,1.2221387723829675,166,0.0068784690620224374,0.026715452806821072,0.9324798281811415,0.3524510695895187,0.5662650602409639,2.5747155070739454,0.49021686999156,0.6393155884873992,0.9988106200615792,,False
sp500,multiday_hold,Buy Mon_Close -> Sell Close+20d,Mon_Close,Close+20d,359,0.008780647573220663,0.045367953556203135,-0.46537696611882334,0.6419444893612596,0.5598885793871866,1.9354295014305511,154,0.013071938933839277,0.039487501246638156,0.9946900888706182,0.32145754042842517,0.5909090909090909,3.3103991190002633,0.5119610397730553,0.6654319922286477,0.9988106200615792,,False
sp500,multiday_hold,Buy Tue_Close -> Sell Close+20d,Tue_Close,Close+20d,395,0.008767041679611983,0.04282361760834416,-0.5235289423844639,0.6009005433123191,0.5721518987341773,2.047244527492635,170,0.01358189319113444,0.037891772957763546,1.264388390353616,0.20783162943563072,0.611764705882353,3.5843910513962056,0.5368060569316482,0.6817837397568316,0.9988106200615792,,False
sp500,multiday_hold,Buy Wed_Close -> Sell Close+20d,Wed_Close,Close+20d,393,0.0076111624831854945,0.04677614672464005,-0.9673235714223208,0.333978718531434,0.549618320610687,1.6271461024762433,169,0.013681729859936712,0.03911324349974786,1.2543575763372954,0.2114544625257154,0.621301775147929,3.497978852105403,0.546240220436174,0.6909711916312911,0.9988106200615792,,False
sp500,multiday_hold,Buy Thu_Close -> Sell Close+20d,Thu_Close,Close+20d,387,0.008675350026611373,0.04388988942458147,-0.546642593429061,0.584940146162736,0.5452196382428941,1.9766169704115404,167,0.012973969120077129,0.03995666113244062,0.9923307630658983,0.32248046548292064,0.6047904191616766,3.2470103237789374,0.5290841463009917,0.6757839888604678,0.9988106200615792,,False
sp500,multiday_hold,Buy Fri_Close -> Sell Close+20d,Fri_Close,Close+20d,385,0.00759902386640696,0.047317967933997854,-0.9514661699016738,0.3419662628444862,0.535064935064935,1.605948902329569,166,0.014913628426886667,0.03916519029752355,1.6454915620076092,0.10177210140144802,0.6626506024096386,3.8078784536965897,0.5877689006997525,0.7301744064758747,0.9988106200615792,,False
sp500,vix_regime,[vix_high] Buy Mon_Close -> Sell Close+2d,Mon_Close,Close+2d,186,0.0019795267965665693,0.01741883508114326,0.45325908538962156,0.6508933684777394,0.4946236559139785,1.1364289215353465,81,0.00414234593589595,0.01935798144347812,1.267524914483051,0.20864472057390782,0.5555555555555556,2.1398646072633487,0.44727379297278025,0.6588062432358722,0.9988106200615792,vix_high,False
sp500,vix_regime,[vix_high] Buy Tue_Close -> Sell Close+2d,Tue_Close,Close+2d,204,0.0007971738144625123,0.01912423643957484,-0.4484107298127076,0.6543350427725073,0.5147058823529411,0.41683955172865167,88,0.002748907456846464,0.017927837424235916,0.7022915396929699,0.4843721260010866,0.5227272727272727,1.53331792998654,0.4196177626380677,0.6239354855631831,0.9988106200615792,vix_high,False
sp500,vix_regime,[vix_high] Buy Wed_Close -> Sell Close+2d,Wed_Close,Close+2d,203,0.0009564102381885831,0.015135683645645177,-0.41565284597177155,0.678105259273106,0.5615763546798029,0.6318910070928713,87,0.0007669692953553027,0.02045580882998068,-0.28655618630805374,0.775141377821424,0.5402298850574713,0.3749396084652533,0.4360264044396558,0.6410308028310219,0.9988106200615792,vix_high,False
sp500,vix_regime,[vix_high] Buy Thu_Close -> Sell Close+2d,Thu_Close,Close+2d,189,0.0010730130757038536,0.01824591027662571,-0.24501307599241784,0.8067135401137536,0.5608465608465608,0.588084156633423,81,0.00035586681045518493,0.01923447913272879,-0.4850963231903854,0.6289337656380255,0.5802469135802469,0.1850150492766155,0.471534628313757,0.6816920906542965,0.9988106200615792,vix_high,False
sp500,vix_regime,[vix_high] Buy Fri_Close -> Sell Close+2d,Fri_Close,Close+2d,179,0.001844770739865252,0.01607929473956693,0.3698275001490676,0.7119506567972924,0.5363128491620112,1.1472958047878523,78,-7.517162082781986e-05,0.018075719776045707,-0.7156728602735156,0.4763580549611568,0.5128205128205128,-0.04158706915087206,0.40392509465379506,0.6205123552494325,0.9988106200615792,vix_high,False
sp500,vix_regime,[vix_low] Buy Mon_Close -> Sell Close+2d,Mon_Close,Close+2d,174,0.0004798110231584515,0.009493071370041071,-0.15411949753182816,0.8776951569497469,0.5517241379310345,0.505432861984662,75,0.0007236788049947165,0.00932607284085443,0.12233989023883451,0.9029614794070652,0.5333333333333333,0.775973785905381,0.42157339152780315,0.6418449054118834,0.9988106200615792,vix_low,False
sp500,vix_regime,[vix_low] Buy Tue_Close -> Sell Close+2d,Tue_Close,Close+2d,193,0.00048270142907095036,0.009622014335845924,-0.15602409653002466,0.8761779507691382,0.5595854922279793,0.5016635937370109,84,-2.893730660118047e-05,0.0115463924787677,-0.48918452543434104,0.6260013253633212,0.5714285714285714,-0.025061772890876848,0.4647675967027547,0.6718419368212247,0.9988106200615792,vix_low,False
sp500,vix_regime,[vix_low] Buy Wed_Close -> Sell Close+2d,Wed_Close,Close+2d,193,0.000472333515342042,0.010661117115338176,-0.15429228499501468,0.8775413424410998,0.5440414507772021,0.4430431728983585,83,-0.00096327140294974,0.015765837323854753,-0.8927494438133574,0.3746038553543949,0.5421686746987951,-0.6109865167086601,0.4354985237265798,0.6451080058629257,0.9988106200615792,vix_low,False
sp500,vix_regime,[vix_low] Buy Thu_Close -> Sell Close+2d,Thu_Close,Close+2d,200,0.0011798597748959867,0.011285057347137297,0.7360388638659862,0.4625737519033254,0.605,1.0455062288144101,87,0.0012370524147394106,0.013903500097120764,0.4308855473520538,0.6676296540001274,0.5632183908045977,0.8897417240969331,0.45851365231750213,0.6625762448221343,0.9988106200615792,vix_low,False
sp500,vix_regime,[vix_low] Buy Fri_Close -> Sell Close+2d,Fri_Close,Close+2d,208,0.0005973497292416211,0.009999123992185917,0.00907031471664267,0.9927717706223884,0.5096153846153846,0.5974020621290785,90,0.0012470444316067034,0.010851453443413088,0.5703085836309018,0.5699054179277738,0.5333333333333333,1.149195762677919,0.4310200470971506,0.6329174816747374,0.9988106200615792,vix_low,False
sp500,vix_regime,[vix_high] Buy Mon_Close -> Sell Close+3d,Mon_Close,Close+3d,186,0.0022446992864139656,0.024279435261745055,0.11936269944976241,0.9051175290823877,0.5,0.9245269761075285,81,0.004013629331805035,0.021929291211160332,0.808395627593218,0.4212603431115897,0.5185185185185185,1.8302594886251522,0.4113545922111773,0.6240054198583734,0.9988106200615792,vix_high,False
sp500,vix_regime,[vix_high] Buy Tue_Close -> Sell Close+3d,Tue_Close,Close+3d,204,0.0011884929023886898,0.019863911705947482,-0.6047575732040877,0.5460154628087199,0.5637254901960784,0.5983176526267188,88,0.003194528896189579,0.023913144443705382,0.45359158459496524,0.6512522293445503,0.5454545454545454,1.3358882616670973,0.44169880685506685,0.6454076895474348,0.9988106200615792,vix_high,False
sp500,vix_regime,[vix_high] Buy Wed_Close -> Sell Close+3d,Wed_Close,Close+3d,203,0.001636124033123089,0.023123973428310983,-0.24308938512169753,0.8081828229575043,0.5911330049261084,0.7075445049249023,87,0.0003502178595226995,0.02447223827436314,-0.6371616803945059,0.5257121177501974,0.5287356321839081,0.14310822557231476,0.4248617443382648,0.6301791179979336,0.9988106200615792,vix_high,False
sp500,vix_regime,[vix_high] Buy Thu_Close -> Sell Close+3d,Thu_Close,Close+3d,189,0.0022341525157305486,0.01704271856086254,0.1629348139892357,0.8707447660429491,0.5343915343915344,1.3109132253472344,81,0.0015808735617060762,0.023258611210571923,-0.17334164669434515,0.862820735876695,0.5802469135802469,0.6796938765576463,0.471534628313757,0.6816920906542965,0.9988106200615792,vix_high,False
sp500,vix_regime,[vix_high] Buy Fri_Close -> Sell Close+3d,Fri_Close,Close+3d,179,0.002544102605285397,0.022887797402743833,0.2987286402692045,0.765495562849865,0.49162011173184356,1.1115541441224068,78,0.002064504145681177,0.02057700012749207,0.0140191279945029,0.9888509812801186,0.47435897435897434,1.0033066690430155,0.36737081694801105,0.5837542832455336,0.9988106200615792,vix_high,False
sp500,vix_regime,[vix_low] Buy Mon_Close -> Sell Close+3d,Mon_Close,Close+3d,174,0.0007276432611799849,0.011932031013485351,-0.2722325468047481,0.7857678532722255,0.5287356321839081,0.609823474610162,75,-0.0005538793248632101,0.012953632001404775,-1.0150456344647232,0.3133914239868597,0.52,-0.42758612009600383,0.4087401957316927,0.6293107824321195,0.9988106200615792,vix_low,False
sp500,vix_regime,[vix_low] Buy Tue_Close -> Sell Close+3d,Tue_Close,Close+3d,193,0.0010677273028891798,0.012448840362575523,0.10365038797347202,0.9175549851542009,0.5595854922279793,0.8576921799873407,84,-0.00023041271011341419,0.01674226618485775,-0.6557202270765448,0.5138176906650649,0.5595238095238095,-0.13762337043823072,0.4530690997323842,0.6607721782042654,0.9988106200615792,vix_low,False
sp500,vix_regime,[vix_low] Buy Wed_Close -> Sell Close+3d,Wed_Close,Close+3d,193,0.0011010624266778889,0.013170497150508331,0.13304221837687263,0.8942993256266584,0.5699481865284974,0.8360067308737789,83,0.0007937750996934396,0.01862062588039023,-0.0879397461768903,0.9301389744580096,0.5421686746987951,0.4262880876251215,0.4354985237265798,0.6451080058629257,0.9988106200615792,vix_low,False
sp500,vix_regime,[vix_low] Buy Thu_Close -> Sell Close+3d,Thu_Close,Close+3d,200,0.0011521323027023223,0.01207914549363729,0.20732569225536113,0.8359675128990133,0.57,0.9538193768004616,87,0.001406840788256822,0.01596497963867518,0.2510733467319703,0.8023563261985349,0.5747126436781609,0.8812042483591703,0.4698369712299657,0.6732692708441501,0.9988106200615792,vix_low,False
sp500,vix_regime,[vix_low] Buy Fri_Close -> Sell Close+3d,Fri_Close,Close+3d,207,0.0006399823435230889,0.011863767652381856,-0.40482522904336676,0.6860260316947809,0.5314009661835749,0.5394427489437569,90,0.0035036872133711607,0.014994133285107979,1.591242677534506,0.11510087320427076,0.5777777777777777,2.3367053945365335,0.4746099802268749,0.6745775869075303,0.9988106200615792,vix_low,False
sp500,vix_regime,[vix_high] Buy Mon_Close -> Sell Close+5d,Mon_Close,Close+5d,186,0.0032075520358704583,0.03037208145507806,0.0035837569271825113,0.9971444432820773,0.532258064516129,1.0560856820480349,81,0.004574693448663841,0.029765594115782695,0.4132173972316756,0.6805528556789283,0.5432098765432098,1.5369064803037773,0.43523822983845284,0.6472684649904988,0.9988106200615792,vix_high,False
sp500,vix_regime,[vix_high] Buy Tue_Close -> Sell Close+5d,Tue_Close,Close+5d,204,0.002935609381849018,0.022409136736084,-0.16781404702684377,0.8668966357322203,0.5735294117647058,1.3100055644365782,88,0.00357309350217745,0.029935395813018136,0.1163901909181039,0.9076115593686451,0.5340909090909091,1.193601555995997,0.43063280602477044,0.6346970662771058,0.9988106200615792,vix_high,False
sp500,vix_regime,[vix_high] Buy Wed_Close -> Sell Close+5d,Wed_Close,Close+5d,203,0.003056230529560783,0.025329013928899875,-0.08041945090696935,0.9359832758208827,0.5714285714285714,1.206612518805435,87,0.002827995368909984,0.028695668614199317,-0.1200756593450234,0.9047032897700897,0.5287356321839081,0.9855129730312759,0.4248617443382648,0.6301791179979336,0.9988106200615792,vix_high,False
sp500,vix_regime,[vix_high] Buy Thu_Close -> Sell Close+5d,Thu_Close,Close+5d,189,0.003687061590025737,0.026599374093558517,0.2513002329617705,0.8018564636026895,0.5502645502645502,1.3861459961641054,81,0.0028584701737135424,0.02844525297805913,-0.10724834488902721,0.9148604694446597,0.5185185185185185,1.0049023560867556,0.4113545922111773,0.6240054198583734,0.9988106200615792,vix_high,False
sp500,vix_regime,[vix_high] Buy Fri_Close -> Sell Close+5d,Fri_Close,Close+5d,179,0.0032907403064390893,0.027590911321778027,0.04409557171224937,0.9648776501356553,0.5027932960893855,1.192689965206639,78,0.0017723730488564526,0.028879044342380766,-0.4336508662915822,0.6657545286570172,0.47435897435897434,0.6137228877257022,0.36737081694801105,0.5837542832455336,0.9988106200615792,vix_high,False
sp500,vix_regime,[vix_low] Buy Mon_Close -> Sell Close+5d,Mon_Close,Close+5d,174,0.0016248344312105314,0.015604215097264002,-0.1272272755892964,0.8989082767271817,0.5804597701149425,1.0412791807102333,75,0.000413251389355633,0.019110337536385733,-0.6133251543383378,0.5415419872688703,0.5466666666666666,0.2162449452129299,0.4344817369914825,0.6543038787240788,0.9988106200615792,vix_low,False
sp500,vix_regime,[vix_low] Buy Tue_Close -> Sell Close+5d,Tue_Close,Close+5d,193,0.001984218380165193,0.014841791025735246,0.19460652142724055,0.8459067586439041,0.5544041450777202,1.336913029380763,83,0.0017728538120417483,0.020722316494357833,-0.0012754768592322281,0.9989854148762052,0.6024096385542169,0.8555287786114317,0.4948463779413774,0.7009123367759931,0.9988106200615792,vix_low,False
sp500,vix_regime,[vix_low] Buy Wed_Close -> Sell Close+5d,Wed_Close,Close+5d,192,0.0018900822662952625,0.016023844288250128,0.09859000494188681,0.9215671970406116,0.5625,1.179543580363678,83,0.0027926041800640476,0.018173160809735325,0.506670335911431,0.6137458704638892,0.6024096385542169,1.5366639899912489,0.4948463779413774,0.7009123367759931,0.9988106200615792,vix_low,False
sp500,vix_regime,[vix_low] Buy Thu_Close -> Sell Close+5d,Thu_Close,Close+5d,200,0.0015696957736057644,0.01776631489405499,-0.16362827816982795,0.8701898425804125,0.535,0.8835235573422262,87,0.001311807772470166,0.018981084058436605,-0.22668004001918265,0.8212104886270422,0.5862068965517241,0.6911131990309591,0.4812140531159266,0.6839085338926685,0.9988106200615792,vix_low,False
sp500,vix_regime,[vix_low] Buy Fri_Close -> Sell Close+5d,Fri_Close,Close+5d,207,0.0015445063900331624,0.01810645319435635,-0.18332108748182047,0.8547263958687854,0.5410628019323671,0.8530143222718924,90,0.0030154670756949715,0.019427268046498886,0.6020019992296892,0.5487033938772975,0.6,1.552182771389932,0.4967011780834921,0.6951114082321718,0.9988106200615792,vix_low,False
sp500,vix_regime,[vix_high] Buy Mon_Close -> Sell Close+10d,Mon_Close,Close+10d,186,0.006156504813977727,0.04184966993731746,-0.049848980598745395,0.9602965125751671,0.5591397849462365,1.471099968816709,81,0.008321506040020266,0.04099023497404202,0.43894618001975,0.6618837876139406,0.5802469135802469,2.0301191357624675,0.471534628313757,0.6816920906542965,0.9988106200615792,vix_high,False
sp500,vix_regime,[vix_high] Buy Tue_Close -> Sell Close+10d,Tue_Close,Close+10d,204,0.006019474045645949,0.03318699139311175,-0.1246779164113802,0.9009019155242043,0.5833333333333334,1.8138052872413568,88,0.00551137067900351,0.038651858830359716,-0.19269508783441328,0.8476468802767347,0.4772727272727273,1.425900550654634,0.37606451443681693,0.5803822373619323,0.9988106200615792,vix_high,False
sp500,vix_regime,[vix_high] Buy Wed_Close -> Sell Close+10d,Wed_Close,Close+10d,203,0.006721869883128487,0.03620350896407144,0.16173679523878684,0.8716747852754814,0.5615763546798029,1.856690159453689,87,0.005730775253936712,0.0378320457375917,-0.1419542733561591,0.887448148183958,0.5057471264367817,1.5147939114067905,0.4026891499485618,0.608319022518678,0.9988106200615792,vix_high,False
sp500,vix_regime,[vix_high] Buy Thu_Close -> Sell Close+10d,Thu_Close,Close+10d,189,0.007184317028515694,0.035787665099814764,0.3350216014558317,0.7379823024113238,0.5767195767195767,2.007484145299236,81,0.004687236970448748,0.038380393707399554,-0.3781457741946377,0.7063238511414647,0.5802469135802469,1.221258178376912,0.471534628313757,0.6816920906542965,0.9988106200615792,vix_high,False
sp500,vix_regime,[vix_high] Buy Fri_Close -> Sell Close+10d,Fri_Close,Close+10d,179,0.007126368814850554,0.036730935778961964,0.29656976083214015,0.7671407563180718,0.547486033519553,1.9401544403157456,78,0.003513257420069956,0.037774627581388345,-0.6496499872725824,0.5178517017785018,0.5512820512820513,0.9300574605270091,0.4410917185751463,0.6566580810377646,0.9988106200615792,vix_high,False
sp500,vix_regime,[vix_low] Buy Mon_Close -> Sell Close+10d,Mon_Close,Close+10d,173,0.0032970829019174606,0.02033665049119829,-0.17684180467743524,0.8598407138740757,0.5780346820809249,1.6212516920347522,75,0.002327282373547778,0.026916899936588443,-0.3975745628991418,0.6920883517486512,0.5866666666666667,0.8646175373205877,0.47366310663468214,0.6912244654085031,0.9988106200615792,vix_low,False
sp500,vix_regime,[vix_low] Buy Tue_Close -> Sell Close+10d,Tue_Close,Close+10d,192,0.003229920539265686,0.023407881674859365,-0.20155634009026263,0.8404780772020063,0.5729166666666666,1.3798431588684503,83,0.004776779011117588,0.027562058608897738,0.3960533139315571,0.693094369545264,0.5783132530120482,1.7330995042494834,0.4709262842089882,0.6787715564572362,0.9988106200615792,vix_low,False
sp500,vix_regime,[vix_low] Buy Wed_Close -> Sell Close+10d,Wed_Close,Close+10d,191,0.0033086665823580676,0.02349505810490326,-0.15408349425978457,0.8777074429448376,0.5130890052356021,1.408239369992267,83,0.005137826532628103,0.023835235412270617,0.5951470067702626,0.5533841100314775,0.5903614457831325,2.155559382469157,0.48285572426842,0.6898725534233776,0.9988106200615792,vix_low,False
sp500,vix_regime,[vix_low] Buy Thu_Close -> Sell Close+10d,Thu_Close,Close+10d,200,0.0027241364891326257,0.023970095819565128,-0.49856963568878293,0.6186332194277392,0.545,1.1364729242797194,86,0.005165166550642848,0.025171381908382934,0.5837856230522697,0.5609105554942457,0.6162790697674418,2.0519995959866906,0.510626822596434,0.7119872003060966,0.9988106200615792,vix_low,False
sp500,vix_regime,[vix_low] Buy Fri_Close -> Sell Close+10d,Fri_Close,Close+10d,207,0.0029213633572499928,0.022658201950706464,-0.41170065329705613,0.6809868850335095,0.5458937198067633,1.2893182625900759,89,0.005742920301355291,0.025993853820029084,0.7837072213036609,0.43531623343800036,0.5730337078651685,2.209337769273054,0.46934928250408064,0.6706741552651951,0.9988106200615792,vix_low,False
sp500,vix_regime,[vix_high] Buy Mon_Close -> Sell Close+20d,Mon_Close,Close+20d,186,0.014364991922212451,0.05100001665092441,0.459010756107796,0.6467652839758506,0.5645161290322581,2.816664163177695,81,0.010397089616761357,0.05669907165923644,-0.3544320429076211,0.7239476845799709,0.5802469135802469,1.8337318958674065,0.471534628313757,0.6816920906542965,0.9988106200615792,vix_high,False
sp500,vix_regime,[vix_high] Buy Tue_Close -> Sell Close+20d,Tue_Close,Close+20d,204,0.01368740990991718,0.04294482890149574,0.34620957930935475,0.7295437779700743,0.5441176470588235,3.187207927015505,88,0.00923882050957715,0.05261295917322263,-0.6036601529194854,0.5476403545785099,0.5795454545454546,1.7559971259474885,0.4752056286962684,0.6772307400081098,0.9988106200615792,vix_high,False
sp500,vix_regime,[vix_high] Buy Wed_Close -> Sell Close+20d,Wed_Close,Close+20d,203,0.01366722592774567,0.04583463366621538,0.3173228630133358,0.7513263780879652,0.5615763546798029,2.98185560449232,87,0.0073439316749473035,0.05457956813138631,-0.9005158253695136,0.37036064320166284,0.5517241379310345,1.345545948122688,0.447243599475858,0.6518299527292991,0.9988106200615792,vix_high,False
sp500,vix_regime,[vix_high] Buy Thu_Close -> Sell Close+20d,Thu_Close,Close+20d,189,0.01657560269506014,0.04250163356607707,1.268397551122822,0.20622440681991291,0.5502645502645502,3.8999919072028453,81,0.004856757140191721,0.05582083051264202,-1.2477458200055374,0.21576411676823032,0.5185185185185185,0.8700617843892142,0.4113545922111773,0.6240054198583734,0.9988106200615792,vix_high,False
sp500,vix_regime,[vix_high] Buy Fri_Close -> Sell Close+20d,Fri_Close,Close+20d,179,0.015973335976747285,0.04557367615101273,0.9746939881048196,0.33103481112628463,0.5418994413407822,3.5049478834707366,78,0.006152638437014049,0.05378740606962006,-1.058992804980964,0.2929138364030437,0.5384615384615384,1.1438808610793285,0.42863448388730346,0.6446778658223795,0.9988106200615792,vix_high,False
sp500,vix_regime,[vix_low] Buy Mon_Close -> Sell Close+20d,Mon_Close,Close+20d,172,0.0065634732334233096,0.029807800993195938,-0.250770639061412,0.8022925055784158,0.5697674418604651,2.201931378608411,74,0.007058931377830688,0.032422657524825454,-0.020070537282082905,0.9840418611105095,0.6216216216216216,2.1771600222547423,0.507712489269153,0.7235263341877133,0.9988106200615792,vix_low,False
sp500,vix_regime,[vix_low] Buy Tue_Close -> Sell Close+20d,Tue_Close,Close+20d,191,0.006371944914333311,0.03644623065446802,-0.28862503426688085,0.7731829768618294,0.5706806282722513,1.7483138310633948,82,0.011580658546780868,0.033525189304664915,1.193433205904395,0.2361835368026808,0.6585365853658537,3.454315631610605,0.5508753748631217,0.7520080755851459,0.9988106200615792,vix_low,False
sp500,vix_regime,[vix_low] Buy Wed_Close -> Sell Close+20d,Wed_Close,Close+20d,190,0.004821013126898309,0.042020354426081645,-0.7570941052854391,0.4499362838525425,0.5526315789473685,1.1473042511764135,82,0.01187850962265534,0.03369849297251768,1.2668440059946908,0.2088416623322387,0.6951219512195121,3.524937934863344,0.5886121722656341,0.7841674590553105,0.9988106200615792,vix_low,False
sp500,vix_regime,[vix_low] Buy Thu_Close -> Sell Close+20d,Thu_Close,Close+20d,198,0.0037909862986480795,0.039219736104278896,-1.1967647798812562,0.2328364785310265,0.5606060606060606,0.966601684562197,86,0.014502462540665883,0.033447440554549776,2.0307615091618634,0.04540462321539752,0.6744186046511628,4.335896050704886,0.5697765718056292,0.7641444625481665,0.9988106200615792,vix_low,False
sp500,vix_regime,[vix_low] Buy Fri_Close -> Sell Close+20d,Fri_Close,Close+20d,205,0.0035101944001858197,0.04319040894412757,-1.1987368056014385,0.2320209470965916,0.5756097560975609,0.8127254374291094,89,0.015084985589515881,0.037408352183767576,1.9935811707835969,0.049294675659904294,0.7303370786516854,4.032518063188475,0.6300316256093158,0.8115807550476312,0.9988106200615792,vix_low,False
sp500,trend_regime,[trend_up] Buy Mon_Close -> Sell Close+2d,Mon_Close,Close+2d,252,-5.5493839532514375e-05,0.01112246570156826,-1.0744942410631646,0.28363305447144466,0.5,-0.049893468787851405,109,0.00046047551526119375,0.010661043176937324,-0.23236389482478814,0.8166951428433455,0.5321100917431193,0.4319235065639026,0.4389455497458302,0.6230883101072736,0.9988106200615792,trend_up,False
sp500,trend_regime,[trend_up] Buy Tue_Close -> Sell Close+2d,Tue_Close,Close+2d,277,0.0005905418496770105,0.010733589987437963,-0.1676345085484431,0.8669935842136921,0.5523465703971119,0.5501811140244318,119,0.0010530789228300086,0.011038797293219351,0.34858242056568656,0.728023996134334,0.5966386554621849,0.953979763245466,0.5068105369827636,0.6804224524931144,0.9988106200615792,trend_up,False
sp500,trend_regime,[trend_up] Buy Wed_Close -> Sell Close+2d,Wed_Close,Close+2d,276,0.0004371569458759512,0.011196867266259085,-0.38757790510602164,0.698628230285444,0.5362318840579711,0.39042790762849416,119,0.0017572433617301978,0.011041731355447774,1.041241997290019,0.29989193861427904,0.5630252100840336,1.5914563623785396,0.47331677471048383,0.6487916966868279,0.9988106200615792,trend_up,False
sp500,trend_regime,[trend_up] Buy Thu_Close -> Sell Close+2d,Thu_Close,Close+2d,269,0.00106308157139639,0.011807603305584903,0.5049930338598687,0.6139787320076356,0.5910780669144982,0.9003364559965874,116,0.001670077568918117,0.01020618354293569,1.0204867175925985,0.30963969634841143,0.6206896551724138,1.636338952648052,0.5298613573866044,0.7037803830440974,0.9988106200615792,trend_up,False
sp500,trend_regime,[trend_up] Buy Fri_Close -> Sell Close+2d,Fri_Close,Close+2d,274,0.00016982363953031807,0.010754026453650067,-0.8128044092951063,0.4170384524293831,0.4927007299270073,0.15791633046678769,118,0.001415062695471801,0.00958317697033332,0.8084004273116601,0.4205008053460799,0.5254237288135594,1.4766112530869633,0.43595066970567825,0.6132935949789615,0.9988106200615792,trend_up,False
sp500,trend_regime,[trend_down] Buy Mon_Close -> Sell Close+2d,Mon_Close,Close+2d,102,0.006016014964199425,0.021122387589990962,2.040461728333429,0.04391368782918985,0.6176470588235294,2.848169951700995,45,0.005088525136954683,0.018733191312649895,1.1901213205066912,0.24038063230600284,0.5333333333333333,2.716315149954494,0.3907720886241046,0.6706509605798527,0.9988106200615792,trend_down,False
sp500,trend_regime,[trend_down] Buy Tue_Close -> Sell Close+2d,Tue_Close,Close+2d,114,0.0015982958791074845,0.02443941941411066,-0.05618198596155228,0.9552960506423196,0.5263157894736842,0.6539827530373621,49,-0.000532658771125709,0.01805552812920376,-0.8672455432231081,0.39012242526088436,0.42857142857142855,-0.29501145982219407,0.3002310889895705,0.5672975248298444,0.9988106200615792,trend_down,False
sp500,trend_regime,[trend_down] Buy Wed_Close -> Sell Close+2d,Wed_Close,Close+2d,112,-0.0003026779019239467,0.02025815375024872,-1.0558144515914152,0.2933455792377895,0.5357142857142857,-0.14941040810307335,49,-0.0011829055440117434,0.02456043584701664,-0.8209796527461033,0.41571674909219436,0.4897959183673469,-0.4816305180331037,0.3557488315940086,0.6253266846659078,0.9988106200615792,trend_down,False
sp500,trend_regime,[trend_down] Buy Thu_Close -> Sell Close+2d,Thu_Close,Close+2d,113,-0.0010832349519852423,0.02399617233008765,-1.2395985739360675,0.21771500870598134,0.504424778761062,-0.4514198919246075,49,0.004457270847921926,0.01949839734457655,0.9699602418966183,0.33692872889603254,0.6326530612244898,2.2859677998929024,0.49266811386889864,0.7533501747521878,0.9988106200615792,trend_down,False
sp500,trend_regime,[trend_down] Buy Fri_Close -> Sell Close+2d,Fri_Close,Close+2d,106,0.001401898669909927,0.020384800921732074,-0.1636529015715554,0.8703189859575117,0.5566037735849056,0.6877176163223522,46,0.004447726276211164,0.017421331173507432,1.0474565386988857,0.30048267706379883,0.5869565217391305,2.553034685991624,0.4433924238701789,0.7171160670289898,0.9988106200615792,trend_down,False
sp500,trend_regime,[trend_up] Buy Mon_Close -> Sell Close+3d,Mon_Close,Close+3d,252,-3.4264928798392705e-05,0.014011091236927873,-1.3095421992670784,0.19154815795120983,0.503968253968254,-0.024455574672216443,109,0.0008584814487600159,0.013596582456864764,-0.20283569916789326,0.8396450933453338,0.5412844036697247,0.6313950225974456,0.4479278576405048,0.6318299621706287,0.9988106200615792,trend_up,False
sp500,trend_regime,[trend_up] Buy Tue_Close -> Sell Close+3d,Tue_Close,Close+3d,277,0.0011456805219419955,0.013981959145662809,0.02592953487251497,0.9793322801377647,0.5270758122743683,0.8193991342746733,119,0.0017948757912044342,0.012363417229170674,0.5895716875230349,0.5566050083709364,0.6134453781512605,1.45176350351547,0.5237099878416429,0.6960852606735182,0.9988106200615792,trend_up,False
sp500,trend_regime,[trend_up] Buy Wed_Close -> Sell Close+3d,Wed_Close,Close+3d,276,0.0008249140084272234,0.014445933881405108,-0.3431707896711813,0.7317321697312946,0.5688405797101449,0.5710354312842714,119,0.0029234669252541498,0.01376837439870112,1.419830544025189,0.1582935769180891,0.5714285714285714,2.1233203286002618,0.48165262171710516,0.6567369791998481,0.9988106200615792,trend_up,False
sp500,trend_regime,[trend_up] Buy Thu_Close -> Sell Close+3d,Thu_Close,Close+3d,269,0.0019233004171062358,0.012341030935936107,1.0604818326665948,0.28988022655694773,0.5799256505576208,1.55846008902363,116,0.0014204705113818855,0.012120354428977213,0.2624359381259143,0.7934549099835349,0.5517241379310345,1.1719711001073037,0.4610104889496263,0.6391216855206745,0.9988106200615792,trend_up,False
sp500,trend_regime,[trend_up] Buy Fri_Close -> Sell Close+3d,Fri_Close,Close+3d,273,0.0001386882004506631,0.013656958032758877,-1.1897110482089248,0.23519741716650738,0.4835164835164835,0.10155131187925773,118,0.002163909884935804,0.012429667194953442,0.9050832017145839,0.3672813000189899,0.5423728813559322,1.7409234302060566,0.4525634999361512,0.6295102745382484,0.9988106200615792,trend_up,False
sp500,trend_regime,[trend_down] Buy Mon_Close -> Sell Close+3d,Mon_Close,Close+3d,102,0.006539643721288957,0.029386395076236443,1.4130168757957842,0.16072512433984373,0.5490196078431373,2.2253984213862608,45,0.0013951975789052752,0.023142418475811107,-0.29026928278955183,0.7729739209160873,0.4444444444444444,0.602874578715082,0.30938708549039107,0.5882411658363468,0.9988106200615792,trend_down,False
sp500,trend_regime,[trend_down] Buy Tue_Close -> Sell Close+3d,Tue_Close,Close+3d,114,0.0013931226292024698,0.02506791393769068,-0.4303218845853032,0.6677811105578191,0.5701754385964912,0.5557393537672277,49,1.3638593125019474e-05,0.028291951562751248,-0.5863136024546567,0.5604120422340995,0.5102040816326531,0.004820661839028397,0.3746733153340921,0.6442511684059914,0.9988106200615792,trend_down,False
sp500,trend_regime,[trend_down] Buy Wed_Close -> Sell Close+3d,Wed_Close,Close+3d,112,-0.0010237623921389473,0.03113718176148123,-1.1611470564683972,0.24807306874123067,0.5625,-0.32879096123124724,49,0.0023745882971963027,0.025707222896518996,-0.008978670154057065,0.9928733679735963,0.5714285714285714,0.9237047139455288,0.4327024751701555,0.6997689110104294,0.9988106200615792,trend_down,False
sp500,trend_regime,[trend_down] Buy Thu_Close -> Sell Close+3d,Thu_Close,Close+3d,113,-0.0005718504885982416,0.023328835506420918,-1.351750086632698,0.1791789508591131,0.48672566371681414,-0.24512603230489072,49,0.0060073398371084654,0.023486181376486177,1.0617998677132794,0.2936398054126825,0.6326530612244898,2.557818889673941,0.49266811386889864,0.7533501747521878,0.9988106200615792,trend_down,False
sp500,trend_regime,[trend_down] Buy Fri_Close -> Sell Close+3d,Fri_Close,Close+3d,106,0.004095052004117087,0.027838046507102854,0.6210250575210579,0.53592895576508,0.5566037735849056,1.4710270719147762,46,0.007290938589630807,0.020787463575839535,1.5757763308258432,0.12208240655987598,0.5869565217391305,3.5073728754982803,0.4433924238701789,0.7171160670289898,0.9988106200615792,trend_down,False
sp500,trend_regime,[trend_up] Buy Mon_Close -> Sell Close+5d,Mon_Close,Close+5d,252,0.0009340083241061684,0.018978622610764093,-0.785916102745475,0.4326579285740763,0.5436507936507936,0.4921370445379042,109,0.0028420924037871414,0.016162914728951358,0.6215094234726348,0.5355741868443307,0.5596330275229358,1.758403389146343,0.4659835342166254,0.6492222055105674,0.9988106200615792,trend_up,False
sp500,trend_regime,[trend_up] Buy Tue_Close -> Sell Close+5d,Tue_Close,Close+5d,276,0.0019541389261131365,0.01740959408554209,0.07493151636406302,0.9403236791133565,0.5688405797101449,1.1224494474204678,119,0.003538349528239177,0.014898543884755424,1.2124314406006822,0.22776916015845697,0.5966386554621849,2.3749633223282363,0.5068105369827636,0.6804224524931144,0.9988106200615792,trend_up,False
sp500,trend_regime,[trend_up] Buy Wed_Close -> Sell Close+5d,Wed_Close,Close+5d,275,0.0013878750918372676,0.01736696643489175,-0.4647432860921215,0.6424843959552925,0.5527272727272727,0.79914652742629,119,0.003566053075816744,0.016655086099283477,1.1026301798583433,0.27243156544274677,0.6050420168067226,2.141119568256186,0.5152473444421884,0.688266774553331,0.9988106200615792,trend_up,False
sp500,trend_regime,[trend_up] Buy Thu_Close -> Sell Close+5d,Thu_Close,Close+5d,269,0.0019073453316721418,0.017083199647771715,0.030543050599198898,0.9756566929506054,0.5539033457249071,1.1165035654903972,116,0.0018727100328641394,0.017171803805730648,-0.001725457100979576,0.9986262746779457,0.5431034482758621,1.0905726934983793,0.4525238447819796,0.6309196339432711,0.9988106200615792,trend_up,False
sp500,trend_regime,[trend_up] Buy Fri_Close -> Sell Close+5d,Fri_Close,Close+5d,273,0.0007721020503677688,0.01864678799618366,-0.9758924380994173,0.32998488689435695,0.5201465201465202,0.4140670503283411,118,0.0030464131437905975,0.01576027425891914,0.8036442952837027,0.423232166738633,0.559322033898305,1.932969625872186,0.4692762021154777,0.6456270821486816,0.9988106200615792,trend_up,False
sp500,trend_regime,[trend_down] Buy Mon_Close -> Sell Close+5d,Mon_Close,Close+5d,102,0.0052075703928276635,0.0368970702011794,0.34151125297119367,0.7334282329832149,0.5588235294117647,1.4113777501665177,45,0.004346416786232407,0.03426784880639166,0.076009257453218,0.9397562940867326,0.6222222222222222,1.2683658115772096,0.4762967000646754,0.7489211470165014,0.9988106200615792,trend_down,False
sp500,trend_regime,[trend_down] Buy Tue_Close -> Sell Close+5d,Tue_Close,Close+5d,114,0.0020966961268207417,0.028725818868091516,-0.6872119602890877,0.49335717393363093,0.5701754385964912,0.729899515292753,49,0.004153543917766971,0.033071391509710016,0.04185583079517953,0.9667872521188857,0.5306122448979592,1.2559326137055524,0.39380627019919845,0.6629671810210522,0.9988106200615792,trend_down,False
sp500,trend_regime,[trend_down] Buy Wed_Close -> Sell Close+5d,Wed_Close,Close+5d,112,0.0026719199448994794,0.03342401667783144,-0.4040475100098774,0.6869551918809345,0.5446428571428571,0.7994012122042882,49,0.006211859903035121,0.026068073540969967,0.6001464588730001,0.5512316423026604,0.5918367346938775,2.3829378466622138,0.4524706997204626,0.7178496539402894,0.9988106200615792,trend_down,False
sp500,trend_regime,[trend_down] Buy Thu_Close -> Sell Close+5d,Thu_Close,Close+5d,113,0.0020345467646969272,0.03521014961556039,-0.5768481840453139,0.5651996376492029,0.5221238938053098,0.5778296277951065,49,0.007770949895921868,0.027261025080950324,0.9701159172016113,0.33685193451557427,0.5714285714285714,2.850571419396886,0.4327024751701555,0.6997689110104294,0.9988106200615792,trend_down,False
sp500,trend_regime,[trend_down] Buy Fri_Close -> Sell Close+5d,Fri_Close,Close+5d,106,0.0036275350414881943,0.035163797518514624,-0.09506033691323375,0.9244480810291053,0.5188679245283019,1.0316107182616456,46,0.007294534472954488,0.030405539400039868,0.7370591385638742,0.4649121243184784,0.6086956521739131,2.3990807651795594,0.4645658371764493,0.7360697764475116,0.9988106200615792,trend_down,False
sp500,trend_regime,[trend_up] Buy Mon_Close -> Sell Close+10d,Mon_Close,Close+10d,251,0.0028437222958463695,0.02447005431461091,-0.8278151922215988,0.40856468816661873,0.5657370517928287,1.162123409815401,109,0.005074824951342406,0.02189184464101796,0.45095553264680827,0.6529257165427659,0.5963302752293578,2.318134919445705,0.5024644394796234,0.6836371400796881,0.9988106200615792,trend_up,False
sp500,trend_regime,[trend_up] Buy Tue_Close -> Sell Close+10d,Tue_Close,Close+10d,275,0.004023528251065954,0.024851549906265608,-0.06749926688782723,0.9462334738108186,0.5672727272727273,1.6190250774063535,119,0.005816385650495128,0.021528414143503812,0.8535041794684751,0.3951090351856844,0.5966386554621849,2.701725083754123,0.5068105369827636,0.6804224524931144,0.9988106200615792,trend_up,False
sp500,trend_regime,[trend_up] Buy Wed_Close -> Sell Close+10d,Wed_Close,Close+10d,275,0.002856020299572721,0.024976724185309794,-0.8409091828491662,0.4011320534424406,0.509090909090909,1.1434727302039498,119,0.008172542572849042,0.020006091409695975,2.1977809657438407,0.029917124342954654,0.6134453781512605,4.0850271077379015,0.5237099878416429,0.6960852606735182,0.9988106200615792,trend_up,False
sp500,trend_regime,[trend_up] Buy Thu_Close -> Sell Close+10d,Thu_Close,Close+10d,268,0.0038127610809532628,0.02411330765105799,-0.21149563358501589,0.8326618821450628,0.5597014925373134,1.5811854334243418,116,0.00514725553425407,0.0220490137584679,0.4972508704643727,0.6199615223328182,0.5948275862068966,2.3344606659684595,0.5038395533408654,0.6797360998546861,0.9988106200615792,trend_up,False
sp500,trend_regime,[trend_up] Buy Fri_Close -> Sell Close+10d,Fri_Close,Close+10d,273,0.0026667811954510555,0.02488277081838419,-0.9664266857895245,0.3346891969899813,0.5567765567765568,1.071738037100254,117,0.006474989225453094,0.020268771577868827,1.2487972738467756,0.21425357075851575,0.5897435897435898,3.1945642095661286,0.4991426908732677,0.67463852354296,0.9988106200615792,trend_up,False
sp500,trend_regime,[trend_down] Buy Mon_Close -> Sell Close+10d,Mon_Close,Close+10d,102,0.006748014234888475,0.053880150934833546,-0.025779598955764784,0.9794840009099529,0.5392156862745098,1.2524119026782237,45,0.012417202596399371,0.04327668265012257,0.8477625248501333,0.4011584166710765,0.6444444444444445,2.869259341523074,0.49835546011952203,0.7678110864309596,0.9988106200615792,trend_down,False
sp500,trend_regime,[trend_down] Buy Tue_Close -> Sell Close+10d,Tue_Close,Close+10d,114,0.0036595412785637668,0.043086421194633906,-0.7960774097033358,0.42765627316604293,0.5350877192982456,0.8493490935421519,49,0.00925189917085352,0.041319677534228494,0.39666006883920396,0.6933762289015418,0.5714285714285714,2.2391024623048934,0.4327024751701555,0.6997689110104294,0.9988106200615792,trend_down,False
sp500,trend_regime,[trend_down] Buy Wed_Close -> Sell Close+10d,Wed_Close,Close+10d,112,0.00599352560461888,0.046489858135352474,-0.20230605486155737,0.8400477976053241,0.6071428571428571,1.289211420514359,48,0.008501792085611644,0.03994511154532212,0.27727459637924445,0.7827852002911553,0.5208333333333334,2.12836859297925,0.3832899563598438,0.6552890998421255,0.9988106200615792,trend_down,False
sp500,trend_regime,[trend_down] Buy Thu_Close -> Sell Close+10d,Thu_Close,Close+10d,113,0.003924246134030397,0.04678098853355058,-0.670072329510127,0.5041909131486833,0.5575221238938053,0.8388548974795584,49,0.012940688194480694,0.03709510554587717,1.130783847280398,0.26376455636765994,0.673469387755102,3.4885163430729067,0.5337894368740628,0.7879267867073578,0.9988106200615792,trend_down,False
sp500,trend_regime,[trend_down] Buy Fri_Close -> Sell Close+10d,Fri_Close,Close+10d,106,0.0055631787020845504,0.046366485376891656,-0.29239218802566136,0.7705637607018158,0.5377358490566038,1.1998275601146067,46,0.011621897838721232,0.03833014414628461,0.8287955795198867,0.4115946632819359,0.6086956521739131,3.032051691318191,0.4645658371764493,0.7360697764475116,0.9988106200615792,trend_down,False
sp500,trend_regime,[trend_up] Buy Mon_Close -> Sell Close+20d,Mon_Close,Close+20d,250,0.006106084959950122,0.034989701756035885,-0.7015258930127612,0.48363002289778756,0.568,1.7451091759868442,108,0.011213828542144642,0.028288711891030837,1.2988984884305774,0.19677088927654468,0.6111111111111112,3.9640647426226843,0.516864220923738,0.6977249838086694,0.9988106200615792,trend_up,False
sp500,trend_regime,[trend_up] Buy Tue_Close -> Sell Close+20d,Tue_Close,Close+20d,274,0.007622297121552688,0.03724978604014457,-0.017449371375630556,0.9860908681705463,0.6021897810218978,2.0462660143438254,118,0.010991416825802368,0.03088196290011089,1.1662822846325653,0.24587216782667645,0.6186440677966102,3.55917040032546,0.5285752066363015,0.7012313618920173,0.9988106200615792,trend_up,False
sp500,trend_regime,[trend_up] Buy Wed_Close -> Sell Close+20d,Wed_Close,Close+20d,274,0.003005072201264686,0.04267469756897906,-1.8029198957868278,0.07250345853353231,0.5218978102189781,0.7041812531670106,118,0.01377475662925883,0.03144555343308018,2.1027936277542207,0.03762748172086316,0.6694915254237288,4.3805101597506075,0.5804506872362978,0.7478444106613005,0.9988106200615792,trend_up,False
sp500,trend_regime,[trend_up] Buy Thu_Close -> Sell Close+20d,Thu_Close,Close+20d,267,0.006825749643381315,0.0391788730636893,-0.34796545286685987,0.7281413318337301,0.5655430711610487,1.742201627975709,115,0.011737780182305941,0.03086523533451037,1.4100430360374965,0.16124951756330555,0.6173913043478261,3.8029129067361906,0.5261307170981498,0.7010624543165737,0.9988106200615792,trend_up,False
sp500,trend_regime,[trend_up] Buy Fri_Close -> Sell Close+20d,Fri_Close,Close+20d,271,0.00430654495447798,0.04349570891017972,-1.2674761080563108,0.20607714038121627,0.5461254612546126,0.9901080043024837,117,0.01485241141718211,0.02892122304524931,2.6778612038576965,0.00848448211916035,0.717948717948718,5.135471412790689,0.6304874095354096,0.7915526826182859,0.9988106200615792,trend_up,False
sp500,trend_regime,[trend_down] Buy Mon_Close -> Sell Close+20d,Mon_Close,Close+20d,102,0.011574033770300255,0.06563243116365157,-0.5677665853842774,0.571453450360622,0.5784313725490197,1.763462599982151,45,0.025805577797184273,0.05398263951554921,1.2931190359600802,0.20271834866926272,0.6222222222222222,4.78034753927718,0.4762967000646754,0.7489211470165014,0.9988106200615792,trend_down,False
sp500,trend_regime,[trend_down] Buy Tue_Close -> Sell Close+20d,Tue_Close,Close+20d,114,0.010457771619186864,0.055005485032555604,-0.9322981644722489,0.3531701572964251,0.5263157894736842,1.9012234167187723,49,0.02218125735038868,0.049485762581300545,0.9659331455012943,0.3389193240661164,0.6326530612244898,4.482351325585196,0.49266811386889864,0.7533501747521878,0.9988106200615792,trend_down,False
sp500,trend_regime,[trend_down] Buy Wed_Close -> Sell Close+20d,Wed_Close,Close+20d,112,0.014837273296713447,0.05636011037989586,-0.0831218161617668,0.9339043939778601,0.5446428571428571,2.6325841444778346,48,0.02168053001357569,0.05022836551199222,0.8733429304952334,0.38691659941978657,0.625,4.316391702692251,0.48362506125249566,0.7478492759593187,0.9988106200615792,trend_down,False
sp500,trend_regime,[trend_down] Buy Thu_Close -> Sell Close+20d,Thu_Close,Close+20d,113,0.00936893561616285,0.05569992198861676,-1.1234711653784626,0.26363980668819115,0.5132743362831859,1.682037475398539,49,0.024916524735467155,0.05034996849150732,1.3257292634038653,0.19120437122437353,0.673469387755102,4.9486673938375745,0.5337894368740628,0.7879267867073578,0.9988106200615792,trend_down,False
sp500,trend_regime,[trend_down] Buy Fri_Close -> Sell Close+20d,Fri_Close,Close+20d,106,0.010941881349041869,0.0569057403169037,-0.7815076319957993,0.4362626081094058,0.5188679245283019,1.922808013410839,46,0.02648444808949915,0.054908395950407474,1.368620790891823,0.17791192516726234,0.6956521739130435,4.823387686178185,0.5519408125976183,0.8092032919255109,0.9988106200615792,trend_down,False
dxy,multiday_hold,Buy Mon_Close -> Sell Close+2d,Mon_Close,Close+2d,361,-6.122943787870567e-05,0.006079799795623003,-0.4173852047223983,0.6766454785921224,0.4986149584487535,-0.10070962850254747,156,-0.00027328211653530426,0.006346163174393731,-0.6783842089153879,0.49853966225378404,0.48717948717948717,-0.43062573247088265,0.4099983039412419,0.5649769215319764,0.9988106200615792,,False
dxy,multiday_hold,Buy Tue_Close -> Sell Close+2d,Tue_Close,Close+2d,398,-0.00012771890874700018,0.006488548707521943,-0.6148722234729879,0.5389913641796721,0.4723618090452261,-0.19683740464017815,171,-0.0003453730227985181,0.00694674103923528,-0.78433765709857,0.43393355038603265,0.4619883040935672,-0.4971727330094025,0.3889186720910832,0.5367283135233243,0.9988106200615792,,False
dxy,multiday_hold,Buy Wed_Close -> Sell Close+2d,Wed_Close,Close+2d,396,0.00042911818579395296,0.006325927376662312,1.1203657119145485,0.26323867567171927,0.5126262626262627,0.6783482645992127,170,-0.0004506905292083088,0.007174750699837286,-0.9480007816973398,0.34448265024372826,0.4823529411764706,-0.6281619363004903,0.40846074770147733,0.5570250738740258,0.9988106200615792,,False
dxy,multiday_hold,Buy Thu_Close -> Sell Close+2d,Thu_Close,Close+2d,390,0.0004492612434692065,0.006247948209788735,1.1892866438565417,0.23505231437489468,0.5641025641025641,0.7190540452389531,168,-5.9006837644725166e-05,0.006676221404898556,-0.2545802511613007,0.7993605298401777,0.49404761904761907,-0.08838358416548314,0.41942713543049287,0.5689342392308231,0.9988106200615792,,False
dxy,multiday_hold,Buy Fri_Close -> Sell Close+2d,Fri_Close,Close+2d,387,0.0003559011863262407,0.005399523917761167,1.0311388908962755,0.30312133618324727,0.5142118863049095,0.659134382487947,167,-0.00012747456027682394,0.005618320500665043,-0.45862151404264273,0.6471058661097702,0.5149700598802395,-0.22689086580542125,0.4396890875605082,0.5895777888911289,0.9988106200615792,,False
dxy,multiday_hold,Buy Mon_Close -> Sell Close+3d,Mon_Close,Close+3d,361,5.306057768253284e-05,0.00820440899453436,-0.12481728897724886,0.9007378673036245,0.48753462603878117,0.06467324790595022,156,-0.0005791492765123319,0.008188172197603734,-1.0433218208755086,0.2984237530549759,0.4935897435897436,-0.7072998253283189,0.41623584214974113,0.5712517705868682,0.9988106200615792,,False
dxy,multiday_hold,Buy Tue_Close -> Sell Close+3d,Tue_Close,Close+3d,398,0.00025684978839925085,0.00775696518421198,0.3848259011016968,0.7005724794204938,0.507537688442211,0.3311214918458395,171,-0.0004484134826790655,0.008099710522133569,-0.894122607080995,0.3725203922515349,0.47368421052631576,-0.5536166773537329,0.40024829606921886,0.548276540125371,0.9988106200615792,,False
dxy,multiday_hold,Buy Wed_Close -> Sell Close+3d,Wed_Close,Close+3d,396,0.0005081240943435849,0.007636786954535587,1.0438330455950828,0.2972010372067685,0.5202020202020202,0.6653637156157712,170,-0.00033156151760353845,0.008567003278750407,-0.6655450856737068,0.5066092468491219,0.48823529411764705,-0.38702158364517447,0.41418794920320934,0.5628025985137927,0.9988106200615792,,False
dxy,multiday_hold,Buy Thu_Close -> Sell Close+3d,Thu_Close,Close+3d,390,0.0006466571162764179,0.007136032450267424,1.4914525675645014,0.1366531844432016,0.5615384615384615,0.9061857843039718,168,-0.0002820769822073889,0.007298022632836839,-0.6890095598196031,0.4917734024040373,0.5297619047619048,-0.38651152017288526,0.4544674219942754,0.6037257046991444,0.9988106200615792,,False
dxy,multiday_hold,Buy Fri_Close -> Sell Close+3d,Fri_Close,Close+3d,387,9.191380523056686e-05,0.0070741309206669946,-0.04198993949284592,0.966528429121406,0.4935400516795866,0.12992946591084667,166,-0.00026417447630247223,0.006792783077430861,-0.7019574359096276,0.4836946995883515,0.42771084337349397,-0.3889046261173811,0.3549204324019173,0.5037714310755816,0.9988106200615792,,False
dxy,multiday_hold,Buy Mon_Close -> Sell Close+5d,Mon_Close,Close+5d,361,0.0006966384999196523,0.010393935365429555,0.961132670326106,0.33713056373923317,0.4930747922437673,0.6702355512395107,156,-0.000372261283871771,0.00993032038945926,-0.6799997801925476,0.49751896076427765,0.5,-0.3748733870328246,0.4224858183047757,0.5775141816952243,0.9988106200615792,,False
dxy,multiday_hold,Buy Tue_Close -> Sell Close+5d,Tue_Close,Close+5d,397,0.0005630496706665473,0.00910641789697004,0.8586432995889082,0.39105676812500106,0.5264483627204031,0.6182998375836558,171,-0.0005678291414527805,0.009815365260630399,-0.9802695700868121,0.3283460494339588,0.4619883040935672,-0.5785104541451485,0.3889186720910832,0.5367283135233243,0.9988106200615792,,False
dxy,multiday_hold,Buy Wed_Close -> Sell Close+5d,Wed_Close,Close+5d,395,0.00034003787292119405,0.009541098210099906,0.3534956338623035,0.7239059692023951,0.5088607594936709,0.35639280241475835,170,-0.0009150524492815853,0.01000633719118937,-1.4098331635464498,0.160426619951438,0.4235294117647059,-0.9144729303019027,0.3517468367838664,0.49869172337664736,0.9988106200615792,,False
dxy,multiday_hold,Buy Thu_Close -> Sell Close+5d,Thu_Close,Close+5d,390,0.00045180074242322146,0.009746248476307196,0.5700219908896901,0.5689918403487817,0.5102564102564102,0.46356374303562436,168,-0.00044468226776028563,0.009747026762131907,-0.8151224443698643,0.416163181018346,0.47619047619047616,-0.45622350139420675,0.40204692972545564,0.5513985689198084,0.9988106200615792,,False
dxy,multiday_hold,Buy Fri_Close -> Sell Close+5d,Fri_Close,Close+5d,387,0.0005607281193669746,0.01021282959371065,0.7514269473841004,0.452853637530905,0.5271317829457365,0.5490428624328432,166,-0.0008879079131933606,0.008973874584797696,-1.5144671769745113,0.13182063922864332,0.5120481927710844,-0.98943650794667,0.43659940817854326,0.5869519479085402,0.9988106200615792,,False
dxy,multiday_hold,Buy Mon_Close -> Sell Close+10d,Mon_Close,Close+10d,361,0.0010173428928223257,0.013412304838214775,0.9703670536298333,0.33251506119331176,0.5069252077562327,0.7585145917081151,155,-0.0009841679464755973,0.013892649014505827,-1.175136866293009,0.2417536818801862,0.44516129032258067,-0.7084091345343795,0.3691874886196331,0.523787651394066,0.9988106200615792,,False
dxy,multiday_hold,Buy Tue_Close -> Sell Close+10d,Tue_Close,Close+10d,396,0.0009742268142066786,0.012873613517019176,0.9924127357794713,0.32160376466041674,0.5227272727272727,0.7567625149836377,171,-0.001086151301277898,0.013278375944847803,-1.3919324689463057,0.16576122188381778,0.47368421052631576,-0.81798505012154,0.40024829606921886,0.548276540125371,0.9988106200615792,,False
dxy,multiday_hold,Buy Wed_Close -> Sell Close+10d,Wed_Close,Close+10d,394,0.0008961999351613425,0.013684334432905645,0.8182151834022355,0.4137301459887726,0.5025380710659898,0.6549094072170005,170,-0.0014715689545550176,0.013968831482149204,-1.677920688004602,0.095210923086959,0.4823529411764706,-1.0534660371810902,0.40846074770147733,0.5570250738740258,0.9988106200615792,,False
dxy,multiday_hold,Buy Thu_Close -> Sell Close+10d,Thu_Close,Close+10d,389,0.0009853603432051915,0.01336178751819435,0.9640575808644937,0.3356175180500842,0.5141388174807198,0.7374464994773009,168,-0.000998031729629388,0.013170512380415878,-1.3044320981634014,0.1938811492114596,0.4642857142857143,-0.7577774507189474,0.39051207349851136,0.5396561744693847,0.9988106200615792,,False
dxy,multiday_hold,Buy Fri_Close -> Sell Close+10d,Fri_Close,Close+10d,386,0.0011109358185319705,0.013771284084020998,1.1106883593419186,0.2673956924444071,0.5051813471502591,0.8067045975915955,166,-0.0014989909405080013,0.012695435410757095,-1.851987865116711,0.06581439248045409,0.46987951807228917,-1.1807322017785042,0.3954966719052559,0.5456249378770354,0.9988106200615792,,False
dxy,multiday_hold,Buy Mon_Close -> Sell Close+20d,Mon_Close,Close+20d,359,0.0019957844108753546,0.017502276810167514,1.5208801636910854,0.1291726213466378,0.5264623955431755,1.1402998778512936,155,-0.0024436787411044446,0.019610236555696978,-1.919085980136238,0.056822953076543316,0.432258064516129,-1.2461240506527855,0.35683815598894386,0.5109546640279785,0.9988106200615792,,False
dxy,multiday_hold,Buy Tue_Close -> Sell Close+20d,Tue_Close,Close+20d,395,0.0018264692861581328,0.017326076395713798,1.4177694058425094,0.15704846024071498,0.5215189873417722,1.0541736307996268,170,-0.0024272100744267533,0.019416609245370607,-2.0193983353917218,0.045025984046896984,0.43529411764705883,-1.2500689712368083,0.3630077130933594,0.5104402993501522,0.9988106200615792,,False
dxy,multiday_hold,Buy Wed_Close -> Sell Close+20d,Wed_Close,Close+20d,393,0.0015899451482019335,0.01790625733268416,1.1068207158568164,0.26905018720918744,0.5318066157760815,0.887927118806574,169,-0.002185706114644632,0.02004819898729369,-1.7938489979418752,0.07463571926097727,0.4556213017751479,-1.0902256686647545,0.3823531606904297,0.5308621763580585,0.9988106200615792,,False
dxy,multiday_hold,Buy Thu_Close -> Sell Close+20d,Thu_Close,Close+20d,388,0.0018202778457716562,0.017450821707983587,1.3880946150589686,0.16590679501903333,0.5335051546391752,1.043090048269129,167,-0.0017093569211341854,0.019876518905697416,-1.4897680390335186,0.13818277768131168,0.46107784431137727,-0.8599880739902672,0.3871982458698945,0.5367078753558492,0.9988106200615792,,False
dxy,multiday_hold,Buy Fri_Close -> Sell Close+20d,Fri_Close,Close+20d,385,0.0019107862702913252,0.01748117859164034,1.4817602478094294,0.13922421267918741,0.5168831168831168,1.0930534576227489,165,-0.002674280481166912,0.01896215848790576,-2.2038382913527506,0.02892892019445972,0.42424242424242425,-1.410324928394936,0.3513969481824643,0.5005352770511273,0.9988106200615792,,False
dxy,vix_regime,[vix_high] Buy Mon_Close -> Sell Close+2d,Mon_Close,Close+2d,188,7.644306434205732e-05,0.006624202021022722,-0.29839694701218983,0.7657315248677082,0.5212765957446809,0.11539965734658428,81,-0.000288132896974626,0.007015534625694321,-0.6490921454691684,0.5181379788753687,0.4567901234567901,-0.41070697009938817,0.352731535009501,0.564761770161547,0.9988106200615792,vix_high,False
dxy,vix_regime,[vix_high] Buy Tue_Close -> Sell Close+2d,Tue_Close,Close+2d,204,-2.8844586895830332e-05,0.007303740365330725,-0.4873648938642264,0.6265256460812572,0.47058823529411764,-0.0394928974101398,88,-0.00012773780434775377,0.007372370101142278,-0.4412028893856813,0.6601606606885649,0.3977272727272727,-0.17326558840007505,0.3018157656690707,0.5021946174253005,0.9988106200615792,vix_high,False
dxy,vix_regime,[vix_high] Buy Wed_Close -> Sell Close+2d,Wed_Close,Close+2d,203,0.00030495770349379123,0.006980911833924717,0.17095382272703616,0.8644311931127907,0.4876847290640394,0.4368450866429893,87,0.0008943430741153502,0.008259898895116455,0.7559928998385137,0.4517192789262126,0.5632183908045977,1.0827530523940403,0.45851365231750213,0.6625762448221343,0.9988106200615792,vix_high,False
dxy,vix_regime,[vix_high] Buy Thu_Close -> Sell Close+2d,Thu_Close,Close+2d,189,0.00033937771723107426,0.006323637145025976,0.256696982671593,0.7976934013291322,0.5238095238095238,0.5366812001508038,81,0.0010025429770871008,0.008307367805745145,0.8414732207528314,0.4025912102939634,0.5061728395061729,1.2068118332184232,0.3995059708753621,0.6122806998144883,0.9988106200615792,vix_high,False
dxy,vix_regime,[vix_high] Buy Fri_Close -> Sell Close+2d,Fri_Close,Close+2d,179,-6.457260055744814e-05,0.005574414309753221,-0.6834570075329638,0.49520679036430515,0.4692737430167598,-0.11583746196343767,77,0.0007388439530414189,0.0066126709152247365,0.6827122093453307,0.4968645007533182,0.5714285714285714,1.1173154728452244,0.46010331091803647,0.6759652478437891,0.9988106200615792,vix_high,False
dxy,vix_regime,[vix_low] Buy Mon_Close -> Sell Close+2d,Mon_Close,Close+2d,173,-0.0002919753395214067,0.0054798706071722166,-0.519548054144865,0.6040465599416199,0.49710982658959535,-0.5328142951756211,75,-7.008846610505185e-05,0.0053983539729300775,0.007650245362785212,0.9939166337243637,0.48,-0.12983303143237523,0.37068921756788065,0.5912598042683074,0.9988106200615792,vix_low,False
dxy,vix_regime,[vix_low] Buy Tue_Close -> Sell Close+2d,Tue_Close,Close+2d,193,-0.00035258047150083107,0.005474358491839619,-0.7028770782738046,0.4829837093656004,0.5077720207253886,-0.6440580609150953,84,-0.0002942578460814357,0.006503752860229633,-0.3072906043872337,0.7593918844607948,0.4642857142857143,-0.4524431545989681,0.36154050446577934,0.5701547287722308,0.9988106200615792,vix_low,False
dxy,vix_regime,[vix_low] Buy Wed_Close -> Sell Close+2d,Wed_Close,Close+2d,193,3.415741270219493e-06,0.005770368206008234,0.1880342955021662,0.8510483471896324,0.5129533678756477,0.0059194511481311515,83,-0.0005669890085955975,0.005304511633111902,-0.8400682809712463,0.403312846218822,0.46987951807228917,-1.0688806959274635,0.36623168109196985,0.5761922263440978,0.9988106200615792,vix_low,False
dxy,vix_regime,[vix_low] Buy Thu_Close -> Sell Close+2d,Thu_Close,Close+2d,201,1.115425970550726e-05,0.0058959287533827355,0.20638654157259917,0.8366989329328416,0.572139303482587,0.018918579535255754,87,0.00020354437157633912,0.005413887861637799,0.4769378570922401,0.6346160973312951,0.5172413793103449,0.37596709939012896,0.4137493791703159,0.6192751382314033,0.9988106200615792,vix_low,False
dxy,vix_regime,[vix_low] Buy Fri_Close -> Sell Close+2d,Fri_Close,Close+2d,208,0.00028434453793492324,0.005031525003486253,1.0272184982197399,0.30551642256575917,0.5336538461538461,0.5651259563212068,90,0.000132992830746173,0.0051097559859672684,0.3838062993065589,0.7020373937593134,0.4888888888888889,0.2602723713449453,0.3882031497910542,0.5904843406183163,0.9988106200615792,vix_low,False
dxy,vix_regime,[vix_high] Buy Mon_Close -> Sell Close+3d,Mon_Close,Close+3d,188,6.206881197873271e-05,0.009188691892652525,-0.3930557044849647,0.6947260576592523,0.4574468085106383,0.06754912745345641,81,-6.468543594195789e-05,0.008349128445440663,-0.41872727208123484,0.6765375188422185,0.48148148148148145,-0.07747567469426304,0.37599458014162646,0.5886454077888226,0.9988106200615792,vix_high,False
dxy,vix_regime,[vix_high] Buy Tue_Close -> Sell Close+3d,Tue_Close,Close+3d,204,0.00045708643282140203,0.00889245391795281,0.20974276980723353,0.834078790119027,0.4852941176470588,0.5140160826682483,88,0.00035008988537283114,0.009000257708159423,0.024778788318025997,0.9802881570179063,0.5340909090909091,0.38897762344676845,0.43063280602477044,0.6346970662771058,0.9988106200615792,vix_high,False
dxy,vix_regime,[vix_high] Buy Wed_Close -> Sell Close+3d,Wed_Close,Close+3d,203,0.00011148137305347655,0.008108372764684667,-0.37633228766466525,0.7070648515289893,0.5024630541871922,0.13748920565051506,87,0.0016267418491675404,0.01082060813595644,1.1146243529245592,0.2681166880419356,0.5632183908045977,1.5033737741245279,0.45851365231750213,0.6625762448221343,0.9988106200615792,vix_high,False
dxy,vix_regime,[vix_high] Buy Thu_Close -> Sell Close+3d,Thu_Close,Close+3d,189,0.0004901022304093152,0.007015876437816392,0.32035723737422,0.7490533218071284,0.5026455026455027,0.6985616619010092,81,0.0012507950457239995,0.009168910568229669,0.9019618285685329,0.3697847392050233,0.6049382716049383,1.3641697521382878,0.4960527758726388,0.7043206258548158,0.9988106200615792,vix_high,False
dxy,vix_regime,[vix_high] Buy Fri_Close -> Sell Close+3d,Fri_Close,Close+3d,179,-0.0002053813041505752,0.007544211349437309,-0.9400470865265259,0.34846733241820743,0.4748603351955307,-0.272236943846879,77,-3.468396127121221e-05,0.0076465739917002205,-0.41141825020360023,0.6819237856987922,0.4675324675324675,-0.04535882515340732,0.36029890673598886,0.5778517483722723,0.9988106200615792,vix_high,False
dxy,vix_regime,[vix_low] Buy Mon_Close -> Sell Close+3d,Mon_Close,Close+3d,173,-0.00019482834555923964,0.007074586767927488,-0.15597324271937218,0.8762370210548168,0.5491329479768786,-0.275391838350885,75,-0.0005855537486864549,0.007832211159670992,-0.5215539588061459,0.6035384554836194,0.4666666666666667,-0.747622525426207,0.35815509458811656,0.5784266084721967,0.9988106200615792,vix_low,False
dxy,vix_regime,[vix_low] Buy Tue_Close -> Sell Close+3d,Tue_Close,Close+3d,193,-0.00032656057163547305,0.0064954279322931695,-0.4605041560300921,0.6456755228089276,0.49740932642487046,-0.5027545144668905,84,-0.00042237906711841864,0.006668507456195644,-0.42582394703226495,0.6713383300781208,0.4523809523809524,-0.6333937090015405,0.3503554445205683,0.5585715331301119,0.9988106200615792,vix_low,False
dxy,vix_regime,[vix_low] Buy Wed_Close -> Sell Close+3d,Wed_Close,Close+3d,193,5.2957307403130004e-05,0.006745747268369874,0.33614992420819434,0.7371248901592288,0.5077720207253886,0.07850473090126198,83,-0.00035573899480455137,0.006144500299292717,-0.36113607532851655,0.7189265041276581,0.4819277108433735,-0.5789551264982441,0.3776300414382687,0.5878243030233717,0.9988106200615792,vix_low,False
dxy,vix_regime,[vix_low] Buy Thu_Close -> Sell Close+3d,Thu_Close,Close+3d,201,9.880037563057192e-05,0.0066868629876358126,0.44305685986744164,0.6582034608118543,0.5920398009950248,0.14775295353479867,87,-0.00010339371742284889,0.006529404945300134,0.010364733209802638,0.9917542935921013,0.5517241379310345,-0.15835090377917468,0.447243599475858,0.6518299527292991,0.9988106200615792,vix_low,False
dxy,vix_regime,[vix_low] Buy Fri_Close -> Sell Close+3d,Fri_Close,Close+3d,207,8.039925713195454e-06,0.00634010023113746,0.26878352921459236,0.7883652623613329,0.5072463768115942,0.012681070361805673,90,0.0003276370377358208,0.006677577349895997,0.6192637844660058,0.5373246174216457,0.4777777777777778,0.4906525534158338,0.37761880660358116,0.5797561742151601,0.9988106200615792,vix_low,False
dxy,vix_regime,[vix_high] Buy Mon_Close -> Sell Close+5d,Mon_Close,Close+5d,188,0.0006642156921284099,0.011472269803716136,0.06804840300001552,0.9458198084890026,0.4787234042553192,0.5789749574345392,81,0.0015496449040667774,0.01229564939386373,0.685619108240407,0.4949353833681042,0.48148148148148145,1.2603196906705418,0.37599458014162646,0.5886454077888226,0.9988106200615792,vix_high,False
dxy,vix_regime,[vix_high] Buy Tue_Close -> Sell Close+5d,Tue_Close,Close+5d,204,0.00027616373392605893,0.00962989530779095,-0.48967380170078106,0.6248934790240374,0.47549019607843135,0.28677750390768214,88,0.001203961307500939,0.01180039522029211,0.47175499557414596,0.6382826969241643,0.5227272727272727,1.020272020576558,0.4196177626380677,0.6239354855631831,0.9988106200615792,vix_high,False
dxy,vix_regime,[vix_high] Buy Wed_Close -> Sell Close+5d,Wed_Close,Close+5d,203,-4.5476615506883176e-05,0.010068716092906958,-0.9211945937698386,0.35804770585071327,0.4729064039408867,-0.04516625067909084,87,0.0009567164479620895,0.011741284078632907,0.2761158618772689,0.7831215216717621,0.45977011494252873,0.8148311901448214,0.3589691971689781,0.5639735955603442,0.9988106200615792,vix_high,False
dxy,vix_regime,[vix_high] Buy Thu_Close -> Sell Close+5d,Thu_Close,Close+5d,189,0.0005033785053391034,0.01033197633435711,-0.1376826799885275,0.8906385570735258,0.455026455026455,0.4872044699378663,81,0.0007903723004682707,0.011324060054039181,0.14473532853394663,0.8852838603273538,0.5432098765432098,0.6979584148234472,0.43523822983845284,0.6472684649904988,0.9988106200615792,vix_high,False
dxy,vix_regime,[vix_high] Buy Fri_Close -> Sell Close+5d,Fri_Close,Close+5d,179,0.0004290331062425047,0.011326059493565428,-0.20978834080189468,0.8340727966802398,0.4860335195530726,0.37880174167039066,77,0.001472422726639308,0.011279750675979954,0.6687620444923267,0.5056735893369044,0.5974025974025974,1.3053681494705447,0.48576649330491517,0.6997815413703016,0.9988106200615792,vix_high,False
dxy,vix_regime,[vix_low] Buy Mon_Close -> Sell Close+5d,Mon_Close,Close+5d,173,-0.00022362649306790697,0.008497231875619163,0.06335310284834035,0.949558895263464,0.5086705202312138,-0.2631756980876929,75,-0.00024390221149072044,0.00800804996532342,0.022312684036138862,0.9822585876935312,0.5066666666666667,-0.3045712908221971,0.39598184412213266,0.6167018152658047,0.9988106200615792,vix_low,False
dxy,vix_regime,[vix_low] Buy Tue_Close -> Sell Close+5d,Tue_Close,Close+5d,193,-0.00010540394454260825,0.008126253635002407,0.27157695624992867,0.7862391031936093,0.5233160621761658,-0.12970791865097506,83,-0.0001868807158804989,0.00814948235473282,0.08644025274388424,0.9313271749418898,0.5060240963855421,-0.22931605683147188,0.4006020980792863,0.6109131204335001,0.9988106200615792,vix_low,False
dxy,vix_regime,[vix_low] Buy Wed_Close -> Sell Close+5d,Wed_Close,Close+5d,192,-0.00022194219964856942,0.008656068069934708,0.06822472367984227,0.9456781148191921,0.5104166666666666,-0.25640070971651163,83,-0.0006341401477864687,0.00856223848929274,-0.3907463103582078,0.6969981083414158,0.4578313253012048,-0.7406242521502693,0.35489199413707434,0.5645014762734203,0.9988106200615792,vix_low,False
dxy,vix_regime,[vix_low] Buy Thu_Close -> Sell Close+5d,Thu_Close,Close+5d,201,-0.0002548345470519163,0.008715905613694761,0.015964299543509655,0.9872787869981273,0.5174129353233831,-0.2923787364694618,87,-7.40377164167465e-05,0.009081603005748593,0.1946664276488942,0.8461132297824422,0.47126436781609193,-0.08152494264490656,0.3698208820020664,0.5751382556617353,0.9988106200615792,vix_low,False
dxy,vix_regime,[vix_low] Buy Fri_Close -> Sell Close+5d,Fri_Close,Close+5d,207,-0.00032661566678192393,0.008185877474366263,-0.10860629564901185,0.9136204809360796,0.5410628019323671,-0.3989989684120088,90,-0.0005883884926650618,0.008883536582493598,-0.3437731610743851,0.7318277220750977,0.5,-0.6623358695055903,0.39883544540986604,0.601164554590134,0.9988106200615792,vix_low,False
dxy,vix_regime,[vix_high] Buy Mon_Close -> Sell Close+10d,Mon_Close,Close+10d,188,0.0006156936957409552,0.014734575770358038,-0.6567015496608073,0.5121801769108031,0.4734042553191489,0.41785641157010006,81,0.001515801345820762,0.016094343269990565,0.10698689148580402,0.9150672238030081,0.4567901234567901,0.9418224281615255,0.352731535009501,0.564761770161547,0.9988106200615792,vix_high,False
dxy,vix_regime,[vix_high] Buy Tue_Close -> Sell Close+10d,Tue_Close,Close+10d,204,0.0005893452099713961,0.013486445604811837,-0.7753775967164822,0.43901887659891525,0.4852941176470588,0.4369907589002719,88,0.0022029968245965556,0.014961307340490684,0.5484393296355253,0.5847949150342858,0.4318181818181818,1.4724627831382442,0.3333250852294768,0.5360151701667708,0.9988106200615792,vix_high,False
dxy,vix_regime,[vix_high] Buy Wed_Close -> Sell Close+10d,Wed_Close,Close+10d,203,0.0002854053334446033,0.014284120503270213,-1.0326919948354232,0.30298286598481244,0.42857142857142855,0.1998060247246321,87,0.0029683637488172963,0.015984333640938948,0.9544218098896269,0.34254523578481266,0.5287356321839081,1.8570456645216329,0.4248617443382648,0.6301791179979336,0.9988106200615792,vix_high,False
dxy,vix_regime,[vix_high] Buy Thu_Close -> Sell Close+10d,Thu_Close,Close+10d,189,0.0013900592717783309,0.013881657324087393,0.06595101275750218,0.9474869063845569,0.49206349206349204,1.00136405857412,81,0.0025923249910616915,0.015746491003735444,0.7208338641826595,0.4731129275424575,0.5061728395061729,1.646287411237672,0.3995059708753621,0.6122806998144883,0.9988106200615792,vix_high,False
dxy,vix_regime,[vix_high] Buy Fri_Close -> Sell Close+10d,Fri_Close,Close+10d,179,0.0011138289959211516,0.01472460439554005,-0.1897873421676199,0.8496920263160835,0.4748603351955307,0.7564406934141609,77,0.0036530972421098848,0.015573979097865018,1.3041495822990168,0.19611861156078408,0.5194805194805194,2.3456415468097522,0.40963811196379796,0.6274714949712452,0.9988106200615792,vix_high,False
dxy,vix_regime,[vix_low] Buy Mon_Close -> Sell Close+10d,Mon_Close,Close+10d,172,-0.00015139432977905455,0.011285241907395853,0.5882438170017477,0.5571447667782246,0.5406976744186046,-0.13415248961551932,75,2.9656713551441775e-05,0.012337293106935527,0.4802097703860271,0.6324947489096575,0.5333333333333333,0.02403826616939981,0.42157339152780315,0.6418449054118834,0.9988106200615792,vix_low,False
dxy,vix_regime,[vix_low] Buy Tue_Close -> Sell Close+10d,Tue_Close,Close+10d,192,-0.0004791845024376305,0.0117050876387983,0.21236969889204535,0.8320450921915736,0.5052083333333334,-0.4093813880122523,83,-0.00026535871112424715,0.012370082377916692,0.2881982646209995,0.7739221842666005,0.5421686746987951,-0.2145165270669261,0.4354985237265798,0.6451080058629257,0.9988106200615792,vix_low,False
dxy,vix_regime,[vix_low] Buy Wed_Close -> Sell Close+10d,Wed_Close,Close+10d,191,-0.0006130590804061395,0.012760411043514518,0.049681498549498125,0.9604283879078541,0.5130890052356021,-0.480438348197041,83,-0.0011584890638502473,0.011985453554560556,-0.37734100152089517,0.7068950649821619,0.5421686746987951,-0.9665792442284618,0.4354985237265798,0.6451080058629257,0.9988106200615792,vix_low,False
dxy,vix_regime,[vix_low] Buy Thu_Close -> Sell Close+10d,Thu_Close,Close+10d,200,-0.0008235353419537681,0.012026891592050833,-0.192928958529217,0.847211363026634,0.52,-0.6847449614479633,87,-0.0010615702910605246,0.012015709816261195,-0.3106607435730396,0.7568102261201883,0.45977011494252873,-0.8834852932482373,0.3589691971689781,0.5639735955603442,0.9988106200615792,vix_low,False
dxy,vix_regime,[vix_low] Buy Fri_Close -> Sell Close+10d,Fri_Close,Close+10d,207,-0.0008464949167844606,0.011343470233874576,-0.237169466195357,0.812761016424552,0.5120772946859904,-0.7462398184433938,89,-0.001409558430437657,0.013030721128196473,-0.5402911076142265,0.5903610934454332,0.47191011235955055,-1.0817194356094306,0.3715184758755657,0.5746263557516358,0.9988106200615792,vix_low,False
dxy,vix_regime,[vix_high] Buy Mon_Close -> Sell Close+20d,Mon_Close,Close+20d,188,0.0005152014987777635,0.017408548744489046,-1.1358864743110029,0.2574577374968841,0.46808510638297873,0.2959474143075015,81,0.004248526498138972,0.02217039295601073,0.9227714921502215,0.35890103266653867,0.4691358024691358,1.9163063580193023,0.3643319191569785,0.5767347273937701,0.9988106200615792,vix_high,False
dxy,vix_regime,[vix_high] Buy Tue_Close -> Sell Close+20d,Tue_Close,Close+20d,204,0.000920471997571789,0.017617169896106358,-0.8417079179968084,0.4009419333477587,0.47549019607843135,0.5224857357907562,88,0.00364833456740056,0.02096522277573783,0.7505891516858807,0.45492524151424923,0.5227272727272727,1.7401840211412511,0.4196177626380677,0.6239354855631831,0.9988106200615792,vix_high,False
dxy,vix_regime,[vix_high] Buy Wed_Close -> Sell Close+20d,Wed_Close,Close+20d,203,0.0007072480254567981,0.017502932598815035,-1.0182536448470336,0.3097754393528556,0.4876847290640394,0.40407401529083153,87,0.004664846132102844,0.02317601963834489,1.081821205960322,0.2823561335575513,0.5747126436781609,2.012790032497566,0.4698369712299657,0.6732692708441501,0.9988106200615792,vix_high,False
dxy,vix_regime,[vix_high] Buy Thu_Close -> Sell Close+20d,Thu_Close,Close+20d,189,0.0010610699089242514,0.01742999809999911,-0.7081105777342154,0.47975359323425143,0.5026455026455027,0.6087607714221757,81,0.005328270143948904,0.023500996965124442,1.281465947827,0.2037319351836998,0.5925925925925926,2.267252811383311,0.4837611469314996,0.6930389134162541,0.9988106200615792,vix_high,False
dxy,vix_regime,[vix_high] Buy Fri_Close -> Sell Close+20d,Fri_Close,Close+20d,179,0.00037791700966412873,0.01697413850519648,-1.2444827701675796,0.21495805754707578,0.4692737430167598,0.22264282193080537,77,0.006514318390001107,0.022395725899173467,1.772343043282503,0.08034521011782687,0.5974025974025974,2.9087328623902846,0.48576649330491517,0.6997815413703016,0.9988106200615792,vix_high,False
dxy,vix_regime,[vix_low] Buy Mon_Close -> Sell Close+20d,Mon_Close,Close+20d,171,-7.85276136411126e-05,0.01664317380202569,0.5584557817631453,0.5772679917863756,0.5146198830409356,-0.047183076121908175,74,-0.0012141068588349027,0.018801306242816774,-0.19210195265804444,0.848195726000318,0.5,-0.645756652838291,0.38892400848268727,0.6110759915173127,0.9988106200615792,vix_low,False
dxy,vix_regime,[vix_low] Buy Tue_Close -> Sell Close+20d,Tue_Close,Close+20d,191,-0.0008703290884717493,0.016987192373590063,-0.06406110795298037,0.9489889168238206,0.5078534031413613,-0.5123442822869583,82,-0.00041179534338873196,0.01793405730122477,0.19049090386244003,0.8494010892956375,0.4634146341463415,-0.2296163865611209,0.35954916535448855,0.5705546537728343,0.9988106200615792,vix_low,False
dxy,vix_regime,[vix_low] Buy Wed_Close -> Sell Close+20d,Wed_Close,Close+20d,190,-0.000619441040643002,0.017128853009170802,0.13800045777919479,0.8903869698237334,0.531578947368421,-0.36163603033510344,82,-0.002149451891098659,0.01868366185237899,-0.6541883620422052,0.5148435968685057,0.4634146341463415,-1.1504446548442373,0.35954916535448855,0.5705546537728343,0.9988106200615792,vix_low,False
dxy,vix_regime,[vix_low] Buy Thu_Close -> Sell Close+20d,Thu_Close,Close+20d,199,-0.0001522448347140928,0.016315557277690126,0.5512192402329132,0.5821048736994271,0.5226130653266332,-0.09331267827564321,86,-0.002105002023354029,0.018006074292376672,-0.6726054362499755,0.5030227523513022,0.47674418604651164,-1.16905105975556,0.37445361147407896,0.5810235839454149,0.9988106200615792,vix_low,False
dxy,vix_regime,[vix_low] Buy Fri_Close -> Sell Close+20d,Fri_Close,Close+20d,205,-0.00032205261960744914,0.016462734505574752,0.4071836440395788,0.6843000414341486,0.5121951219512195,-0.19562522829873308,89,-0.002346431899672106,0.01836217458900617,-0.7944411150138806,0.42907595787607256,0.47191011235955055,-1.277861665184779,0.3715184758755657,0.5746263557516358,0.9988106200615792,vix_low,False
dxy,trend_regime,[trend_up] Buy Mon_Close -> Sell Close+2d,Mon_Close,Close+2d,193,-0.00027670752151511945,0.005938083792878102,-0.6111569675751549,0.5418185472640636,0.48704663212435234,-0.4659879031127706,83,0.0007032334296937695,0.006575387360186347,0.9888491947152356,0.32564586084563046,0.5421686746987951,1.069493538816913,0.4354985237265798,0.6451080058629257,0.9988106200615792,trend_up,False
dxy,trend_regime,[trend_up] Buy Tue_Close -> Sell Close+2d,Tue_Close,Close+2d,211,-0.00047103658599884237,0.006838840826936802,-0.9667574994434871,0.33477730926053206,0.46919431279620855,-0.6887667046490177,91,0.00042055455795533,0.006537244687206567,0.6317849940233264,0.5291289271956761,0.46153846153846156,0.6433208149273626,0.3627526243994019,0.5634401011556289,0.9988106200615792,trend_up,False
dxy,trend_regime,[trend_up] Buy Wed_Close -> Sell Close+2d,Wed_Close,Close+2d,205,-8.896888305529541e-05,0.006326884778624745,-0.16743593687319927,0.8671929122486821,0.47804878048780486,-0.14062036241891906,88,-0.00047176311908171323,0.0061817892714094705,-0.6894882488474238,0.4923510099892174,0.45454545454545453,-0.7631497910541838,0.3545923104525652,0.5583011931449331,0.9988106200615792,trend_up,False
dxy,trend_regime,[trend_up] Buy Thu_Close -> Sell Close+2d,Thu_Close,Close+2d,198,0.0003317042894625188,0.005849181473048743,0.8314693634030768,0.406715202553499,0.5505050505050505,0.5670952268978348,86,-0.0006163145558035328,0.006883080818880381,-0.805699240881831,0.4226645446237116,0.4186046511627907,-0.8954050838876887,0.3200128276155241,0.5241573563527044,0.9988106200615792,trend_up,False
dxy,trend_regime,[trend_up] Buy Fri_Close -> Sell Close+2d,Fri_Close,Close+2d,201,0.00041821458406575976,0.005058258874668659,1.2106431934264608,0.2274609141475156,0.5422885572139303,0.8267955326686495,87,-2.509520721854765e-05,0.005556236540955057,-0.017183689277200542,0.9863298778301736,0.4942528735632184,-0.045165836683824935,0.39168097748132213,0.5973108500514384,0.9988106200615792,trend_up,False
dxy,trend_regime,[trend_down] Buy Mon_Close -> Sell Close+2d,Mon_Close,Close+2d,163,-0.00022606038849598016,0.006152341895202814,-0.5403508158853987,0.5896972175252678,0.5153374233128835,-0.3674379485838506,70,-0.0008773002561527638,0.005723670890242967,-1.3241891351934936,0.18981004064097076,0.44285714285714284,-1.5327580375878718,0.3324934170610057,0.5591665686381124,0.9988106200615792,trend_down,False
dxy,trend_regime,[trend_down] Buy Tue_Close -> Sell Close+2d,Tue_Close,Close+2d,179,-0.00028937438465177355,0.006056116565403001,-0.7148873501047702,0.47561520861862844,0.45251396648044695,-0.4778216890752949,78,-0.0007744841921697403,0.007031877445172153,-1.0103054369270505,0.3155132710187799,0.47435897435897434,-1.1013903444825743,0.36737081694801105,0.5837542832455336,0.9988106200615792,trend_down,False
dxy,trend_regime,[trend_down] Buy Wed_Close -> Sell Close+2d,Wed_Close,Close+2d,184,0.00038583651403144753,0.006692091600076959,0.7089348527185464,0.47926706670638936,0.5271739130434783,0.5765559366028559,79,0.00023055699402041284,0.006873650641273352,0.25109744493153097,0.802399084056949,0.5443037974683544,0.3354214609570292,0.4349813769749742,0.6495172324193399,0.9988106200615792,trend_down,False
dxy,trend_regime,[trend_down] Buy Thu_Close -> Sell Close+2d,Thu_Close,Close+2d,184,0.0004120480169969923,0.006734526528781089,0.757119240809931,0.4499521407624849,0.5760869565217391,0.6118440772874506,80,0.0006592813081997186,0.006291456455594145,0.88176240178563,0.3805803147744406,0.6,1.047899342311284,0.49045264548149986,0.700383407265585,0.9988106200615792,trend_down,False
dxy,trend_regime,[trend_down] Buy Fri_Close -> Sell Close+2d,Fri_Close,Close+2d,178,0.0001964867077046734,0.005686689709976148,0.37749532370677774,0.7062577959616408,0.48314606741573035,0.3455203602193684,77,3.1315752668829126e-05,0.005686641773441241,-0.005848811188062144,0.9953486759685783,0.5454545454545454,0.05506897377479532,0.43472886644893927,0.6518602163994951,0.9988106200615792,trend_down,False
dxy,trend_regime,[trend_up] Buy Mon_Close -> Sell Close+3d,Mon_Close,Close+3d,193,-0.0002458772018244879,0.00862958431363145,-0.3040069529791313,0.7614518076527921,0.47150259067357514,-0.2849235755609871,83,0.000805126844648855,0.007520374288636209,1.0375517036113597,0.3025287376307307,0.5783132530120482,1.0705941137337482,0.4709262842089882,0.6787715564572362,0.9988106200615792,trend_up,False
dxy,trend_regime,[trend_up] Buy Tue_Close -> Sell Close+3d,Tue_Close,Close+3d,211,-0.0005727234658378555,0.007802708426326109,-0.9586576126641545,0.33883365669879195,0.46445497630331756,-0.7340059816992562,91,0.0004817291988969792,0.007631879746885474,0.6691044214633473,0.5051416507516904,0.5054945054945055,0.6312064849994132,0.40464797119502816,0.6058959251542531,0.9988106200615792,trend_up,False
dxy,trend_regime,[trend_up] Buy Wed_Close -> Sell Close+3d,Wed_Close,Close+3d,205,6.492758591005643e-05,0.007673240439260505,0.2261086694203745,0.8213432839983921,0.5219512195121951,0.08461560200544649,88,-0.0006416884667192281,0.008015464624924204,-0.680914735267583,0.4977337674006446,0.4318181818181818,-0.8005630325207704,0.3333250852294768,0.5360151701667708,0.9988106200615792,trend_up,False
dxy,trend_regime,[trend_up] Buy Thu_Close -> Sell Close+3d,Thu_Close,Close+3d,198,0.000326926190122579,0.006827325905804426,0.7883445373364512,0.4314428131895144,0.5707070707070707,0.47884954465793744,86,-0.0004513297597200617,0.007640533231028604,-0.4763710427130958,0.635032329365021,0.5348837209302325,-0.590704530787443,0.4302411599878987,0.6365430468828602,0.9988106200615792,trend_up,False
dxy,trend_regime,[trend_up] Buy Fri_Close -> Sell Close+3d,Fri_Close,Close+3d,201,-0.00016023194746923777,0.006610434331099943,-0.2218226935703401,0.8246782460122607,0.5024875621890548,-0.24239246537159986,87,0.0002929722098362523,0.0067334723200459,0.48137068201429467,0.6314756549462028,0.5172413793103449,0.43509826121072576,0.4137493791703159,0.6192751382314033,0.9988106200615792,trend_up,False
dxy,trend_regime,[trend_down] Buy Mon_Close -> Sell Close+3d,Mon_Close,Close+3d,163,-0.00033921971470965054,0.007859098365887678,-0.7085543682925772,0.4796193934931392,0.49079754601226994,-0.4316267578250829,70,-0.0011636769479027775,0.008400442566778347,-1.2478736098800391,0.21629561060230276,0.4714285714285714,-1.3852567155269049,0.35904683190771935,0.5867831609418397,0.9988106200615792,trend_down,False
dxy,trend_regime,[trend_down] Buy Tue_Close -> Sell Close+3d,Tue_Close,Close+3d,179,0.00036268809667280004,0.007659751222348938,0.46052425516355266,0.6457020806497503,0.5307262569832403,0.4734985329739967,78,-0.0007106748440309277,0.007840296048162883,-0.9054050776488006,0.36807519035633157,0.47435897435897434,-0.9064387870882135,0.36737081694801105,0.5837542832455336,0.9988106200615792,trend_down,False
dxy,trend_regime,[trend_down] Buy Wed_Close -> Sell Close+3d,Wed_Close,Close+3d,184,0.000581221756166452,0.007771169065345785,0.8406676218615843,0.40163122919707334,0.5489130434782609,0.7479206169356323,79,0.00028459743119792,0.008448193131422935,0.19476549118492886,0.8460829501658568,0.5316455696202531,0.3368737276369357,0.42271215907094595,0.6376439904964211,0.9988106200615792,trend_down,False
dxy,trend_regime,[trend_down] Buy Thu_Close -> Sell Close+3d,Thu_Close,Close+3d,184,0.0008219878794548159,0.007425450048738564,1.3184377914831198,0.1890048659679947,0.5434782608695652,1.1069872856992085,80,7.179122515511591e-05,0.006769503156888712,-0.03479317342235251,0.9723324269542347,0.55,0.10605095158580503,0.4411931301173402,0.6542248962562025,0.9988106200615792,trend_down,False
dxy,trend_regime,[trend_down] Buy Fri_Close -> Sell Close+3d,Fri_Close,Close+3d,177,4.6625726678861465e-06,0.0071842501778207465,-0.17289452083529563,0.8629330084828372,0.4745762711864407,0.006489992069430522,77,-0.0004552362787264529,0.006959974847789776,-0.6933266920944366,0.4902180680689754,0.4155844155844156,-0.6540774768331508,0.31209010264563286,0.5271016006358461,0.9988106200615792,trend_down,False
dxy,trend_regime,[trend_up] Buy Mon_Close -> Sell Close+5d,Mon_Close,Close+5d,193,7.455399625661386e-05,0.01053537626629919,0.2666995389970522,0.7899867270812123,0.45077720207253885,0.07076538547094795,83,0.001224165836683911,0.009188930471556516,1.3327355737718358,0.18631003412531436,0.5301204819277109,1.3322179773513396,0.42380777365590233,0.6337683189080303,0.9988106200615792,trend_up,False
dxy,trend_regime,[trend_up] Buy Tue_Close -> Sell Close+5d,Tue_Close,Close+5d,211,-0.0002528262326145322,0.009380083745194393,-0.19249849256172147,0.84753777586373,0.4834123222748815,-0.2695351549969478,91,0.0009119235296025929,0.009813772765509224,1.0054960509682929,0.31735379923591395,0.5494505494505495,0.929228291088595,0.4472910565435856,0.6476040105999464,0.9988106200615792,trend_up,False
dxy,trend_regime,[trend_up] Buy Wed_Close -> Sell Close+5d,Wed_Close,Close+5d,205,-0.0003953723691620512,0.009152680703079043,-0.4168872716160539,0.6771992059638214,0.5024390243902439,-0.4319743930639298,88,-0.000707432660569716,0.009261648658290367,-0.5833189230107201,0.5611877505812606,0.4318181818181818,-0.7638301631497031,0.3333250852294768,0.5360151701667708,0.9988106200615792,trend_up,False
dxy,trend_regime,[trend_up] Buy Thu_Close -> Sell Close+5d,Thu_Close,Close+5d,198,-0.00038161141238215036,0.009309779307371566,-0.3820129311086367,0.7028635391227137,0.5,-0.4099038224031659,86,-0.0007022030466109729,0.009827453600473985,-0.5384733207224547,0.5916576923060877,0.5,-0.7145320396904292,0.39660790465524204,0.6033920953447579,0.9988106200615792,trend_up,False
dxy,trend_regime,[trend_up] Buy Fri_Close -> Sell Close+5d,Fri_Close,Close+5d,201,-0.00034197110794251424,0.009872865950823801,-0.30617602144447265,0.7597891120396525,0.4925373134328358,-0.3463747098824732,87,0.00019918288871005846,0.008563113734572103,0.354573167911997,0.7237773648379965,0.5632183908045977,0.23260567929384343,0.45851365231750213,0.6625762448221343,0.9988106200615792,trend_up,False
dxy,trend_regime,[trend_down] Buy Mon_Close -> Sell Close+5d,Mon_Close,Close+5d,163,0.0005003359140391317,0.010227390068104402,0.36190911344183074,0.7178915806800706,0.5276073619631901,0.4892117252861038,70,-0.000954746020867748,0.010456775428429864,-0.9248723980195159,0.3582556374563266,0.5285714285714286,-0.9130405710655181,0.4132168390581603,0.6409531680922806,0.9988106200615792,trend_down,False
dxy,trend_regime,[trend_down] Buy Tue_Close -> Sell Close+5d,Tue_Close,Close+5d,179,0.0005745259767094821,0.008705377072310243,0.559388273208999,0.576599932659774,0.547486033519553,0.6599667905677676,77,-0.0011886668388573474,0.009278606650598705,-1.3136860849928684,0.1929037559702974,0.42857142857142855,-1.2810833389306877,0.32403475215621097,0.5398966890819635,0.9988106200615792,trend_down,False
dxy,trend_regime,[trend_down] Buy Wed_Close -> Sell Close+5d,Wed_Close,Close+5d,183,0.00044041814789711907,0.00969504271288513,0.32128624939825157,0.7483621346432712,0.5300546448087432,0.45427148795516326,79,-0.0005881151779338189,0.010079571629438499,-0.6988977755822252,0.4866946860341473,0.4430379746835443,-0.5834723930292471,0.33867609150989586,0.5526828392688433,0.9988106200615792,trend_down,False
dxy,trend_regime,[trend_down] Buy Thu_Close -> Sell Close+5d,Thu_Close,Close+5d,184,0.0008972502376164427,0.01001277713713201,0.9291467689172296,0.3540369954992574,0.5108695652173914,0.8961052716224192,80,-6.720527426890983e-05,0.009379788366174474,-0.2622293180611111,0.7938272255179126,0.4625,-0.07164903049547092,0.3574781238878701,0.5709583563319731,0.9988106200615792,trend_down,False
dxy,trend_regime,[trend_down] Buy Fri_Close -> Sell Close+5d,Fri_Close,Close+5d,177,0.0004953253338175384,0.010074331546807936,0.37635603909060367,0.7071055292176731,0.5536723163841808,0.49167066967781387,77,-0.0005411746864231098,0.009594060936751947,-0.6821377068339192,0.49722562708507057,0.5194805194805194,-0.5640725965686055,0.40963811196379796,0.6274714949712452,0.9988106200615792,trend_down,False
dxy,trend_regime,[trend_up] Buy Mon_Close -> Sell Close+10d,Mon_Close,Close+10d,193,9.601862191223166e-05,0.012598242864834845,0.025767507298793353,0.9794695401632871,0.5077720207253886,0.07621588418512394,83,0.0009202980357097722,0.013120277735400058,0.5850726324559753,0.5601054479103523,0.4578313253012048,0.7014318250494801,0.35489199413707434,0.5645014762734203,0.9988106200615792,trend_up,False
dxy,trend_regime,[trend_up] Buy Tue_Close -> Sell Close+10d,Tue_Close,Close+10d,211,3.453932813945804e-05,0.01269685437822909,-0.04342952285088844,0.9654004102365408,0.4928909952606635,0.0272030592070754,91,0.0007110253446385583,0.012677424802429822,0.4777564777126968,0.6339818595997226,0.5164835164835165,0.560859445604662,0.41523851975365456,0.6163931692941895,0.9988106200615792,trend_up,False
dxy,trend_regime,[trend_up] Buy Wed_Close -> Sell Close+10d,Wed_Close,Close+10d,205,-0.00024231016080036982,0.012981274611340323,-0.3464748719353545,0.7293429699551189,0.4682926829268293,-0.18666130103178763,88,-0.0010557739519164167,0.013529864771573618,-0.7778855148673623,0.43874683799533637,0.5113636363636364,-0.780328532281127,0.40865348719267547,0.61312313690795,0.9988106200615792,trend_up,False
dxy,trend_regime,[trend_up] Buy Thu_Close -> Sell Close+10d,Thu_Close,Close+10d,198,0.00029692061741941843,0.012617630368321878,0.24954122356640138,0.8032021608394498,0.4898989898989899,0.23532201273297274,86,-0.00043429110082853216,0.013258497794098394,-0.3524698169937747,0.7253584169355607,0.5116279069767442,-0.3275567923100936,0.4077653726724701,0.614496029617783,0.9988106200615792,trend_up,False
dxy,trend_regime,[trend_up] Buy Fri_Close -> Sell Close+10d,Fri_Close,Close+10d,201,8.719237844768975e-05,0.013037395224183783,0.015838853468939953,0.987378740747357,0.5024875621890548,0.06687868009550849,87,0.00047650431188720485,0.012270637750809504,0.30526039626074497,0.7609054405460446,0.4827586206896552,0.3883288884929958,0.3807248617685969,0.5862506208296843,0.9988106200615792,trend_up,False
dxy,trend_regime,[trend_down] Buy Mon_Close -> Sell Close+10d,Mon_Close,Close+10d,162,0.0005358648746314189,0.013787279457986135,0.38738361939216426,0.6989838498439311,0.49382716049382713,0.38866614422689816,70,-0.0009872251561990307,0.014968451518444618,-0.6116366041231832,0.5427882781975718,0.5285714285714286,-0.6595372640800816,0.4132168390581603,0.6409531680922806,0.9988106200615792,trend_down,False
dxy,trend_regime,[trend_down] Buy Tue_Close -> Sell Close+10d,Tue_Close,Close+10d,178,0.0006127378932954778,0.012457613423499901,0.5316266992148839,0.5956511448169167,0.5337078651685393,0.491858169350171,77,-0.0015774696582900557,0.013754746931366425,-1.0726526607718785,0.28682122205333926,0.4935064935064935,-1.1468547303424264,0.38482830636471144,0.6028018246569409,0.9988106200615792,trend_down,False
dxy,trend_regime,[trend_down] Buy Wed_Close -> Sell Close+10d,Wed_Close,Close+10d,182,0.0009154581710683479,0.013696655684893607,0.786316074412397,0.43271058105634186,0.5274725274725275,0.668380801948632,79,-0.0009697292780038667,0.013984154581694913,-0.6850267510439046,0.4953577427478302,0.4810126582278481,-0.6934486259707329,0.3742954498192782,0.5894908604403015,0.9988106200615792,trend_down,False
dxy,trend_regime,[trend_down] Buy Thu_Close -> Sell Close+10d,Thu_Close,Close+10d,184,0.0007038344673296429,0.01370393656460889,0.5813254341819731,0.5617364667338223,0.5489130434782609,0.5136002082404052,79,-0.0008601060491097089,0.012738255497769222,-0.6760230109777854,0.5010255915007629,0.4430379746835443,-0.6752149454533507,0.33867609150989586,0.5526828392688433,0.9988106200615792,trend_down,False
dxy,trend_regime,[trend_down] Buy Fri_Close -> Sell Close+10d,Fri_Close,Close+10d,177,0.0004561056307536986,0.013685751441668203,0.33071645137240946,0.7412520547866543,0.5028248587570622,0.33327043290076175,76,-0.0012147082225772196,0.013211706660778083,-0.871580967060541,0.38621855120333215,0.4868421052631579,-0.9194180992402394,0.377835392150506,0.5971150096450492,0.9988106200615792,trend_down,False
dxy,trend_regime,[trend_up] Buy Mon_Close -> Sell Close+20d,Mon_Close,Close+20d,193,0.001687653395341142,0.016418662737842676,0.9961210948657111,0.3204450460274119,0.5233160621761658,1.0278872416639278,83,-0.0001942629519245828,0.019590193846408734,-0.324306974088872,0.74653146221999,0.43373493975903615,-0.09916336379703308,0.33238992463542916,0.5409426717239195,0.9988106200615792,trend_up,False
dxy,trend_regime,[trend_up] Buy Tue_Close -> Sell Close+20d,Tue_Close,Close+20d,210,0.0005335717716781092,0.016306797621453713,0.023260586880103257,0.9814646030276384,0.49523809523809526,0.3272081889187894,90,-0.0008116761078469158,0.01955595691376678,-0.6363034367335045,0.5262117323047228,0.45555555555555555,-0.4150531275079264,0.3565944565658975,0.5581555050715851,0.9988106200615792,trend_up,False
dxy,trend_regime,[trend_up] Buy Wed_Close -> Sell Close+20d,Wed_Close,Close+20d,205,0.00037401610877092984,0.01704980148638435,-0.1116828033251759,0.9111847247753428,0.4975609756097561,0.21936684076328516,88,-0.0010903131438421963,0.019682832179174267,-0.7570997111232949,0.4510357139690128,0.5113636363636364,-0.5539411878925734,0.40865348719267547,0.61312313690795,0.9988106200615792,trend_up,False
dxy,trend_regime,[trend_up] Buy Thu_Close -> Sell Close+20d,Thu_Close,Close+20d,198,0.0012670224040717787,0.016656254976271254,0.6401634565100294,0.5228101831830976,0.5303030303030303,0.7606886457230616,86,-0.0015745540058566237,0.01888525207862675,-1.0163520681876934,0.3123460227670679,0.4418604651162791,-0.8337479422043903,0.3416256631747516,0.547067325373983,0.9988106200615792,trend_up,False
dxy,trend_regime,[trend_up] Buy Fri_Close -> Sell Close+20d,Fri_Close,Close+20d,201,0.0014605783780074892,0.01690741907252294,0.7973364852800173,0.426201220551487,0.5373134328358209,0.8638683241614005,87,-8.372488029419583e-05,0.01882564499235033,-0.29115924499805895,0.7716305990067079,0.45977011494252873,-0.044473844231215906,0.3589691971689781,0.5639735955603442,0.9988106200615792,trend_up,False
dxy,trend_regime,[trend_down] Buy Mon_Close -> Sell Close+20d,Mon_Close,Close+20d,161,-0.0004385796807179863,0.018533703971519808,-0.17698560742050565,0.859743536735453,0.5031055900621118,-0.23663898020165786,69,-0.0008818326134992037,0.019848499756786722,-0.29189034027960054,0.77125912415596,0.5072463768115942,-0.44428174638120044,0.39205066383648346,0.6216777550889657,0.9988106200615792,trend_down,False
dxy,trend_regime,[trend_down] Buy Tue_Close -> Sell Close+20d,Tue_Close,Close+20d,178,0.0005090041659933397,0.017584228320761456,0.5207349245918711,0.6032022510746075,0.5280898876404494,0.28946630850576793,77,-0.001077124097032501,0.0193873803223727,-0.4037380027625158,0.6875391583611292,0.4935064935064935,-0.555580010874145,0.38482830636471144,0.6028018246569409,0.9988106200615792,trend_down,False
dxy,trend_regime,[trend_down] Buy Wed_Close -> Sell Close+20d,Wed_Close,Close+20d,181,0.0007483323858472321,0.018653773122666757,0.6671529680302901,0.5055287775985731,0.56353591160221,0.40116944755691863,78,-0.0012638538218318156,0.01989174753517537,-0.47845453433521823,0.6336824718628065,0.44871794871794873,-0.6353659071918606,0.3433419189622355,0.5589082814248537,0.9988106200615792,trend_down,False
dxy,trend_regime,[trend_down] Buy Thu_Close -> Sell Close+20d,Thu_Close,Close+20d,182,0.001195010188563835,0.01778160572651132,1.0397754262831334,0.29983119649122947,0.5439560439560439,0.6720485241567052,79,-0.0018403907839039599,0.020181339638641445,-0.7269455306744327,0.46943549576744903,0.4810126582278481,-0.9119269666222465,0.3742954498192782,0.5894908604403015,0.9988106200615792,trend_down,False
dxy,trend_regime,[trend_down] Buy Fri_Close -> Sell Close+20d,Fri_Close,Close+20d,175,-0.0008028450182309027,0.01734295929637488,-0.47429554759769355,0.6358838311763206,0.4742857142857143,-0.4629227368357589,76,-0.0009187382613671957,0.01961801035005214,-0.3264395219080991,0.7450010390996024,0.4868421052631579,-0.46831367961061043,0.377835392150506,0.5971150096450492,0.9988106200615792,trend_down,False
us10y,multiday_hold,Buy Mon_Close -> Sell Close+2d,Mon_Close,Close+2d,361,0.005556468033333325,0.06467118143857677,1.2295776772402707,0.21965828034733687,0.48753462603878117,0.8591876489237689,155,-0.0033681320332645966,0.02137845187881025,-2.747752239537616,0.0067171003180046,0.4,-1.5754798581103056,0.3261933617957926,0.4786436582291882,0.9988106200615792,,False
us10y,multiday_hold,Buy Tue_Close -> Sell Close+2d,Tue_Close,Close+2d,398,-1.535866755209394e-05,0.040252625970811695,-0.683512916919456,0.49468151233240665,0.44472361809045224,-0.0038155690918726492,171,-0.0013040409318949518,0.02304727641007366,-1.5102178655489853,0.1328443097904753,0.47368421052631576,-0.565811295309919,0.40024829606921886,0.548276540125371,0.9988106200615792,,False
us10y,multiday_hold,Buy Wed_Close -> Sell Close+2d,Wed_Close,Close+2d,396,-0.001128705285630611,0.042544340300312435,-1.1651638169995522,0.24465583490697898,0.4671717171717172,-0.2653009254963867,170,0.0025885495229155515,0.022928711775208693,0.6934445451104294,0.48898257119388466,0.5470588235294118,1.1289554983696815,0.4720140833607934,0.6200237257711981,0.9988106200615792,,False
us10y,multiday_hold,Buy Thu_Close -> Sell Close+2d,Thu_Close,Close+2d,389,0.0007841111932328661,0.050325513393555246,-0.22755475125546862,0.8201122590526021,0.519280205655527,0.15580788756211286,168,0.005201332326347911,0.023486635178198524,2.110563012007253,0.03629926064511033,0.6071428571428571,2.2145923785523984,0.5316861927944314,0.6778090633018805,0.9988106200615792,,False
us10y,multiday_hold,Buy Fri_Close -> Sell Close+2d,Fri_Close,Close+2d,387,0.0031029783893875658,0.0413766577393997,0.8250123886115094,0.4098741064650982,0.5038759689922481,0.7499345183777002,167,0.000862139650591895,0.021866343241093204,-0.2965836290402367,0.7671551598127864,0.4431137724550898,0.3942770133470165,0.36989158463283006,0.5188942848509491,0.9988106200615792,,False
us10y,multiday_hold,Buy Mon_Close -> Sell Close+3d,Mon_Close,Close+3d,361,0.003417883387883472,0.06802221491155387,0.40049369694182785,0.6890304872199554,0.45706371191135736,0.5024657595063006,155,-0.0018855693069006843,0.0280142515642653,-1.713279975026405,0.0886733627426989,0.44516129032258067,-0.6730750248940784,0.3691874886196331,0.523787651394066,0.9988106200615792,,False
us10y,multiday_hold,Buy Tue_Close -> Sell Close+3d,Tue_Close,Close+3d,398,0.0006247231897860471,0.05191812807765932,-0.5209187747318459,0.6027137780173921,0.4547738693467337,0.1203285274175494,171,-0.0003131570513994452,0.025947916855898832,-1.1533187825348974,0.2503985422836644,0.5087719298245614,-0.12068677926577141,0.4344757635071631,0.5826826244279736,0.9988106200615792,,False
us10y,multiday_hold,Buy Wed_Close -> Sell Close+3d,Wed_Close,Close+3d,396,-0.0006754533049778106,0.056383312265464496,-0.9367561523591553,0.34945637940570456,0.4772727272727273,-0.11979666994333968,170,0.005910382972212515,0.027972942907567702,1.8256194463582869,0.06967273558337164,0.5470588235294118,2.112892802070368,0.4720140833607934,0.6200237257711981,0.9988106200615792,,False
us10y,multiday_hold,Buy Thu_Close -> Sell Close+3d,Thu_Close,Close+3d,389,0.002888078334410418,0.05265290437520305,0.33893880591590647,0.7348391872670357,0.4652956298200514,0.5485126354721207,168,0.003013256296388233,0.02673500673948574,0.49843804037367645,0.6188311592028755,0.49404761904761907,1.127082676937524,0.41942713543049287,0.5689342392308231,0.9988106200615792,,False
us10y,multiday_hold,Buy Fri_Close -> Sell Close+3d,Fri_Close,Close+3d,387,0.0054512562418360805,0.05316580077270204,1.2819991927754513,0.20061237674253174,0.4883720930232558,1.0253313526004533,166,-0.0008480310233762692,0.025934053522290553,-1.401764074413815,0.1628640374089413,0.463855421686747,-0.3269951697475209,0.3896676381568331,0.5396782935819162,0.9988106200615792,,False
us10y,multiday_hold,Buy Mon_Close -> Sell Close+5d,Mon_Close,Close+5d,361,0.004534897972988023,0.07093533030541764,0.3897570901823525,0.6969466558796211,0.46537396121883656,0.6393003251641549,155,0.0034869037551268794,0.03216572283885302,0.15785548834417287,0.8747774662887381,0.5161290322580645,1.0840433378711587,0.4380206410480373,0.5934572589479336,0.9988106200615792,,False
us10y,multiday_hold,Buy Tue_Close -> Sell Close+5d,Tue_Close,Close+5d,397,0.0032480334479476815,0.06357562926275097,0.053302062850711374,0.9575181152009667,0.4836272040302267,0.5108928508633273,171,0.0007440155790757926,0.0335356213936567,-0.9073366738958496,0.3655131366143315,0.47953216374269003,0.22185829519667824,0.4059280527807113,0.5540357087039697,0.9988106200615792,,False
us10y,multiday_hold,Buy Wed_Close -> Sell Close+5d,Wed_Close,Close+5d,395,0.0036631049464893473,0.06740094243379215,0.1723874708828092,0.8632214358075955,0.4708860759493671,0.543479781471544,170,0.001730671529509016,0.03542813520093571,-0.49429486791009736,0.6217398404215536,0.5058823529411764,0.48850201109746993,0.4314299455628564,0.5800747805786425,0.9988106200615792,,False
us10y,multiday_hold,Buy Thu_Close -> Sell Close+5d,Thu_Close,Close+5d,389,0.002261922393923901,0.06519976545213552,-0.24647062543853915,0.8054482836497242,0.4370179948586118,0.34692186056779983,168,0.003800977483400262,0.03641255509595739,0.2566761125188127,0.7977447560066875,0.5357142857142857,1.043864533368672,0.46034382553061526,0.6094879265014886,0.9988106200615792,,False
us10y,multiday_hold,Buy Fri_Close -> Sell Close+5d,Fri_Close,Close+5d,387,0.004025388096664956,0.07056225721464231,0.2638556102201148,0.7920319880000225,0.4599483204134367,0.5704732608567475,166,0.00048080943374901767,0.033111840478775086,-1.0074411831716756,0.315197918040206,0.4939759036144578,0.14520770419186446,0.4189198852107985,0.5693044367456597,0.9988106200615792,,False
us10y,multiday_hold,Buy Mon_Close -> Sell Close+10d,Mon_Close,Close+10d,360,0.006922707987110834,0.0913642945716646,0.2128183702345169,0.8315894272226033,0.4527777777777778,0.7577038732215877,155,0.004839496918311767,0.04507634731945142,-0.29099463445848633,0.7714469653466627,0.4774193548387097,1.0736222445032542,0.4002850886941491,0.5556458513114916,0.9988106200615792,,False
us10y,multiday_hold,Buy Tue_Close -> Sell Close+10d,Tue_Close,Close+10d,396,0.006557885640632344,0.0856821527971957,0.15341492077375027,0.8781494225630849,0.4696969696969697,0.765373584409632,171,0.003008514471629923,0.047278486639613364,-0.7964432566250083,0.4268852684192032,0.4678362573099415,0.6363389959079548,0.39457849581549287,0.5425074150890058,0.9988106200615792,,False
us10y,multiday_hold,Buy Wed_Close -> Sell Close+10d,Wed_Close,Close+10d,394,0.00707421604103241,0.08592177618251343,0.27172915393495933,0.7859729690802566,0.48984771573604063,0.8233321464404428,170,0.004039748051413189,0.04965533790677044,-0.4861044971961316,0.6275227876157503,0.4588235294117647,0.8135576600038351,0.3856528956318434,0.5338140213776639,0.9988106200615792,,False
us10y,multiday_hold,Buy Thu_Close -> Sell Close+10d,Thu_Close,Close+10d,389,0.005400667530441554,0.08713759479272089,-0.11208281791959947,0.9108157024037554,0.455012853470437,0.6197861604154242,167,0.006440536828077165,0.04974749146403425,0.1409018915406409,0.8881182845802005,0.47904191616766467,1.294645546647001,0.4046003918373654,0.5544259811303427,0.9988106200615792,,False
us10y,multiday_hold,Buy Fri_Close -> Sell Close+10d,Fri_Close,Close+10d,386,0.0072068341053163395,0.08792859631040138,0.29240488371782125,0.7701345878054291,0.47150259067357514,0.8196234681007659,166,0.002728917438027267,0.04510161559785159,-0.9021460321187301,0.36829433609736173,0.4578313253012048,0.6050597970502101,0.3838493557715593,0.5337208979236483,0.9988106200615792,,False
us10y,multiday_hold,Buy Mon_Close -> Sell Close+20d,Mon_Close,Close+20d,359,0.0130564227062567,0.1186390214527503,0.18534445007479283,0.8530638372564213,0.467966573816156,1.1005167226077137,154,0.008064548969368066,0.06770474012177362,-0.6996696602324779,0.485196036389837,0.461038961038961,1.1911350600952288,0.3842148762020109,0.539759538654402,0.9988106200615792,,False
us10y,multiday_hold,Buy Tue_Close -> Sell Close+20d,Tue_Close,Close+20d,395,0.01484402937316161,0.11939366964817148,0.4904043995446327,0.624120750568304,0.4835443037974684,1.243284456948505,170,0.005420634692931101,0.06684700572675789,-1.2589520430082182,0.20978385320912607,0.40588235294117647,0.8109016453314826,0.33493380072408896,0.48099058101192815,0.9988106200615792,,False
us10y,multiday_hold,Buy Wed_Close -> Sell Close+20d,Wed_Close,Close+20d,393,0.012108575352651425,0.11908683310663416,0.03563079297632605,0.9715948912551853,0.48346055979643765,1.0167854024473906,169,0.01043302042714403,0.07258171163747262,-0.2609455524640137,0.7944540913973698,0.4260355029585799,1.4374172490247048,0.353939080669847,0.5014198144109667,0.9988106200615792,,False
us10y,multiday_hold,Buy Thu_Close -> Sell Close+20d,Thu_Close,Close+20d,387,0.0115784391871836,0.12342004171841904,-0.05027516639252634,0.9599291178186854,0.45478036175710596,0.9381328207293621,167,0.012659729074655903,0.07197860627485353,0.13701757520511681,0.8911829441849494,0.4550898203592814,1.7588183114180012,0.3814187089017619,0.5307806617433268,0.9988106200615792,,False
us10y,multiday_hold,Buy Fri_Close -> Sell Close+20d,Fri_Close,Close+20d,385,0.014742946778051224,0.12605708344706812,0.44283559740551703,0.6581340035127909,0.4597402597402597,1.1695452865401132,165,0.006853620856938393,0.06426944070040833,-1.0043921558099218,0.3166692589097567,0.46060606060606063,1.0663887505862253,0.38631151790521195,0.5366932392162558,0.9988106200615792,,False
us10y,vix_regime,[vix_high] Buy Mon_Close -> Sell Close+2d,Mon_Close,Close+2d,187,0.008541839101410063,0.08533452288745356,0.8973076341635617,0.3707147519815058,0.4385026737967914,1.0009828159086056,81,0.002753480003422016,0.033266358292051,-0.046750188076448256,0.9628288379007431,0.5061728395061729,0.82770707248709,0.3995059708753621,0.6122806998144883,0.9988106200615792,vix_high,False
us10y,vix_regime,[vix_high] Buy Tue_Close -> Sell Close+2d,Tue_Close,Close+2d,204,-0.000702025147562555,0.047706525561266505,-1.0839344044743975,0.27967958125269926,0.4117647058823529,-0.14715495192811473,88,0.0009874621852288682,0.03639835847593247,-0.49711417268921165,0.6203625074660557,0.5,0.27129305457052505,0.3977398665504473,0.6022601334495528,0.9988106200615792,vix_high,False
us10y,vix_regime,[vix_high] Buy Wed_Close -> Sell Close+2d,Wed_Close,Close+2d,205,-0.003302241354528201,0.05022951197696521,-1.7713982606807446,0.07798751990431142,0.4,-0.6574305073962451,89,0.004263723335848173,0.03581892186659123,0.3499888092444412,0.7271833681509994,0.6179775280898876,1.1903550173086037,0.5141392792900943,0.7120524278756588,0.9988106200615792,vix_high,False
us10y,vix_regime,[vix_high] Buy Thu_Close -> Sell Close+2d,Thu_Close,Close+2d,190,0.001871220671834382,0.06455303165130281,-0.22492332098558188,0.8222819234292942,0.5368421052631579,0.28987339927614647,82,0.00924949321053363,0.03441103862185545,1.6535165100979723,0.10209656261244679,0.5609756097560976,2.687943631163463,0.45322727057239914,0.6632663642153962,0.9988106200615792,vix_high,False
us10y,vix_regime,[vix_high] Buy Fri_Close -> Sell Close+2d,Fri_Close,Close+2d,179,0.003829374526353436,0.047870235675821785,0.2513964394746548,0.8017976139913698,0.44692737430167595,0.799948960411651,77,0.010124786480855562,0.04096122763485501,1.5318322694197493,0.12971606162419677,0.5454545454545454,2.4717976158117168,0.43472886644893927,0.6518602163994951,0.9988106200615792,vix_high,False
us10y,vix_regime,[vix_low] Buy Mon_Close -> Sell Close+2d,Mon_Close,Close+2d,173,-0.0008052463795342525,0.02493386779594233,-0.31906480725619846,0.7500645241251063,0.5202312138728323,-0.32295285517848776,75,-0.0026296489827216324,0.016233988640831924,-1.2881799253079902,0.201696783775296,0.4,-1.6198415810810092,0.29662343078170594,0.5131216783992341,0.9988106200615792,vix_low,False
us10y,vix_regime,[vix_low] Buy Tue_Close -> Sell Close+2d,Tue_Close,Close+2d,193,-0.0006897496773478736,0.025458810307147757,-0.26729309529689255,0.7895303971340066,0.48704663212435234,-0.27092769419560075,84,-0.0004722095655834486,0.018812665944969567,-0.13248009444555053,0.8949252122570033,0.4880952380952381,-0.25100619283027004,0.3840817181332218,0.5931500262794481,0.9988106200615792,vix_low,False
us10y,vix_regime,[vix_low] Buy Wed_Close -> Sell Close+2d,Wed_Close,Close+2d,190,0.0019108870833360258,0.026952290262404473,1.07602185317807,0.28328911182505656,0.5368421052631579,0.7089887592972038,82,-0.000884077064147921,0.020287760698787526,-0.30407004897146217,0.7618542947158036,0.47560975609756095,-0.4357686771220427,0.37104798284402096,0.5823545632408609,0.9988106200615792,vix_low,False
us10y,vix_regime,[vix_low] Buy Thu_Close -> Sell Close+2d,Thu_Close,Close+2d,199,-0.0008808698528629363,0.027818146881050797,-0.34509031508857974,0.7303927845041206,0.5477386934673367,-0.316652959174275,86,0.002792393195365904,0.01908156459243078,1.4451643827240837,0.15208841333033976,0.5930232558139535,1.463398445048674,0.4873808000551023,0.6907104182669221,0.9988106200615792,vix_low,False
us10y,vix_regime,[vix_low] Buy Fri_Close -> Sell Close+2d,Fri_Close,Close+2d,208,-0.00046237064512017606,0.028837169734334353,-0.1315791461040065,0.8954449793313746,0.5192307692307693,-0.16033842758489036,90,-0.0002673727412923598,0.016101847276738246,-0.04026796335212468,0.9679696894296244,0.4,-0.16605097334305455,0.30488859176782823,0.5032988219165079,0.9988106200615792,vix_low,False
us10y,vix_regime,[vix_high] Buy Mon_Close -> Sell Close+3d,Mon_Close,Close+3d,187,0.0044138242616028394,0.08843431094401269,-0.0013491338413964167,0.9989249931320074,0.39572192513368987,0.4991076669774935,81,0.002911794321586749,0.04285747470680536,-0.3152964725713634,0.7533575553264157,0.48148148148148145,0.6794134142309566,0.37599458014162646,0.5886454077888226,0.9989249931320074,vix_high,False
us10y,vix_regime,[vix_high] Buy Tue_Close -> Sell Close+3d,Tue_Close,Close+3d,204,0.0004198104081772064,0.0624953322088408,-0.9125574466396582,0.36255781650436214,0.43137254901960786,0.06717468222655813,88,0.0037365417622825595,0.04324756856048148,-0.14795903471713784,0.8827174796804074,0.5,0.8639888638032972,0.3977398665504473,0.6022601334495528,0.9988106200615792,vix_high,False
us10y,vix_regime,[vix_high] Buy Wed_Close -> Sell Close+3d,Wed_Close,Close+3d,205,-0.0024712986283372904,0.06793629280378669,-1.4493604242175313,0.14877246603439107,0.43902439024390244,-0.3637670715231525,89,0.011153225056691297,0.04456190386824534,1.4168855548523305,0.16004693796933753,0.550561797752809,2.5028609840521305,0.4472614742822269,0.6496778287888101,0.9988106200615792,vix_high,False
us10y,vix_regime,[vix_high] Buy Thu_Close -> Sell Close+3d,Thu_Close,Close+3d,190,0.003914550915917844,0.06458885961155957,-0.10813229692049568,0.9140054565908219,0.4473684210526316,0.6060721522968725,82,0.012646446755631896,0.043137237142205576,1.715799931347993,0.09002143879800621,0.5609756097560976,2.9316775003326723,0.45322727057239914,0.6632663642153962,0.9988106200615792,vix_high,False
us10y,vix_regime,[vix_high] Buy Fri_Close -> Sell Close+3d,Fri_Close,Close+3d,179,0.009395780903792329,0.06526468213732342,1.016642907114317,0.31070318914845596,0.45251396648044695,1.4396424829010377,77,0.008930633557252566,0.04516853936829146,0.8700827152867817,0.38699504814116353,0.5194805194805194,1.9771800642997799,0.40963811196379796,0.6274714949712452,0.9988106200615792,vix_high,False
us10y,vix_regime,[vix_low] Buy Mon_Close -> Sell Close+3d,Mon_Close,Close+3d,173,0.00029441790575352654,0.029347021735205595,0.33880535966688863,0.7351696208452354,0.5144508670520231,0.10032292489848593,75,-0.0022744281894305353,0.02059223681494182,-0.7564148010356305,0.4518019844917491,0.4533333333333333,-1.1045075918028489,0.3456961212759212,0.5655182630085175,0.9988106200615792,vix_low,False
us10y,vix_regime,[vix_low] Buy Tue_Close -> Sell Close+3d,Tue_Close,Close+3d,193,-0.0007035711623065909,0.030320964156557623,-0.10960831989355041,0.9128344877384579,0.5077720207253886,-0.2320411576207833,84,-0.0009949736937893033,0.02387576202400233,-0.2027127649632895,0.8398556410955833,0.5,-0.41672960753631866,0.39543750035009767,0.6045624996499024,0.9988106200615792,vix_low,False
us10y,vix_regime,[vix_low] Buy Wed_Close -> Sell Close+3d,Wed_Close,Close+3d,190,0.0006916589359313608,0.03426134936299043,0.463609270719318,0.6434611745816263,0.5263157894736842,0.20187731913399182,82,0.0014615803346533542,0.02196455563629892,0.7888951952212576,0.4324762719731003,0.5487804878048781,0.6654267715928325,0.44130583571145193,0.6518890721187844,0.9988106200615792,vix_low,False
us10y,vix_regime,[vix_low] Buy Thu_Close -> Sell Close+3d,Thu_Close,Close+3d,199,-0.0006099284126754516,0.03197363680064298,-0.0643432833127845,0.9487618034771131,0.48743718592964824,-0.19075978640727728,86,-0.00034544213935948,0.021163978566304215,0.051526139231774175,0.9590271700203645,0.4883720930232558,-0.163221739370625,0.38550397038221695,0.59223462732753,0.9988106200615792,vix_low,False
us10y,vix_regime,[vix_low] Buy Fri_Close -> Sell Close+3d,Fri_Close,Close+3d,207,-0.0021353089847181805,0.03317306424464034,-0.7232303993596557,0.47035872500584247,0.4782608695652174,-0.6436875921292605,90,0.00045964899843879,0.022832812803658748,0.3815156983193511,0.7037299453971707,0.5,0.201310719967509,0.39883544540986604,0.601164554590134,0.9988106200615792,vix_low,False
us10y,vix_regime,[vix_high] Buy Mon_Close -> Sell Close+5d,Mon_Close,Close+5d,187,0.005705293132480862,0.08613087150756958,-0.1713670126664058,0.8641214802976853,0.43315508021390375,0.6623981660256921,81,0.014087893827033997,0.056068511884820794,1.16458016905806,0.24765007566999878,0.49382716049382713,2.5126213187134643,0.38771930018551176,0.6004940291246379,0.9988106200615792,vix_high,False
us10y,vix_regime,[vix_high] Buy Tue_Close -> Sell Close+5d,Tue_Close,Close+5d,204,0.002049143661614108,0.07249055178968102,-0.9313195970155078,0.3527945269694556,0.4215686274509804,0.2826773436018737,88,0.013487255073923248,0.059600934177792865,1.0484853496889608,0.29731906157405164,0.5681818181818182,2.2629267913301536,0.46398482983322936,0.6666749147705233,0.9988106200615792,vix_high,False
us10y,vix_regime,[vix_high] Buy Wed_Close -> Sell Close+5d,Wed_Close,Close+5d,205,0.003855083262546396,0.08192466532670165,-0.5112498856861212,0.6097289785946755,0.4292682926829268,0.47056442002820265,89,0.011007771908830425,0.048828383876394946,0.8107826883607082,0.41967783639978573,0.5730337078651685,2.2543797346837646,0.46934928250408064,0.6706741552651951,0.9988106200615792,vix_high,False
us10y,vix_regime,[vix_high] Buy Thu_Close -> Sell Close+5d,Thu_Close,Close+5d,190,0.00391267463174802,0.08090895443718853,-0.48848704548435806,0.6257711911191207,0.42105263157894735,0.48358981511564564,82,0.012600724807346995,0.05055895798468218,1.0348035695470814,0.3038402631809248,0.5365853658536586,2.492283328142291,0.42944534622716574,0.6404508346455114,0.9988106200615792,vix_high,False
us10y,vix_regime,[vix_high] Buy Fri_Close -> Sell Close+5d,Fri_Close,Close+5d,179,0.006369005698520153,0.08706450992122511,-0.06413695288321632,0.9489331479929768,0.43575418994413406,0.7315271979688108,77,0.01143863802910532,0.05997244564611608,0.6760981873277049,0.5010306201051813,0.5194805194805194,1.907315585661147,0.40963811196379796,0.6274714949712452,0.9988106200615792,vix_high,False
us10y,vix_regime,[vix_low] Buy Mon_Close -> Sell Close+5d,Mon_Close,Close+5d,173,-0.0004721462040078471,0.03916633043294194,0.058057774536820116,0.9537700029002543,0.5144508670520231,-0.12054900185663942,75,0.0006832043709736694,0.027481653375711002,0.41592137644709243,0.6786712747541279,0.5333333333333333,0.24860380910615193,0.42157339152780315,0.6418449054118834,0.9988106200615792,vix_low,False
us10y,vix_regime,[vix_low] Buy Tue_Close -> Sell Close+5d,Tue_Close,Close+5d,193,-0.0002519517007192911,0.04171408670551002,0.13073722317369363,0.8961200648664026,0.49740932642487046,-0.06039966846164002,83,-0.001681700390102532,0.02769789044761032,-0.33875937321507593,0.7356569416162377,0.5301204819277109,-0.6071582936192974,0.42380777365590233,0.6337683189080303,0.9988106200615792,vix_low,False
us10y,vix_regime,[vix_low] Buy Wed_Close -> Sell Close+5d,Wed_Close,Close+5d,189,0.0003133589954535102,0.04297742390829444,0.3059193700636584,0.7600045290658265,0.5026455026455027,0.07291246588491625,82,-0.0010740000605952145,0.027608860521719892,-0.1396735881407063,0.8892646115062488,0.5,-0.3890055729573839,0.39422642728441165,0.6057735727155883,0.9988106200615792,vix_low,False
us10y,vix_regime,[vix_low] Buy Thu_Close -> Sell Close+5d,Thu_Close,Close+5d,199,-0.001956928475617398,0.040738537540882885,-0.45296199436419526,0.6510720683208677,0.47738693467336685,-0.4803629667985837,86,0.0015257346611735527,0.03054767313300792,0.6553059856315069,0.5140404184278845,0.5581395348837209,0.49946018949801396,0.45293267462601694,0.6583743368252482,0.9988106200615792,vix_low,False
us10y,vix_regime,[vix_low] Buy Fri_Close -> Sell Close+5d,Fri_Close,Close+5d,207,-0.0018890953713719663,0.042503890988869995,-0.4199266779368358,0.6749766619817069,0.5120772946859904,-0.4444523377557697,90,8.727947788283045e-05,0.03150875645997348,0.21940925601063632,0.8268336845845018,0.5,0.02770007061170573,0.39883544540986604,0.601164554590134,0.9988106200615792,vix_low,False
us10y,vix_regime,[vix_high] Buy Mon_Close -> Sell Close+10d,Mon_Close,Close+10d,187,0.006559561020216825,0.10611383526645127,-0.9401124267058679,0.348379186761549,0.44919786096256686,0.6181626555807547,81,0.024950245330900275,0.08255161797114342,1.2000587811541614,0.23365827843712264,0.49382716049382713,3.022381140927102,0.38771930018551176,0.6004940291246379,0.9988106200615792,vix_high,False
us10y,vix_regime,[vix_high] Buy Tue_Close -> Sell Close+10d,Tue_Close,Close+10d,204,0.006182290904080037,0.09237966639180867,-1.1863370384681118,0.23687582609505242,0.4019607843137255,0.6692263725936364,88,0.02708393961118889,0.08142821444077866,1.5131348094382895,0.13386980181377023,0.48863636363636365,3.326112428866603,0.38687686309205005,0.5913465128073245,0.9988106200615792,vix_high,False
us10y,vix_regime,[vix_high] Buy Wed_Close -> Sell Close+10d,Wed_Close,Close+10d,205,0.008841496686498576,0.09583432361207288,-0.7500649506883211,0.4540797647939638,0.43902439024390244,0.9225814252405028,89,0.023579716891882242,0.06936556741513696,1.3125450734049313,0.19274928068407937,0.5393258426966292,3.3993403024822193,0.436292717570131,0.6391045181517867,0.9988106200615792,vix_high,False
us10y,vix_regime,[vix_high] Buy Thu_Close -> Sell Close+10d,Thu_Close,Close+10d,190,0.010256649569628452,0.09750383855828709,-0.5100687417951469,0.6105984451261592,0.41578947368421054,1.0519226444092353,82,0.02630363865427852,0.07181492963871759,1.5576785924853649,0.12320826049767244,0.5,3.662697824338943,0.39422642728441165,0.6057735727155883,0.9988106200615792,vix_high,False
us10y,vix_regime,[vix_high] Buy Fri_Close -> Sell Close+10d,Fri_Close,Close+10d,179,0.012851252813902233,0.09225259586184675,-0.147945595900374,0.8825531597453155,0.4301675977653631,1.3930505362849277,77,0.025517943379866057,0.08070676473150648,1.2577315418954467,0.21233972080801608,0.5194805194805194,3.1618097274446075,0.40963811196379796,0.6274714949712452,0.9988106200615792,vix_high,False
us10y,vix_regime,[vix_low] Buy Mon_Close -> Sell Close+10d,Mon_Close,Close+10d,172,-0.0010916565134242505,0.05479513236361597,0.25004139316496954,0.8028554767824025,0.4941860465116279,-0.19922508922509907,75,0.002432720472316356,0.037895753538808155,1.0378705198375078,0.30270983338874735,0.56,0.6419506792034267,0.44746569425928456,0.6666872402321515,0.9988106200615792,vix_low,False
us10y,vix_regime,[vix_low] Buy Tue_Close -> Sell Close+10d,Tue_Close,Close+10d,192,-0.0028022894168949278,0.06361788214943294,-0.14400487478497007,0.8856484456919095,0.5208333333333334,-0.4404876934306915,83,5.836417067471598e-05,0.03997929278081003,0.497798198316429,0.6199586694822683,0.5060240963855421,0.014598600078971544,0.4006020980792863,0.6109131204335001,0.9988106200615792,vix_low,False
us10y,vix_regime,[vix_low] Buy Wed_Close -> Sell Close+10d,Wed_Close,Close+10d,189,-0.001596400683540323,0.06723076883179208,0.1107418564879581,0.9119391864830415,0.5555555555555556,-0.23745090399522803,81,-0.0016714025433777107,0.038311547080757236,0.10925988377287615,0.9132699648555813,0.5061728395061729,-0.43626600091469736,0.3995059708753621,0.6122806998144883,0.9988106200615792,vix_low,False
us10y,vix_regime,[vix_low] Buy Thu_Close -> Sell Close+10d,Thu_Close,Close+10d,198,-0.004441005519946121,0.0685190596541878,-0.47146799374999027,0.6378282881871232,0.51010101010101,-0.648141632760235,86,-0.0005803880848867647,0.041168225455601684,0.3491381703372534,0.7278490158366898,0.5116279069767442,-0.14097962165327976,0.4077653726724701,0.614496029617783,0.9988106200615792,vix_low,False
us10y,vix_regime,[vix_low] Buy Fri_Close -> Sell Close+10d,Fri_Close,Close+10d,207,-0.005159582610352391,0.07217689809120548,-0.6005764505557545,0.5487822981792874,0.5120772946859904,-0.7148523622936174,89,0.00042265130077968676,0.041699873235110235,0.5763612529308185,0.5658423089409443,0.5168539325842697,0.10135553611799115,0.4145040372503965,0.6178090637732825,0.9988106200615792,vix_low,False
us10y,vix_regime,[vix_high] Buy Mon_Close -> Sell Close+20d,Mon_Close,Close+20d,187,0.0096905658337846,0.1214877794812548,-1.4347140151175402,0.15304785655832254,0.40641711229946526,0.7976576636072129,81,0.04504818270086718,0.11882010907140302,1.6995233680732906,0.09310605274053556,0.4691358024691358,3.791292825172902,0.3643319191569785,0.5767347273937701,0.9988106200615792,vix_high,False
us10y,vix_regime,[vix_high] Buy Tue_Close -> Sell Close+20d,Tue_Close,Close+20d,204,0.011541987590238034,0.12103669449477937,-1.2864918421531992,0.1997366986197428,0.38235294117647056,0.953594084704277,88,0.04526302851350536,0.11022073991185333,1.9287751756805158,0.057019257626808095,0.48863636363636365,4.106579991179836,0.38687686309205005,0.5913465128073245,0.9988106200615792,vix_high,False
us10y,vix_regime,[vix_high] Buy Wed_Close -> Sell Close+20d,Wed_Close,Close+20d,205,0.007677807448872786,0.12432450556908524,-1.6994824039834637,0.09075258909087013,0.3902439024390244,0.6175618727561595,89,0.044095106848624756,0.10526278067230213,1.9271127552074054,0.057191939050460334,0.5280898876404494,4.189050162554516,0.4253736442483641,0.6284815241244343,0.9988106200615792,vix_high,False
us10y,vix_regime,[vix_high] Buy Thu_Close -> Sell Close+20d,Thu_Close,Close+20d,190,0.014453833991415541,0.13113314846931068,-0.8404902556486828,0.40169558981939846,0.4105263157894737,1.1022258033252514,82,0.04636205008127494,0.11206946606517157,1.9186363244483122,0.05855321260963981,0.4878048780487805,4.136902914689903,0.3826071216079986,0.5940941514344423,0.9988106200615792,vix_high,False
us10y,vix_regime,[vix_high] Buy Fri_Close -> Sell Close+20d,Fri_Close,Close+20d,179,0.01695438603035354,0.12334478999239586,-0.5966947050385797,0.5514693792504808,0.4301675977653631,1.37455226373151,77,0.0542186513023898,0.12363839954481248,2.238549445523863,0.028112281195778334,0.5064935064935064,4.38525987896975,0.39719817534305907,0.6151716936352885,0.9988106200615792,vix_high,False
us10y,vix_regime,[vix_low] Buy Mon_Close -> Sell Close+20d,Mon_Close,Close+20d,171,0.0023456091033314036,0.09385822831125246,0.1643751015797944,0.8696311398521889,0.543859649122807,0.24990979965580637,74,0.000906196303664952,0.05662124931575185,-0.03865127303488306,0.9692739312771168,0.4864864864864865,0.16004526827225113,0.37611598006562663,0.5981908173280549,0.9988106200615792,vix_low,False
us10y,vix_regime,[vix_low] Buy Tue_Close -> Sell Close+20d,Tue_Close,Close+20d,191,0.0016153134535563999,0.1006447992747059,0.06203821032666012,0.950597615497916,0.5497382198952879,0.16049646531138356,82,0.0016910079630587961,0.058620579861674106,0.08116640113180677,0.9355098398341508,0.5,0.2884666045694253,0.39422642728441165,0.6057735727155883,0.9988106200615792,vix_low,False
us10y,vix_regime,[vix_low] Buy Wed_Close -> Sell Close+20d,Wed_Close,Close+20d,187,0.006699439049451388,0.1004226709101336,0.7519813715900352,0.4530127790519542,0.5721925133689839,0.6671241651645167,81,-0.002831599666846711,0.061359457985916445,-0.5821901590034518,0.5620757898785442,0.43209876543209874,-0.4614772945837681,0.329719027705932,0.540627594705715,0.9988106200615792,vix_low,False
us10y,vix_regime,[vix_low] Buy Thu_Close -> Sell Close+20d,Thu_Close,Close+20d,197,-0.0003963975900742679,0.10249840974274174,-0.21290389793782394,0.8316231954363789,0.5532994923857868,-0.038673535625496684,85,0.0014729938955143724,0.05486926168838202,0.05189061975989888,0.9587390498482702,0.4470588235294118,0.268455206100625,0.34593481844164153,0.5527612878869254,0.9988106200615792,vix_low,False
us10y,vix_regime,[vix_low] Buy Fri_Close -> Sell Close+20d,Fri_Close,Close+20d,205,-0.002447529237318955,0.10875328141929957,-0.47409355665551006,0.6359402262519097,0.5121951219512195,-0.22505336899973405,89,0.0011118448862656224,0.056755417837583665,-0.008345915234364187,0.9933598916298357,0.47191011235955055,0.19590110136223052,0.3715184758755657,0.5746263557516358,0.9988106200615792,vix_low,False
us10y,trend_regime,[trend_up] Buy Mon_Close -> Sell Close+2d,Mon_Close,Close+2d,193,0.0006775341900339875,0.0353213162173766,-0.6088838560631615,0.5433211601633137,0.49222797927461137,0.1918201988465733,84,-0.0014082499793231268,0.02045472278112091,-1.620297464660537,0.10896179026415916,0.39285714285714285,-0.6884717991010364,0.2953018006281275,0.49978389908590315,0.9988106200615792,trend_up,False
us10y,trend_regime,[trend_up] Buy Tue_Close -> Sell Close+2d,Tue_Close,Close+2d,205,-0.0006428346489008156,0.042051851371835015,-0.9756315650501066,0.3304025674542092,0.4097560975609756,-0.1528671456618354,89,0.0008475984455297166,0.02347628936281615,-0.552245656559707,0.5821799599501636,0.47191011235955055,0.3610444702015894,0.3715184758755657,0.5746263557516358,0.9988106200615792,trend_up,False
us10y,trend_regime,[trend_up] Buy Wed_Close -> Sell Close+2d,Wed_Close,Close+2d,205,0.002957455135815676,0.0390753935746723,0.26603212715210256,0.7904831436850915,0.47804878048780486,0.7568586942480919,88,0.0021662179828639437,0.022276122296076888,-0.02655494336805463,0.9788755276335873,0.5340909090909091,0.9724394372019778,0.43063280602477044,0.6346970662771058,0.9988106200615792,trend_up,False
us10y,trend_regime,[trend_up] Buy Thu_Close -> Sell Close+2d,Thu_Close,Close+2d,202,0.0062248953667267595,0.03639071876575722,1.5565109207048593,0.12115976491364798,0.5198019801980198,1.7105722496979738,87,0.0029587024332347472,0.021065767854882858,0.320950407526696,0.7490266146209958,0.5747126436781609,1.4045072810146564,0.4698369712299657,0.6732692708441501,0.9988106200615792,trend_up,False
us10y,trend_regime,[trend_up] Buy Fri_Close -> Sell Close+2d,Fri_Close,Close+2d,196,0.004196256944675398,0.03844259462654597,0.714372724862351,0.4758510035657536,0.5153061224489796,1.091564444450306,85,0.0012584305830383967,0.01977665379511841,-0.45008937053811776,0.6538054434957283,0.4823529411764706,0.6363212887657581,0.379205636706352,0.5870263987365038,0.9988106200615792,trend_up,False
us10y,trend_regime,[trend_down] Buy Mon_Close -> Sell Close+2d,Mon_Close,Close+2d,161,0.01189007491879387,0.08782991051737066,1.6521431935200652,0.10046648150052968,0.484472049689441,1.3537614747361375,70,-0.004794551606432084,0.022305506166445346,-1.9412831602524896,0.056309044776368056,0.42857142857142855,-2.149492403649029,0.31935124886212546,0.5452237332617722,0.9988106200615792,trend_down,False
us10y,trend_regime,[trend_down] Buy Tue_Close -> Sell Close+2d,Tue_Close,Close+2d,185,0.0010945586302845006,0.03849195118836914,0.23831073935488342,0.811905280227997,0.4864864864864865,0.2843603913264953,80,-0.0043450532931838285,0.022053311071045145,-1.9197898847895443,0.05849445848903188,0.4875,-1.9702498546300642,0.38107693944368337,0.5950685539629311,0.9988106200615792,trend_down,False
us10y,trend_regime,[trend_down] Buy Wed_Close -> Sell Close+2d,Wed_Close,Close+2d,184,-0.006496106978119858,0.0459383166751913,-2.0361333020470744,0.0431782474881153,0.44021739130434784,-1.4140933861488312,79,0.0030608112715813473,0.02246968136186767,1.038640228538669,0.3021811252214122,0.5569620253164557,1.3621961176430917,0.4473171607311567,0.661323908490104,0.9988106200615792,trend_down,False
us10y,trend_regime,[trend_down] Buy Thu_Close -> Sell Close+2d,Thu_Close,Close+2d,180,-0.005194231307107851,0.061830915360187054,-1.21445269534968,0.22617461447026277,0.5111111111111111,-0.8400702588421355,78,0.006553495799749212,0.025376220075326847,2.1215142588150884,0.037095631915818855,0.6153846153846154,2.582534270390072,0.5044258131764942,0.7155112359525552,0.9988106200615792,trend_down,False
us10y,trend_regime,[trend_down] Buy Fri_Close -> Sell Close+2d,Fri_Close,Close+2d,183,0.002650128834368686,0.04405684024734261,0.6834090879476042,0.4952174788468781,0.48633879781420764,0.6015249435707171,79,-7.918403528751516e-05,0.022167566305869642,-0.19820726489099547,0.8433985857416619,0.3670886075949367,-0.03572067145077103,0.26927131273817784,0.47723285907888024,0.9988106200615792,trend_down,False
us10y,trend_regime,[trend_up] Buy Mon_Close -> Sell Close+3d,Mon_Close,Close+3d,193,0.0003182646327110055,0.047282118088918336,-0.8592489655014603,0.391274687573556,0.45595854922279794,0.0673118391423328,84,0.000331845021480951,0.027311456693947973,-0.9735164267708584,0.3331254080680081,0.44047619047619047,0.12150396267749627,0.3392278217957345,0.5469309002676157,0.9988106200615792,trend_up,False
us10y,trend_regime,[trend_up] Buy Tue_Close -> Sell Close+3d,Tue_Close,Close+3d,205,0.002444682445459862,0.05029039078070764,-0.22879413182130387,0.8192581247472361,0.43414634146341463,0.48611323306672116,89,0.000969718324274113,0.024221299898355825,-0.883251806170649,0.3795068200612481,0.4943820224719101,0.4003576721082335,0.39291271906748554,0.5963162472579547,0.9988106200615792,trend_up,False
us10y,trend_regime,[trend_up] Buy Wed_Close -> Sell Close+3d,Wed_Close,Close+3d,205,0.006199537638916419,0.046109486011306815,0.9135628390927897,0.3620250488689648,0.5073170731707317,1.3445254274567686,88,0.0038401984988043997,0.029109965933084646,0.1890229311243757,0.8505151090099774,0.5,1.319204051159627,0.3977398665504473,0.6022601334495528,0.9988106200615792,trend_up,False
us10y,trend_regime,[trend_up] Buy Thu_Close -> Sell Close+3d,Thu_Close,Close+3d,202,0.0064411455277252035,0.04413921924285463,1.0249029071993456,0.3066408707988823,0.48514851485148514,1.4592794431378422,87,0.003410314406348284,0.02496922621845199,0.059439380390229564,0.9527400518501409,0.5172413793103449,1.365807004394913,0.4137493791703159,0.6192751382314033,0.9988106200615792,trend_up,False
us10y,trend_regime,[trend_up] Buy Fri_Close -> Sell Close+3d,Fri_Close,Close+3d,196,0.004095361569911127,0.044253396775398975,0.2666689801949698,0.7900058230460735,0.4744897959183674,0.9254344001425423,84,-0.0003388667212553869,0.0249449302736612,-1.3108325481300926,0.19352970540430758,0.47619047619047616,-0.13584592842626175,0.3727826732247559,0.5816808156005842,0.9988106200615792,trend_up,False
us10y,trend_regime,[trend_down] Buy Mon_Close -> Sell Close+3d,Mon_Close,Close+3d,161,0.0076199690185590006,0.08702615920913011,1.0209933153828454,0.3087988817606885,0.45962732919254656,0.8755952334111021,70,-0.004304301453042363,0.028120198427499275,-1.4473906429801087,0.15231586490605933,0.45714285714285713,-1.5306796159848948,0.345725523240816,0.5730194660335225,0.9988106200615792,trend_down,False
us10y,trend_regime,[trend_down] Buy Tue_Close -> Sell Close+3d,Tue_Close,Close+3d,185,-0.0013604077226554091,0.053752484952704425,-0.4935845050923326,0.622188280936689,0.4702702702702703,-0.2530874105359781,80,-0.002284211278618012,0.027643388285639062,-0.9259192529118885,0.3573079018644037,0.5125,-0.8263137843361539,0.4049314460370689,0.6189230605563166,0.9988106200615792,trend_down,False
us10y,trend_regime,[trend_down] Buy Wed_Close -> Sell Close+3d,Wed_Close,Close+3d,184,-0.009192594824431934,0.065172616880999,-2.0316978030901893,0.043630250816928534,0.46195652173913043,-1.4104995724227278,79,0.008279257206844765,0.026690966418118633,2.542470517281356,0.012987432507786782,0.6075949367088608,3.1018948797689676,0.4973378852028524,0.707873023326196,0.9988106200615792,trend_down,False
us10y,trend_regime,[trend_down] Buy Thu_Close -> Sell Close+3d,Thu_Close,Close+3d,180,-0.000940021382286837,0.06049950666659469,-0.33957374604635676,0.734575643943217,0.4777777777777778,-0.15537670207249438,78,0.0015558171591921533,0.028134879113010366,0.2995086114498737,0.7653589806423257,0.46153846153846156,0.5529851942646874,0.35532213417762043,0.5713655161126965,0.9988106200615792,trend_down,False
us10y,trend_regime,[trend_down] Buy Fri_Close -> Sell Close+3d,Fri_Close,Close+3d,183,0.008071333198160878,0.06026894283979893,1.6734047325244816,0.0959655087145222,0.5027322404371585,1.339219308959063,79,-0.0015350473359719492,0.02721707105943031,-0.6913527011988753,0.49139653203735834,0.45569620253164556,-0.5640016637426084,0.35048276758066016,0.5650186230250259,0.9988106200615792,trend_down,False
us10y,trend_regime,[trend_up] Buy Mon_Close -> Sell Close+5d,Mon_Close,Close+5d,193,0.007767900904722947,0.0550935589107492,0.5221758852914075,0.6021498001254851,0.44041450777202074,1.4099471986020795,84,0.002508117272510576,0.031261588972218216,-0.9277814189174088,0.3562111494368611,0.47619047619047616,0.8022999965675157,0.3727826732247559,0.5816808156005842,0.9988106200615792,trend_up,False
us10y,trend_regime,[trend_up] Buy Tue_Close -> Sell Close+5d,Tue_Close,Close+5d,205,0.006762885773246737,0.05681019853321107,0.269307852062844,0.7879649822662301,0.47317073170731705,1.1904351591542448,88,0.0020543356308304252,0.034195763383580685,-0.992145742584261,0.32387787564900267,0.42045454545454547,0.6007573534143786,0.32276925999189043,0.5247943713037317,0.9988106200615792,trend_up,False
us10y,trend_regime,[trend_up] Buy Wed_Close -> Sell Close+5d,Wed_Close,Close+5d,204,0.008178525051013507,0.053562294023448594,0.661503460765938,0.5090396301709388,0.47058823529411764,1.5269183667587312,88,0.0004568146947174324,0.037822748587579835,-1.2909655219463214,0.20013554197121508,0.4318181818181818,0.12077776253083847,0.3333250852294768,0.5360151701667708,0.9988106200615792,trend_up,False
us10y,trend_regime,[trend_up] Buy Thu_Close -> Sell Close+5d,Thu_Close,Close+5d,202,0.007258109404827961,0.058312074508371274,0.3808392511307066,0.7037247353420276,0.4207920792079208,1.244700941618187,87,0.003866914275234945,0.03551672979232677,-0.47646478074498044,0.6349516459462736,0.47126436781609193,1.0887585365672867,0.3698208820020664,0.5751382556617353,0.9988106200615792,trend_up,False
us10y,trend_regime,[trend_up] Buy Fri_Close -> Sell Close+5d,Fri_Close,Close+5d,196,0.007249289540127981,0.05616601103200691,0.38725194979841326,0.6989920153506318,0.45918367346938777,1.2906897618199877,84,-0.0007650030561188137,0.02968497099827605,-1.9815908436696337,0.050835253269421565,0.42857142857142855,-0.2577071933684022,0.32815806317877516,0.5352324032972452,0.9988106200615792,trend_up,False
us10y,trend_regime,[trend_down] Buy Mon_Close -> Sell Close+5d,Mon_Close,Close+5d,161,0.0002878097098813597,0.08559435922324148,0.011527133611526044,0.9908172421927515,0.484472049689441,0.03362484543294654,70,0.0048088548229008755,0.031312923812197975,1.2200251829768283,0.22660885740840045,0.5571428571428572,1.5357412331542104,0.44083343136188763,0.6675065829389943,0.9988106200615792,trend_down,False
us10y,trend_regime,[trend_down] Buy Tue_Close -> Sell Close+5d,Tue_Close,Close+5d,185,0.00017494435808720283,0.07065514447436408,-0.006693181463583258,0.9946669048799476,0.4918918918918919,0.024760314254353863,80,-0.0028962598203864398,0.03038341005865162,-0.9086317448783033,0.3663081927593447,0.4875,-0.9532372484838103,0.38107693944368337,0.5950685539629311,0.9988106200615792,trend_down,False
us10y,trend_regime,[trend_down] Buy Wed_Close -> Sell Close+5d,Wed_Close,Close+5d,184,-0.0021186197984657032,0.07970287369607294,-0.3951975660928494,0.6931573622137015,0.4782608695652174,-0.2658147316675848,79,0.00453753459181362,0.031221439137673227,1.2242052624583897,0.22455961470816235,0.5949367088607594,1.453339345378997,0.48472952838439765,0.6963389203177036,0.9988106200615792,trend_down,False
us10y,trend_regime,[trend_down] Buy Thu_Close -> Sell Close+5d,Thu_Close,Close+5d,180,-0.0022733851096072657,0.07157968544964192,-0.4641380254445974,0.6431128319650857,0.46111111111111114,-0.3176019977353279,78,0.0019912112538374325,0.03664039582310676,0.4266262270620856,0.6708420236338062,0.5256410256410257,0.5434469822462187,0.4162457167544665,0.632629183051989,0.9988106200615792,trend_down,False
us10y,trend_regime,[trend_down] Buy Fri_Close -> Sell Close+5d,Fri_Close,Close+5d,183,0.0016929167708606147,0.08210102821356569,0.2437026350813324,0.8077356150077343,0.47540983606557374,0.2061992167085785,79,0.0007617044541830012,0.03653289341711603,0.1334200713528177,0.894204800164118,0.5189873417721519,0.20849825539034225,0.41050913955969837,0.6257045501807218,0.9988106200615792,trend_down,False
us10y,trend_regime,[trend_up] Buy Mon_Close -> Sell Close+10d,Mon_Close,Close+10d,193,0.015984480473972825,0.07579132225647088,0.6843218853437925,0.4945970950476788,0.49740932642487046,2.10901195520548,83,0.002324091864026317,0.04362474437479124,-2.0585801816165286,0.04270933557752228,0.3855421686746988,0.5327462423755323,0.2881099453171214,0.49310090293993525,0.9988106200615792,trend_up,False
us10y,trend_regime,[trend_up] Buy Tue_Close -> Sell Close+10d,Tue_Close,Close+10d,204,0.013835442033632206,0.07729639997530019,0.29382506226344035,0.7691917767376596,0.4411764705882353,1.7899206221833457,88,0.005535688260122981,0.044278427161448475,-1.412577374714323,0.16134737314262934,0.45454545454545453,1.2501998410961381,0.3545923104525652,0.5583011931449331,0.9988106200615792,trend_up,False
us10y,trend_regime,[trend_up] Buy Wed_Close -> Sell Close+10d,Wed_Close,Close+10d,203,0.017557222265788392,0.07491678873491278,1.008479508452263,0.3144308043859285,0.4827586206896552,2.34356311345822,88,0.0047997945662586914,0.05430761151087138,-1.278101943550831,0.2046130119022081,0.45454545454545453,0.8838161783818943,0.3545923104525652,0.5583011931449331,0.9988106200615792,trend_up,False
us10y,trend_regime,[trend_up] Buy Thu_Close -> Sell Close+10d,Thu_Close,Close+10d,201,0.015308593328242335,0.07439066983870325,0.5830930214112963,0.5604875778528697,0.4228855721393035,2.057864697472818,87,0.005679891604842656,0.04885318464966794,-1.24554653474551,0.21631376429357138,0.42528735632183906,1.1626451060609133,0.3267307291558499,0.5301630287700343,0.9988106200615792,trend_up,False
us10y,trend_regime,[trend_up] Buy Fri_Close -> Sell Close+10d,Fri_Close,Close+10d,195,0.017482737839648068,0.07281055730191546,1.0026486183953707,0.3172793842743283,0.4512820512820513,2.4011267716513056,84,-0.0011672631145107054,0.04171802471499033,-2.928200099447963,0.00439930426267864,0.40476190476190477,-0.27979827004879226,0.3061943608400985,0.511659594461262,0.9988106200615792,trend_up,False
us10y,trend_regime,[trend_down] Buy Mon_Close -> Sell Close+10d,Mon_Close,Close+10d,161,-0.004082092304135601,0.10439622458399661,-0.3485173774510841,0.7279098265916767,0.4658385093167702,-0.3910191503957284,70,0.006676838725889448,0.045360267957874505,1.4434928531154325,0.15340668911057367,0.5571428571428572,1.4719575140275056,0.44083343136188763,0.6675065829389943,0.9988106200615792,trend_down,False
us10y,trend_regime,[trend_down] Buy Tue_Close -> Sell Close+10d,Tue_Close,Close+10d,185,0.0005702195338098184,0.09417755032187383,0.25578966343230913,0.7983989820568294,0.5135135135135135,0.06054728880300662,80,-0.0037167422620179164,0.04584543136159,-0.48682490572960074,0.6277303923075265,0.4375,-0.8107115914568228,0.3341368457196415,0.5465906213134304,0.9988106200615792,trend_down,False
us10y,trend_regime,[trend_down] Buy Wed_Close -> Sell Close+10d,Wed_Close,Close+10d,184,-0.005008725072538579,0.09465991569844805,-0.5434873848681376,0.5874557140503479,0.4945652173913043,-0.5291284104345233,79,0.003097486739664069,0.04412556812792146,0.8612841101744778,0.3917215645352354,0.5316455696202531,0.7019709594864261,0.42271215907094595,0.6376439904964211,0.9988106200615792,trend_down,False
us10y,trend_regime,[trend_down] Buy Thu_Close -> Sell Close+10d,Thu_Close,Close+10d,180,-0.004430709277682112,0.09883865593550906,-0.43654764789675127,0.6629655448240733,0.45,-0.44827696570187003,78,0.004490385585695921,0.04814906157409707,1.0380863381914616,0.3024787738717256,0.5,0.9326008522067708,0.39167242528547985,0.6083275747145201,0.9988106200615792,trend_down,False
us10y,trend_regime,[trend_down] Buy Fri_Close -> Sell Close+10d,Fri_Close,Close+10d,183,-0.0019663941561191543,0.0995691764148934,-0.10306829634070139,0.9180222453533194,0.453551912568306,-0.19749025018801142,79,0.004096680992655344,0.04668618259776398,1.0030654205741603,0.318930966579478,0.5443037974683544,0.8774932463318502,0.4349813769749742,0.6495172324193399,0.9988106200615792,trend_down,False
us10y,trend_regime,[trend_up] Buy Mon_Close -> Sell Close+20d,Mon_Close,Close+20d,191,0.028570073794849184,0.10977785267932293,0.459349991856555,0.646507967556794,0.418848167539267,2.60253531086152,83,0.003489077788809035,0.0644957552638843,-3.007803920450334,0.0034933452310384034,0.3614457831325301,0.5409778945193335,0.26634477449403116,0.4688051997118795,0.9988106200615792,trend_up,False
us10y,trend_regime,[trend_up] Buy Tue_Close -> Sell Close+20d,Tue_Close,Close+20d,203,0.030778111851846205,0.1103093923350115,0.7558432342072793,0.45062369278147146,0.42857142857142855,2.7901623969038427,87,0.006362332740343,0.06859669893974096,-2.5077046057395145,0.014030403456753262,0.3448275862068966,0.9274983838408923,0.2534251109614927,0.44935423242303607,0.9988106200615792,trend_up,False
us10y,trend_regime,[trend_up] Buy Wed_Close -> Sell Close+20d,Wed_Close,Close+20d,203,0.03378073781396995,0.11190082911019643,1.1264611890106326,0.26130679855744443,0.4433497536945813,3.018810323621797,87,0.014486463447323112,0.0797193544143075,-1.2127565482177114,0.22854377905470374,0.4367816091954023,1.8171827348269618,0.33742375517786577,0.5414863476824979,0.9988106200615792,trend_up,False
us10y,trend_regime,[trend_up] Buy Thu_Close -> Sell Close+20d,Thu_Close,Close+20d,200,0.029429275781142593,0.11385370460666408,0.5597313195736259,0.576292192458203,0.405,2.5848325166768475,86,0.008922650081847444,0.0751644247242549,-1.9611971585151329,0.05312988531743636,0.38372093023255816,1.18708419768803,0.2880127996939033,0.48937317740356595,0.9988106200615792,trend_up,False
us10y,trend_regime,[trend_up] Buy Fri_Close -> Sell Close+20d,Fri_Close,Close+20d,193,0.04116007357406571,0.11338429402678453,1.9856658240807759,0.04849361926029843,0.48186528497409326,3.630138894223088,84,0.00044153723215747227,0.06093461784146598,-3.658581840531562,0.0004443250284152662,0.36904761904761907,0.07246081912029427,0.2736996045974371,0.4758495839419337,0.9988106200615792,trend_up,False
us10y,trend_regime,[trend_down] Buy Mon_Close -> Sell Close+20d,Mon_Close,Close+20d,161,-0.004302976564874577,0.12602151280804944,-0.13620088978084607,0.8918336892299112,0.515527950310559,-0.3414477789541129,70,0.011135762813300995,0.06809196547193068,1.7178547599540033,0.09030809300817164,0.5857142857142857,1.63540040827452,0.4688100006994645,0.6937000207518583,0.9988106200615792,trend_down,False
us10y,trend_regime,[trend_down] Buy Tue_Close -> Sell Close+20d,Tue_Close,Close+20d,185,-0.0005910518986941888,0.12775311579878057,0.25004788810510586,0.8028292715469817,0.5297297297297298,-0.046265165041072955,80,-0.0006947499506793131,0.05978393524510577,0.3347013210724126,0.7387374340022395,0.5125,-0.11621014037147864,0.4049314460370689,0.6189230605563166,0.9988106200615792,trend_down,False
us10y,trend_regime,[trend_down] Buy Wed_Close -> Sell Close+20d,Wed_Close,Close+20d,183,-0.011874189867271701,0.12272857879355686,-0.9814139689861613,0.32769144459189686,0.4972677595628415,-0.9675162854485108,79,0.003797418803320677,0.061075054856625025,0.9751358399706502,0.3325074620118553,0.4810126582278481,0.6217626512551151,0.3742954498192782,0.5894908604403015,0.9988106200615792,trend_down,False
us10y,trend_regime,[trend_down] Buy Thu_Close -> Sell Close+20d,Thu_Close,Close+20d,180,-0.007039451003159786,0.13223784380966494,-0.4141501265366436,0.6792600004069196,0.5166666666666667,-0.5323325608130711,78,0.009994478114103388,0.06009021522313492,1.8896994368297955,0.06256208919916163,0.5256410256410257,1.6632455179251018,0.4162457167544665,0.632629183051989,0.9988106200615792,trend_down,False
us10y,trend_regime,[trend_down] Buy Fri_Close -> Sell Close+20d,Fri_Close,Close+20d,183,-0.011630248800672522,0.13217999663238125,-0.8863413504031684,0.37660326469802397,0.45901639344262296,-0.8798796411698018,79,0.010152275160207207,0.06433475234020275,1.7981113223383745,0.07602862877835449,0.5822784810126582,1.5780390521318688,0.47219053936580124,0.6847354495093532,0.9988106200615792,trend_down,False
