date,gap_pct,abs_gap_pct,intraday_return,gap_filled,gap_direction
2015-01-05,0.0014889016918924998,0.0014889016918924998,-0.003514507579263999,True,1.0
2015-01-06,-0.006337795218872188,0.006337795218872188,-0.023776886319432707,False,-1.0
2015-01-07,-0.001070483639557861,0.001070483639557861,-0.0020384922230384985,True,-1.0
2015-01-08,0.011021809606293604,0.011021809606293604,0.005273788063855795,False,1.0
2015-01-09,0.006175234783681185,0.006175234783681185,-0.00011468239988185237,True,1.0
2015-01-12,0.0008267981622306717,0.0008267981622306717,0.0038172785030332113,True,1.0
2015-01-13,0.002781495929953142,0.002781495929953142,-0.0056013848076009965,True,1.0
2015-01-14,0.0009458043961666094,0.0009458043961666094,-0.0035752138568720094,True,1.0
2015-01-15,0.01775286150852073,0.01775286150852073,0.008267599338239659,False,1.0
2015-01-16,0.0011654389912175314,0.0011654389912175314,0.001146512570355094,True,1.0
2015-01-19,0.004257793327491867,0.004257793327491867,7.606863583922379e-05,False,1.0
2015-01-20,0.002853498953907398,0.002853498953907398,0.014052314898856633,False,1.0
2015-01-21,0.0027658565631368415,0.0027658565631368415,0.001129587647870594,True,1.0
2015-01-22,0.001872914757431697,0.001872914757431697,0.001778075538062139,True,1.0
2015-01-23,0.007595795388909584,0.007595795388909584,0.0008664994583410445,False,1.0
2015-01-27,0.004046131737575288,0.004046131737575288,0.004413126790046346,True,1.0
2015-01-28,-0.0008697603950395601,0.0008697603950395601,0.0012973300033697452,True,-1.0
2015-01-29,-0.0014358732562224734,0.0014358732562224734,0.005712476478683368,True,-1.0
2015-01-30,0.004942836454204258,0.004942836454204258,-0.020863351366043465,True,1.0
2015-02-02,-0.0007265822453630771,0.0007265822453630771,-0.00057933648111332,True,-1.0
2015-02-03,0.0029270010294678225,0.0029270010294678225,-0.007548390652874529,True,1.0
2015-02-04,0.0037229944058615946,0.0037229944058615946,-0.00744670331074467,True,1.0
2015-02-05,0.0010774572546120489,0.0010774572546120489,-0.0024503801650822446,True,1.0
2015-02-06,-0.0017046713735041808,0.0017046713735041808,-0.004116410688407058,True,-1.0
2015-02-09,-0.008849898775667598,0.008849898775667598,-0.006762357137185388,False,-1.0
2015-02-10,-0.005658928170966335,0.005658928170966335,0.010314834614091868,True,-1.0
2015-02-11,0.004407189364463365,0.004407189364463365,0.002801318852606859,False,1.0
2015-02-12,0.005743306493731704,0.005743306493731704,0.0039875311712278295,True,1.0
2015-02-13,0.003437987038355039,0.003437987038355039,0.007321397929417148,False,1.0
2015-02-16,0.0029413878399863723,0.0029413878399863723,-0.002496861230910567,True,1.0
2015-02-18,0.0002497568390472924,0.0002497568390472924,0.006531178505838451,True,1.0
2015-02-19,0.0015728987075254036,0.0015728987075254036,0.001379030881211067,True,1.0
2015-02-20,2.2505740885147495e-05,2.2505740885147495e-05,-0.0069586184728233375,True,1.0
2015-02-23,0.00263199613160246,0.00263199613160246,-0.011505153475185938,True,1.0
2015-02-24,0.002050290968201137,0.002050290968201137,-0.0012311528421708809,True,1.0
2015-02-25,0.004542379455195327,0.004542379455195327,-0.003936694246381896,True,1.0
2015-02-26,0.00134021500470501,0.00134021500470501,-0.010838408773778334,True,1.0
2015-02-27,0.005256930126440269,0.005256930126440269,0.013185131952001833,False,1.0
2015-03-02,0.012352170230995918,0.012352170230995918,0.000323926663003496,False,1.0
2015-03-03,0.000681006991933458,0.000681006991933458,0.00372653699221548,True,1.0
2015-03-04,0.01254971689592886,0.01254971689592886,-0.020473918203386232,True,1.0
2015-03-05,0.0007565016788164426,0.0007565016788164426,0.0009350694346471769,True,1.0
2015-03-09,-0.005213796467231686,0.005213796467231686,-0.015116198098135237,False,-1.0
2015-03-10,0.0014845690467353756,0.0014845690467353756,-0.006579457260754298,True,1.0
2015-03-11,0.0019169076953066194,0.0019169076953066194,-0.0032994191250179006,True,1.0
2015-03-12,0.004678210150493633,0.004678210150493633,0.004044276775206007,False,1.0
2015-03-13,0.007754079841328624,0.007754079841328624,-0.022195691908412557,True,1.0
2015-03-16,0.0010407331386776907,0.0010407331386776907,-0.00272615119704277,True,1.0
2015-03-17,0.006480741817118923,0.006480741817118923,0.003935988405012656,True,1.0
2015-03-18,0.0022469233405193237,0.0022469233405193237,-0.006519575593143097,True,1.0
2015-03-19,0.007316432589543803,0.007316432589543803,-0.013120802121829754,True,1.0
2015-03-20,-0.0007817340244984042,0.0007817340244984042,-0.006606474045752277,False,-1.0
2015-03-23,0.002409246767712607,0.002409246767712607,-0.004731324963084298,True,1.0
2015-03-24,-0.0016197809943717092,0.0016197809943717092,0.000691151013522286,True,-1.0
2015-03-25,0.003037615193722986,0.003037615193722986,-0.004446379838792946,True,1.0
2015-03-26,-0.006546819835616326,0.006546819835616326,-0.01566968555885457,False,-1.0
2015-03-27,0.006455123301962619,0.006455123301962619,-0.006503050187589328,True,1.0
2015-03-30,0.005940226145143401,0.005940226145143401,0.012078442490531966,False,1.0
2015-03-31,0.004156683760506847,0.004156683760506847,-0.004291900540776262,True,1.0
2015-04-01,-0.0008597108335296196,0.0008597108335296196,0.012087862881359464,True,-1.0
2015-04-06,0.0034415262410831273,0.0034415262410831273,0.0051185713383807615,True,1.0
2015-04-07,0.002834883033305675,0.002834883033305675,-0.0027808773246273395,True,1.0
2015-04-08,0.004462939101032042,0.004462939101032042,0.0017760988355612684,False,1.0
2015-04-09,0.00479663577685373,0.00479663577685373,0.0025238812363872964,True,1.0
2015-04-10,-0.0004499954889203768,0.0004499954889203768,0.0006838113668948487,True,-1.0
2015-04-13,0.0024373050706489254,0.0024373050706489254,0.0036640440821427557,True,1.0
2015-04-16,-0.008710685455342993,0.008710685455342993,-0.0057496086579350856,False,-1.0
2015-04-17,-0.0009935326163702275,0.0009935326163702275,-0.010582809567024218,False,-1.0
2015-04-20,0.0014873117229258657,0.0014873117229258657,-0.019805564484704868,True,1.0
2015-04-21,-0.0037878341259718405,0.0037878341259718405,-0.004556696231622659,True,-1.0
2015-04-22,0.0027036364924950015,0.0027036364924950015,0.0034879057336599235,True,1.0
2015-04-23,0.0057534667753628265,0.0057534667753628265,-0.009424216081754712,True,1.0
2015-04-24,0.0008811772379058773,0.0008811772379058773,-0.011950247210638892,True,1.0
2015-04-27,0.003046242399385931,0.003046242399385931,-0.01401468123200058,True,1.0
2015-04-28,0.00021305608142546884,0.00021305608142546884,0.00852649017446551,True,1.0
2015-04-29,-0.0013034427436344166,0.0013034427436344166,-0.004235728418184211,True,-1.0
2015-04-30,-0.0018507843077763281,0.0018507843077763281,-0.005228281354489634,False,-1.0
2015-05-04,0.005934095787752857,0.005934095787752857,0.01238150351981609,False,1.0
2015-05-05,0.0007741519285759578,0.0007741519285759578,-0.0016310785402906967,True,1.0
2015-05-06,-0.0009850321334913857,0.0009850321334913857,-0.026404975553644947,True,-1.0
2015-05-07,-0.0024700506360380388,0.0024700506360380388,-0.0024390485715612233,True,-1.0
2015-05-08,0.009209064712887127,0.009209064712887127,0.007378712414683638,False,1.0
2015-05-11,0.006311444218091925,0.006311444218091925,0.009953634843680937,False,1.0
2015-05-12,0.0001081517822287619,0.0001081517822287619,-0.023924645360332855,True,1.0
2015-05-13,0.006718339360131949,0.006718339360131949,0.006588041619464145,True,1.0
2015-05-14,-0.0003642788103688074,0.0003642788103688074,-0.001002131783888288,True,-1.0
2015-05-15,0.0019575896734829244,0.0019575896734829244,0.002675849812522228,True,1.0
2015-05-18,0.0027353703251501126,0.0027353703251501126,0.010706183286736622,False,1.0
2015-05-19,-0.0020839412321341897,0.0020839412321341897,0.0011309201660583944,True,-1.0
2015-05-20,0.00322748366705088,0.00322748366705088,0.0036460007209619095,False,1.0
2015-05-21,0.0013355889947466832,0.0013355889947466832,-0.0016005690912324383,True,1.0
2015-05-22,0.001365633535209595,0.001365633535209595,0.003136696746219982,True,1.0
2015-05-25,-0.0024589108822305333,0.0024589108822305333,-0.008046833426960375,False,-1.0
2015-05-26,0.0008183279322600878,0.0008183279322600878,-0.004506332950577922,True,1.0
2015-05-27,-0.004388784628222703,0.004388784628222703,0.0038360313600915357,True,-1.0
2015-05-28,0.0013318679310057964,0.0013318679310057964,-0.0031992756374709702,True,1.0
2015-05-29,0.0009736277647553793,0.0009736277647553793,0.012795665507596502,True,1.0
2015-06-01,-0.001944637240741088,0.001944637240741088,0.0019187253111170512,True,-1.0
2015-06-02,0.00111454616490744,0.00111454616490744,-0.024440898060905495,True,1.0
2015-06-03,-0.0004856461102959702,0.0004856461102959702,-0.011825166912237194,True,-1.0
2015-06-04,0.0024646045465717644,0.0024646045465717644,-0.0030042366226718676,True,1.0
2015-06-05,-0.0014144010796338677,0.0014144010796338677,-0.0005480508532014547,True,-1.0
2015-06-08,0.0011891877840815755,0.0011891877840815755,-0.009871582877212114,True,1.0
2015-06-09,-0.002194128970496623,0.002194128970496623,-0.0005108201153989909,True,-1.0
2015-06-10,0.00021813921286680514,0.00021813921286680514,0.012499802993392931,False,1.0
2015-06-11,0.004043302449432576,0.004043302449432576,-0.023531034978136793,True,1.0
2015-06-12,-0.0006904906793259894,0.0006904906793259894,0.002895758639259668,True,-1.0
2015-06-15,0.0004635151834252157,0.0004635151834252157,0.0034182010309382347,True,1.0
2015-06-16,-0.0012103603924991898,0.0012103603924991898,0.005384624112755254,True,-1.0
2015-06-17,0.004585437540615271,0.004585437540615271,0.0009091325298032029,False,1.0
2015-06-18,0.002737471950326265,0.002737471950326265,0.007505811267087918,False,1.0
2015-06-19,0.003247901139085968,0.003247901139085968,0.002902008078611304,False,1.0
2015-06-22,0.004176269589398397,0.004176269589398397,0.011356871273066595,False,1.0
2015-06-23,0.0029151556998279317,0.0029151556998279317,0.0004893624288323297,True,1.0
2015-06-24,0.0021297476425561307,0.0021297476425561307,-0.004589706342970445,True,1.0
2015-06-25,-0.0029422379930643078,0.0029422379930643078,0.007407407407407408,True,-1.0
2015-06-26,-0.000482234423374613,0.000482234423374613,-0.001530934260805628,True,-1.0
2015-06-29,-0.015994297996118966,0.015994297996118966,0.008651649696227783,False,-1.0
2015-06-30,-0.0002465355301136106,0.0002465355301136106,0.006270827114604585,True,-1.0
2015-07-01,0.0009260918922148533,0.0009260918922148533,0.0091687574615729,False,1.0
2015-07-02,0.002235925619948329,0.002235925619948329,-0.003192866348820908,True,1.0
2015-07-03,-0.0005684828746268609,0.0005684828746268609,0.00530808679085217,True,-1.0
2015-07-06,-0.011638321660099777,0.011638321660099777,0.016217214534100938,True,-1.0
2015-07-07,0.0003930474377317748,0.0003930474377317748,-0.0017242619567767287,True,1.0
2015-07-08,-0.00841279445153498,0.00841279445153498,-0.009023413221942198,False,-1.0
2015-07-09,0.0002152091317800364,0.0002152091317800364,-0.004339564532853835,True,1.0
2015-07-10,0.004460607368174817,0.004460607368174817,-0.0006156556540103942,True,1.0
2015-07-13,0.004389686823218652,0.004389686823218652,0.007431050716008217,True,1.0
2015-07-14,0.001294287381205959,0.001294287381205959,-0.0019479140510594204,True,1.0
2015-07-15,0.0011001504216588706,0.0011001504216588706,0.007136542202281377,False,1.0
2015-07-16,0.0026221387702241345,0.0026221387702241345,0.007242958669485005,False,1.0
2015-07-17,0.0018123252410789637,0.0018123252410789637,-0.001600340995386733,True,1.0
2015-07-20,0.00163194270370304,0.00163194270370304,-0.0023713394619830383,True,1.0
2015-07-21,-0.00022667595769457042,0.00022667595769457042,-0.00837642326193106,True,-1.0
2015-07-22,-0.0020165655368915396,0.0020165655368915396,0.014244177508884254,True,-1.0
2015-07-23,0.001210423966236173,0.001210423966236173,-0.006264542182851197,True,1.0
2015-07-24,-0.00019202008195812735,0.00019202008195812735,-0.007754939411657551,False,-1.0
2015-07-27,-0.00345596704678064,0.00345596704678064,-0.015437832268273246,False,-1.0
2015-07-28,0.0012079427550532233,0.0012079427550532233,-0.004073492249072154,True,1.0
2015-07-29,0.003430443729758906,0.003430443729758906,0.0011296494876361924,False,1.0
2015-07-30,0.005008948757417604,0.005008948757417604,0.000570251240049899,False,1.0
2015-07-31,0.0040727404453866295,0.0040727404453866295,0.00907628854264084,False,1.0
2015-08-03,-0.0026016184236517925,0.0026016184236517925,0.00380692574308891,True,-1.0
2015-08-04,0.002463968391703645,0.002463968391703645,-0.005511287923173112,True,1.0
2015-08-05,0.0035869627782811426,0.0035869627782811426,0.002398376069069392,False,1.0
2015-08-06,0.002083299852135633,0.002083299852135633,0.00033201169400009714,True,1.0
2015-08-07,-0.0009140651418375768,0.0009140651418375768,-0.0018879586613418243,True,-1.0
2015-08-10,0.0014478657719651318,0.0014478657719651318,-0.005992816908592748,True,1.0
2015-08-11,0.00268023212260318,0.00268023212260318,-0.010072069669975129,True,1.0
2015-08-12,-0.00196746941819267,0.00196746941819267,-0.011396331597635955,False,-1.0
2015-08-13,0.0041918927811138386,0.0041918927811138386,-0.0034111462613839304,True,1.0
2015-08-14,0.005564963728862289,0.005564963728862289,0.013829488263955185,False,1.0
2015-08-17,0.0014028438626870702,0.0014028438626870702,-0.0062364685906453315,True,1.0
2015-08-18,0.003367794621550775,0.003367794621550775,-0.004620326774198363,True,1.0
2015-08-19,0.00017716779970626594,0.00017716779970626594,0.003200333791435477,True,1.0
2015-08-20,-0.0028369816694589307,0.0028369816694589307,-0.01160420573057017,True,-1.0
2015-08-21,-0.008043905452211042,0.008043905452211042,-0.000656223066458312,False,-1.0
2015-08-24,-0.029397766764649027,0.029397766764649027,-0.030654384563622603,False,-1.0
2015-08-25,0.011064144236618004,0.011064144236618004,-0.0018618065219073185,True,1.0
2015-08-26,-0.0019605104787122716,0.0019605104787122716,-0.009332176643304409,True,-1.0
2015-08-27,0.016652014396302126,0.016652014396302126,0.003452597621576735,False,1.0
2015-08-28,0.013177840774719047,0.013177840774719047,-0.00642561788308436,False,1.0
2015-08-31,0.0009122532019477186,0.0009122532019477186,-0.004738295759590474,True,1.0
2015-09-01,-0.007947211988908942,0.007947211988908942,-0.01544017028946715,False,-1.0
2015-09-02,0.009093394272876207,0.009093394272876207,-0.017774739116489136,True,1.0
2015-09-03,0.007444628134313853,0.007444628134313853,0.006244789466497895,False,1.0
2015-09-04,-0.002505445181675828,0.002505445181675828,-0.01901095670000112,False,-1.0
2015-09-07,0.00402352613694162,0.00402352613694162,-0.016530415159605204,True,1.0
2015-09-08,0.0038234099819759435,0.0038234099819759435,0.013251683922569485,True,1.0
2015-09-09,0.015296081378239521,0.015296081378239521,0.0016333903214242173,False,1.0
2015-09-10,-0.011453494468350431,0.011453494468350431,0.00764004560210458,True,-1.0
2015-09-11,0.0058678890176312535,0.0058678890176312535,-0.005680512791936883,True,1.0
2015-09-14,0.0027987487342098277,0.0027987487342098277,0.007828590285521787,True,1.0
2015-09-15,-0.0006224271769506812,0.0006224271769506812,-0.004861865752153955,True,-1.0
2015-09-16,0.007376326688847453,0.007376326688847453,0.001559533214807158,False,1.0
2015-09-18,0.008646537135405504,0.008646537135405504,0.0018135923886604542,False,1.0
2015-09-21,-0.008819943021720714,0.008819943021720714,0.008291739576091766,True,-1.0
2015-09-22,0.004725991471803964,0.004725991471803964,-0.025303165347797134,True,1.0
2015-09-23,-0.009555799071140554,0.009555799071140554,0.01403582573950563,True,-1.0
2015-09-24,-0.0009623172185391722,0.0009623172185391722,0.0038400819084581034,True,-1.0
2015-09-28,0.0030882385063862234,0.0030882385063862234,-0.012302302323357163,True,1.0
2015-09-29,-0.008979308881335702,0.008979308881335702,0.015221870691585019,True,-1.0
2015-09-30,0.010320935999937247,0.010320935999937247,0.00311069215935262,False,1.0
2015-10-01,0.0054284118398606526,0.0054284118398606526,-0.005148854592924927,True,1.0
2015-10-05,0.006816862993901229,0.006816862993901229,0.014265868713457516,False,1.0
2015-10-06,0.007531485731035102,0.007531485731035102,-0.0033678211236511974,True,1.0
2015-10-07,-0.0008217575478050461,0.0008217575478050461,0.003829970573176312,True,-1.0
2015-10-08,0.0023662897604780227,0.0023662897604780227,-0.008222759306279928,True,1.0
2015-10-09,0.00701163061195181,0.00701163061195181,0.00040922970753585683,False,1.0
2015-10-12,0.00510394809219326,0.00510394809219326,-0.01067847929827492,True,1.0
2015-10-13,-0.002658517373658967,0.002658517373658967,0.0012004506018304707,True,-1.0
2015-10-14,-0.003603218547781691,0.003603218547781691,0.0006788112246112459,True,-1.0
2015-10-15,0.003262274526212891,0.003262274526212891,0.005550523619183669,False,1.0
2015-10-16,0.001729982349165597,0.001729982349165597,0.005431034749898037,True,1.0
2015-10-19,0.0029617587571922075,0.0029617587571922075,0.0015128501849282065,False,1.0
2015-10-20,0.0006344372691299182,0.0006344372691299182,-0.0022522631429290176,True,1.0
2015-10-21,-0.00039953049256908745,0.00039953049256908745,-0.0008051746870768813,True,-1.0
2015-10-23,0.006853109462171681,0.006853109462171681,-0.0015406138100683055,False,1.0
2015-10-26,0.004604957466212712,0.004604957466212712,-0.008771736575334985,True,1.0
2015-10-27,-0.0036559546309330054,0.0036559546309330054,0.0003099238028837152,False,-1.0
2015-10-28,-0.005344469894395225,0.005344469894395225,-0.0021614267169371743,False,-1.0
2015-10-29,0.000520119431468349,0.000520119431468349,-0.007791643737126958,True,1.0
2015-10-30,0.0014546558618670448,0.0014546558618670448,-0.007108961154725333,True,1.0
2015-11-02,-0.0013947779851245475,0.0013947779851245475,-0.0004655753693170555,False,-1.0
2015-11-03,0.0044157467371193585,0.0044157467371193585,-0.0031719999794696464,True,1.0
2015-11-04,0.005483358264205539,0.005483358264205539,-0.00798278915357614,True,1.0
2015-11-05,-0.0012251060193740804,0.0012251060193740804,-0.00932710298217389,False,-1.0
2015-11-06,0.00013822088605971167,0.00013822088605971167,-0.0002827858877568316,True,1.0
2015-11-09,-0.020875477259437242,0.020875477259437242,0.01630022088562899,False,-1.0
2015-11-10,-0.004750365970341134,0.004750365970341134,-0.011964303700570094,False,-1.0
2015-11-13,-0.0026852065089611543,0.0026852065089611543,-2.5790221832391488e-05,False,-1.0
2015-11-16,-0.003774653571773648,0.003774653571773648,0.009524166131109254,True,-1.0
2015-11-17,0.005399264957405021,0.005399264957405021,-0.0014270037028189203,True,1.0
2015-11-18,-0.0018372964386315826,0.0018372964386315826,-0.011676894703101915,True,-1.0
2015-11-19,0.007333376024315166,0.007333376024315166,0.006965397701739744,False,1.0
2015-11-20,-0.0001083928030665264,0.0001083928030665264,0.00186815727389883,True,-1.0
2015-11-23,0.0016483310911837468,0.0016483310911837468,-0.002573225744964737,True,1.0
2015-11-24,-0.0015606586616555723,0.0015606586616555723,-0.0006890267122304453,True,-1.0
2015-11-26,0.0007086425019531935,0.0007086425019531935,0.005952406541286016,False,1.0
2015-11-27,0.0033994131805344992,0.0033994131805344992,0.004057858728791082,True,1.0
2015-11-30,-0.000812090995994873,0.000812090995994873,-0.00012600409513309182,True,-1.0
2015-12-01,0.002885845101761129,0.002885845101761129,-0.00040838637621576395,True,1.0
2015-12-02,0.002740486145190461,0.002740486145190461,-0.0056853205643732155,True,1.0
2015-12-03,-0.0036627172689469973,0.0036627172689469973,-0.004827696150065095,False,-1.0
2015-12-04,-0.005919241782716626,0.005919241782716626,-0.004566643837819623,False,-1.0
2015-12-07,0.004452627607470787,0.004452627607470787,-0.006543795360080218,True,1.0
2015-12-08,-0.003464071739000986,0.003464071739000986,-0.004755418322349292,True,-1.0
2015-12-09,-0.0008050424133977114,0.0008050424133977114,-0.010785524007536872,True,-1.0
2015-12-10,0.004045951354679803,0.004045951354679803,0.005233341753187374,True,1.0
2015-12-11,0.0021215224425845474,0.0021215224425845474,-0.0115785107295231,True,1.0
2015-12-14,-0.006865559679003262,0.006865559679003262,0.012152312323238535,True,-1.0
2015-12-15,0.001189547504733106,0.001189547504733106,0.005450996590003314,True,1.0
2015-12-16,0.0031619808028979972,0.0031619808028979972,0.003320268255881687,False,1.0
2015-12-17,0.004147892857451091,0.004147892857451091,0.007876127547305512,True,1.0
2015-12-18,-0.0019695953291422115,0.0019695953291422115,-0.0085516110649476,False,-1.0
2015-12-21,-0.0021000254521851827,0.0021000254521851827,0.01146453739690455,True,-1.0
2015-12-22,-0.00064462634171466,0.00064462634171466,-0.005530411682578392,True,-1.0
2015-12-23,0.0056960605566322145,0.0056960605566322145,0.00453358352515302,False,1.0
2015-12-24,0.00289854424721465,0.00289854424721465,-0.003511354183172239,True,1.0
2015-12-28,0.00027355005736227927,0.00027355005736227927,0.007878434415059171,False,1.0
2015-12-29,0.0005110683102097771,0.0005110683102097771,-3.152903115597867e-05,True,1.0
2015-12-30,0.001217046658895008,0.001217046658895008,-0.005334706010541231,True,1.0
2015-12-31,0.00019627097514643025,0.00019627097514643025,0.0061473187684416165,True,1.0
2016-01-04,-0.002743434746875792,0.002743434746875792,-0.016814835326188556,False,-1.0
2016-01-05,0.004761734060590169,0.004761734060590169,-0.00558862609802313,True,1.0
2016-01-06,0.00043674441193898523,0.00043674441193898523,-0.006041281947013422,True,1.0
2016-01-07,-0.008739168368912285,0.008739168368912285,-0.013690277601283512,False,-1.0
2016-01-08,0.005727851535347568,0.005727851535347568,-0.0013531632194918113,False,1.0
2016-01-11,-0.00972194431177901,0.00972194431177901,0.0048356218107450215,True,-1.0
2016-01-12,0.0030870650997545956,0.0030870650997545956,-0.010135542577683709,True,1.0
2016-01-13,0.006337975699257803,0.006337975699257803,0.0005954034927883238,True,1.0
2016-01-14,-0.012562149744363222,0.012562149744363222,0.009293717123944018,True,-1.0
2016-01-15,0.003297168334071249,0.003297168334071249,-0.01637871354211498,True,1.0
2016-01-18,-0.0023460845262671267,0.0023460845262671267,-0.009345933378285551,True,-1.0
2016-01-19,0.004189879565705346,0.004189879565705346,0.007220501013168076,False,1.0
2016-01-20,-0.010504242932905411,0.010504242932905411,-0.006483647589030855,True,-1.0
2016-01-21,0.009214302252735338,0.009214302252735338,-0.013535968085529594,True,1.0
2016-01-22,0.010842732072163741,0.010842732072163741,0.009074594970922981,False,1.0
2016-01-25,0.006237806043715823,0.006237806043715823,-0.0043648666317991636,True,1.0
2016-01-27,0.0044983218132755845,0.0044983218132755845,-0.0042639628949137,True,1.0
2016-01-28,-0.0015125541998588282,0.0015125541998588282,-0.0002491210740254494,True,-1.0
2016-01-29,-0.0015219309780428805,0.0015219309780428805,0.020260706030696705,True,-1.0
2016-02-01,0.00343095450980139,0.00343095450980139,-0.004420555331378879,True,1.0
2016-02-02,0.001416063731850403,0.001416063731850403,-0.014682864819982887,True,1.0
2016-02-03,-0.00846344146682886,0.00846344146682886,-0.004146174788493698,False,-1.0
2016-02-04,0.006744327738087358,0.006744327738087358,-0.0010052277376446522,False,1.0
2016-02-05,0.0019246353322528362,0.0019246353322528362,0.00955078322464867,False,1.0
2016-02-08,8.012947462643789e-05,8.012947462643789e-05,-0.013678811252901608,True,1.0
2016-02-09,-0.011276158880165149,0.011276158880165149,-0.0007872452366515604,False,-1.0
2016-02-10,-0.0046450343533702455,0.0046450343533702455,-0.006690198736516862,False,-1.0
2016-02-11,-0.0016769124726260837,0.0016769124726260837,-0.031546726209015635,False,-1.0
2016-02-12,0.006780021648195476,0.006780021648195476,-0.006079418482547281,True,1.0
2016-02-15,0.010944054921785613,0.010944054921785613,0.014963137182512718,False,1.0
2016-02-16,0.005346931591478012,0.005346931591478012,-0.021246311404270093,True,1.0
2016-02-17,0.0015039332680097898,0.0015039332680097898,0.007026654054138183,True,1.0
2016-02-18,0.009699682087766087,0.009699682087766087,0.001999344867430897,False,1.0
2016-02-19,-0.002947849315187541,0.002947849315187541,0.005606291903337803,True,-1.0
2016-02-22,-0.0002634819323579378,0.0002634819323579378,0.0035650217001468127,True,-1.0
2016-02-23,0.0007947972099486257,0.0007947972099486257,-0.01805864446598608,True,1.0
2016-02-24,-0.004859633259017395,0.004859633259017395,-0.007957569567137808,False,-1.0
2016-02-25,0.0015885993180327833,0.0015885993180327833,-0.008428344726689681,True,1.0
2016-02-26,0.00985563740119723,0.00985563740119723,-0.001356641278602844,False,1.0
2016-02-29,0.002944655971051602,0.002944655971051602,-0.008992388977820428,True,1.0
2016-03-01,0.00732787038073646,0.00732787038073646,0.026149938505665472,False,1.0
2016-03-02,0.013762983165069666,0.013762983165069666,0.006439747747925587,False,1.0
2016-03-03,0.008237337742907304,0.008237337742907304,0.00619826156084123,False,1.0
2016-03-04,0.003986275924101777,0.003986275924101777,-0.0026713839300206966,True,1.0
2016-03-08,0.00014024790741968182,0.00014024790741968182,-0.00014694615176856835,True,1.0
2016-03-09,-0.006572843882677858,0.006572843882677858,0.012869609845813285,True,-1.0
2016-03-10,0.0017990776866263524,0.0017990776866263524,-0.007845917624271519,True,1.0
2016-03-11,-0.00017362792683233067,0.00017362792683233067,0.0033868544226674548,True,-1.0
2016-03-14,0.0043141196640766565,0.0043141196640766565,-0.0005104470085118739,False,1.0
2016-03-15,-0.0003846662037804676,0.0003846662037804676,-0.009985602025629963,True,-1.0
2016-03-16,-0.0004758723054818775,0.0004758723054818775,0.005592049993589592,True,-1.0
2016-03-17,0.007821290527587932,0.007821290527587932,-0.005934593674517713,True,1.0
2016-03-18,0.002941757223687291,0.002941757223687291,0.009250621623550002,False,1.0
2016-03-21,0.0019528424474863375,0.0019528424474863375,0.011162563327818124,False,1.0
2016-03-22,-0.001129272195541422,0.001129272195541422,0.0025144529172514097,True,-1.0
2016-03-23,0.0003305672142259724,0.0003305672142259724,-0.00012312296010373204,True,1.0
2016-03-28,0.003175014579148578,0.003175014579148578,-0.01626403595707919,True,1.0
2016-03-29,-0.0011228076924926543,0.0011228076924926543,-0.0012554712626235587,True,-1.0
2016-03-30,0.007121244919869685,0.007121244919869685,0.010991896143407176,False,1.0
2016-03-31,-0.0009760953534629197,0.0009760953534629197,0.0013911085693387312,True,-1.0
2016-04-01,-0.0026297552353279794,0.0026297552353279794,-0.0006478320465052308,True,-1.0
2016-04-04,0.002605985720983474,0.002605985720983474,0.003316876391595108,True,1.0
2016-04-05,-0.0028999330523268,0.0028999330523268,-0.01720455679527229,False,-1.0
2016-04-06,0.004320497755044295,0.004320497755044295,-0.0028417450889240297,True,1.0
2016-04-07,0.0021078364511293276,0.0021078364511293276,-0.011002006199631037,True,1.0
2016-04-08,-0.0005433147440364461,0.0005433147440364461,0.0017037259593986637,True,-1.0
2016-04-11,0.0029912654583291592,0.0029912654583291592,0.012351883141377073,True,1.0
2016-04-12,-0.00028024902509555865,0.00028024902509555865,0.0051765420754963,True,-1.0
2016-04-13,0.008846821590924207,0.008846821590924207,0.00942508423897808,False,1.0
2016-04-18,0.007349859638075593,0.007349859638075593,0.000828296510516155,True,1.0
2016-04-20,0.004466323234319841,0.004466323234319841,-0.0044401991880210065,True,1.0
2016-04-21,0.004914861788906788,0.004914861788906788,-0.005230315410789133,True,1.0
2016-04-22,-0.0025593873269102617,0.0025593873269102617,0.0009503535550338235,True,-1.0
2016-04-25,-0.0005696707444031518,0.0005696707444031518,-0.005034959844884049,True,-1.0
2016-04-26,-0.0034245361916989355,0.0034245361916989355,0.01718158206956802,True,-1.0
2016-04-27,-0.0025933455064590803,0.0025933455064590803,0.004772085412207252,True,-1.0
2016-04-28,-0.0015664356887896134,0.0015664356887896134,-0.015080189750285512,True,-1.0
2016-04-29,-0.0003822995316830737,0.0003822995316830737,0.0007074997211333142,True,-1.0
2016-05-02,-0.0034522675799728672,0.0034522675799728672,-0.002147633496016763,False,-1.0
2016-05-03,0.002421232987893585,0.002421232987893585,-0.009942721427951868,True,1.0
2016-05-04,-0.0029495414555634437,0.0029495414555634437,-0.0022785805400940724,True,-1.0
2016-05-05,0.003172651307285161,0.003172651307285161,0.0005820721769499418,False,1.0
2016-05-06,-0.0023075557696658265,0.0023075557696658265,0.0020472933041380454,True,-1.0
2016-05-09,0.002818897663647408,0.002818897663647408,0.014287070653750684,False,1.0
2016-05-10,0.000953464596109045,0.000953464596109045,0.0018098570979402828,True,1.0
2016-05-11,-0.01054158376260213,0.01054158376260213,0.005663315570276458,True,-1.0
2016-05-12,0.0028794151213307833,0.0028794151213307833,0.0036778111164941043,False,1.0
2016-05-13,-0.002455559539206969,0.002455559539206969,-0.008387272891289177,False,-1.0
2016-05-16,0.0020857967693049292,0.0020857967693049292,0.0037733430317855423,True,1.0
2016-05-17,0.0045924495316922685,0.0045924495316922685,-0.0007724722618275966,False,1.0
2016-05-18,-0.005576149288724139,0.005576149288724139,0.0029821139126071303,False,-1.0
2016-05-19,0.0006797961566979465,0.0006797961566979465,-0.01169450798758809,True,1.0
2016-05-20,0.0011306489553620444,0.0011306489553620444,-0.005454171984129262,True,1.0
2016-05-23,0.008290643299835313,0.008290643299835313,-0.01060928065227892,True,1.0
2016-05-24,0.0009054397755600735,0.0009054397755600735,0.001395738363199404,True,1.0
2016-05-25,0.008123748199786448,0.008123748199786448,0.01575822483090047,False,1.0
2016-05-26,0.004984346804055831,0.004984346804055831,0.011938090363547546,False,1.0
2016-05-27,0.001524265998848042,0.001524265998848042,0.009242782401031813,False,1.0
2016-05-30,0.0012076155988280986,0.0012076155988280986,0.0014694177432192494,True,1.0
2016-05-31,0.003833173488414746,0.003833173488414746,-0.0060597348411766255,True,1.0
2016-06-01,0.002340669529499515,0.002340669529499515,9.16960072000469e-05,False,1.0
2016-06-02,-0.002817901383062077,0.002817901383062077,0.007607092610137447,True,-1.0
2016-06-03,0.0033155085932436296,0.0033155085932436296,-0.003080253937982089,True,1.0
2016-06-06,0.0009670829482998478,0.0009670829482998478,-0.0033662701276013975,True,1.0
2016-06-07,0.0042067785005135225,0.0042067785005135225,0.0037520737968717226,False,1.0
2016-06-08,0.002304472202385277,0.002304472202385277,-0.0015026486406976042,True,1.0
2016-06-09,3.6238714207924993e-05,3.6238714207924993e-05,-0.008430684461945417,True,1.0
2016-06-10,-0.0028462638947318046,0.0028462638947318046,-0.001246929533021607,True,-1.0
2016-06-13,-0.008298579116200785,0.008298579116200785,0.001030589978863896,False,-1.0
2016-06-14,0.0029344073682510273,0.0029344073682510273,-0.0031409575376468006,True,1.0
2016-06-15,0.0037674644764157123,0.0037674644764157123,0.008256100921137904,False,1.0
2016-06-16,-0.003162053501623955,0.003162053501623955,-0.004877351166478682,False,-1.0
2016-06-17,0.00440990109556859,0.00440990109556859,-0.0007887957914648223,True,1.0
2016-06-20,-0.006664487284380104,0.006664487284380104,0.015124911437636694,True,-1.0
2016-06-21,0.0020513917126904167,0.0020513917126904167,-0.004300215412969493,True,1.0
2016-06-22,-0.0007603498464687333,0.0007603498464687333,-0.0012114218209064607,True,-1.0
2016-06-23,-0.0003108115395241929,0.0003108115395241929,0.008450010228652658,True,-1.0
2016-06-24,-0.029182220067420474,0.029182220067420474,0.00741054405553724,False,-1.0
2016-06-27,-0.006088816285313779,0.006088816285313779,0.006884897035692783,True,-1.0
2016-06-28,0.0001667275306603122,0.0001667275306603122,0.003927877636120528,True,1.0
2016-06-29,0.005567277872539542,0.005567277872539542,0.003780683213779674,False,1.0
2016-06-30,0.006856411506582155,0.006856411506582155,0.0033291970582004175,False,1.0
2016-07-01,0.003052674693071099,0.003052674693071099,0.001840456276211994,False,1.0
2016-07-04,0.005811522437832939,0.005811522437832939,-0.0007222138284537559,False,1.0
2016-07-05,0.0010273464793083482,0.0010273464793083482,-0.005173416679845924,True,1.0
2016-07-07,0.0007257486604108968,0.0007257486604108968,-0.0004914420252936946,True,1.0
2016-07-08,0.0014511578224902523,0.0014511578224902523,-0.0032095574476047905,True,1.0
2016-07-11,0.010831100051308483,0.010831100051308483,0.0064838362581787915,False,1.0
2016-07-12,0.004097735819898906,0.004097735819898906,0.002169947564290425,False,1.0
2016-07-13,0.0022767606186655178,0.0022767606186655178,-0.0024530551473736944,True,1.0
2016-07-14,-0.0004401666764481484,0.0004401666764481484,0.005783401344567419,True,-1.0
2016-07-15,5.256220811441915e-05,5.256220811441915e-05,-0.00280776890170483,True,1.0
2016-07-18,0.0026517213836925253,0.0026517213836925253,-0.006463018155815092,True,1.0
2016-07-19,0.0006581039696386133,0.0006581039696386133,0.0016736549483675385,True,1.0
2016-07-20,-0.001535971492808793,0.001535971492808793,0.005918584796637454,True,-1.0
2016-07-21,0.0019671820900354904,0.0019671820900354904,-0.008458944654405068,True,1.0
2016-07-22,0.0011222878330917011,0.0011222878330917011,0.002529423591279443,True,1.0
2016-07-25,-0.0024879407476787892,0.0024879407476787892,0.013579914513603126,True,-1.0
2016-07-26,-0.00022006340449621424,0.00022006340449621424,-0.004991991819892862,True,-1.0
2016-07-27,0.0010185491903557033,0.0010185491903557033,0.0019070415747100826,True,1.0
2016-07-28,0.0024548377520904035,0.0024548377520904035,0.0033981450293564044,False,1.0
2016-07-29,0.00023077899969698988,0.00023077899969698988,-0.00343779118846182,True,1.0
2016-08-01,0.0018289986325750998,0.0018289986325750998,-0.0020510035936571,True,1.0
2016-08-02,0.0012621232866721612,0.0012621232866721612,-0.0028389645656250956,True,1.0
2016-08-03,0.0014264115471950259,0.0014264115471950259,-0.010463056315306456,True,1.0
2016-08-04,0.006448397392160802,0.006448397392160802,-0.005680333586597579,True,1.0
2016-08-05,0.005742020112088107,0.005742020112088107,0.009645147023171813,False,1.0
2016-08-08,0.0034203275785785734,0.0034203275785785734,-0.0001721595192445425,False,1.0
2016-08-09,0.0018883635774181984,0.0018883635774181984,-0.005677238914312395,True,1.0
2016-08-10,0.0009737211203295596,0.0009737211203295596,-0.012824247196318996,True,1.0
2016-08-11,-0.0002915349966695543,0.0002915349966695543,0.0022572072576475355,True,-1.0
2016-08-16,0.0090896464591932,0.0090896464591932,-0.0031948554323693087,False,1.0
2016-08-17,-0.00031819313306224393,0.00031819313306224393,-0.0018229589059985951,True,-1.0
2016-08-18,0.002875656478006465,0.002875656478006465,0.0028212296116874288,False,1.0
2016-08-19,0.002426980046407056,0.002426980046407056,-0.003151422734206578,True,1.0
2016-08-22,1.1493079475996703e-05,1.1493079475996703e-05,-0.004367094655013269,True,1.0
2016-08-23,-9.279954731928137e-05,9.279954731928137e-05,0.0004925623314315206,True,-1.0
2016-08-24,0.001841900626056163,0.001841900626056163,0.00020810599381395617,True,1.0
2016-08-25,0.0021444117667977322,0.0021444117667977322,-0.00884193607184128,True,1.0
2016-08-26,0.0025778512556753133,0.0025778512556753133,-0.004852345978854777,True,1.0
2016-08-29,0.0013065185467194013,0.0013065185467194013,0.00276105377166157,True,1.0
2016-08-30,0.004565789379635579,0.004565789379635579,0.011287432778211468,False,1.0
2016-08-31,0.0011093100968996273,0.0011093100968996273,0.0036726305358446266,False,1.0
2016-09-01,0.0008421631533558318,0.0008421631533558318,-0.0021548875991349355,True,1.0
2016-09-02,0.002472943967452407,0.002472943967452407,0.001512079651293561,True,1.0
2016-09-06,0.004886664371302689,0.004886664371302689,0.010200255593803312,False,1.0
2016-09-07,0.002873777849994409,0.002873777849994409,-0.0056585680081629374,True,1.0
2016-09-08,-0.0002747487100553538,0.0002747487100553538,0.004150075710840671,True,-1.0
2016-09-09,-0.0020329735060039093,0.0020329735060039093,-0.007566301876229065,False,-1.0
2016-09-12,-0.015084529425130302,0.015084529425130302,-0.0019867954756930943,False,-1.0
2016-09-14,-0.000567857516616107,0.000567857516616107,0.0018310020532066864,True,-1.0
2016-09-15,0.001976714960254198,0.001976714960254198,-0.00014865359602095313,True,1.0
2016-09-16,0.0043808506148818,0.0043808506148818,-0.00011388419623225703,False,1.0
2016-09-19,0.0009795823755701255,0.0009795823755701255,0.0022700470354990285,True,1.0
2016-09-20,0.0008740768367199192,0.0008740768367199192,-0.004559750970514482,True,1.0
2016-09-21,0.0016407905082745026,0.0016407905082745026,-0.0014959005215599093,True,1.0
2016-09-22,0.010960188041525614,0.010960188041525614,-0.0006648463457663232,False,1.0
2016-09-23,0.0014998454340945187,0.0014998454340945187,-0.00554009462179433,True,1.0
2016-09-26,-0.002677832836310073,0.002677832836310073,-0.009633463387916343,False,-1.0
2016-09-27,0.002963480263933457,0.002963480263933457,-0.004857753329268835,True,1.0
2016-09-28,0.0005512961123024391,0.0005512961123024391,0.003897303993859378,True,1.0
2016-09-29,0.005437276955062371,0.005437276955062371,-0.02291107291704267,True,1.0
2016-09-30,-0.0011348756001745963,0.0011348756001745963,0.003455152435471654,True,-1.0
2016-10-03,0.006387067639636018,0.006387067639636018,0.008302327504936254,False,1.0
2016-10-04,0.003650724076293942,0.003650724076293942,-9.687678164196124e-05,True,1.0
2016-10-05,0.004242055055843182,0.004242055055843182,-0.007085729823407338,True,1.0
2016-10-06,0.0028305284736489123,0.0028305284736489123,-0.006745628121328647,True,1.0
2016-10-07,0.0013950652901095566,0.0013950652901095566,-0.0027632898858932255,True,1.0
2016-10-10,0.004340277972707538,0.004340277972707538,-0.003039352272633264,False,1.0
2016-10-13,-0.00428300173663694,0.00428300173663694,-0.01131873270195468,False,-1.0
2016-10-14,0.0024086724052893743,0.0024086724052893743,-0.0012333732109611358,True,1.0
2016-10-17,0.003442668795897605,0.003442668795897605,-0.010745424342273473,True,1.0
2016-10-18,0.004184006904385041,0.004184006904385041,0.014241453558480128,False,1.0
2016-10-19,0.0022585658388259507,0.0022585658388259507,-0.004415106711698764,True,1.0
2016-10-20,0.00395537660323463,0.00395537660323463,0.0006960241474097365,False,1.0
2016-10-21,0.0010574543459240747,0.0010574543459240747,-0.0017855689071708258,True,1.0
2016-10-24,0.0019325558998225393,0.0019325558998225393,-0.00010326401750173733,True,1.0
2016-10-25,0.0014640111280992917,0.0014640111280992917,-0.0034856037176488556,True,1.0
2016-10-26,-0.0039119580228566845,0.0039119580228566845,-0.004857150108713125,False,-1.0
2016-10-27,-0.0009460422651693219,0.0009460422651693219,0.0009469381086425972,True,-1.0
2016-10-28,0.0011317141116044223,0.0011317141116044223,0.0015072463768115941,True,1.0
2016-11-01,0.001753923434244038,0.001753923434244038,-0.0031087395238322026,True,1.0
2016-11-02,-0.00967398293725547,0.00967398293725547,-0.0033712372226839876,False,-1.0
2016-11-03,-0.0016620144027484143,0.0016620144027484143,-0.0017529032567901591,True,-1.0
2016-11-04,0.0021979403099858905,0.0021979403099858905,-0.008214122557933301,True,1.0
2016-11-07,0.012094264117385504,0.012094264117385504,-0.004533895124915795,False,1.0
2016-11-08,0.005054718555233842,0.005054718555233842,0.00041566799619437936,True,1.0
2016-11-09,-0.05572037567175072,0.05572037567175072,0.04518128292531763,False,-1.0
2016-11-10,0.01465839769627609,0.01465839769627609,-0.003488897416645303,False,1.0
2016-11-11,-0.008104812992991818,0.008104812992991818,-0.0189614774799327,False,-1.0
2016-11-15,-0.0013801568870534927,0.0013801568870534927,-0.02129180641527751,False,-1.0
2016-11-16,0.011987518326090416,0.011987518326090416,-0.011461650020600801,True,1.0
2016-11-17,-0.0008013215545325142,0.0008013215545325142,-0.0031029724544700678,True,-1.0
2016-11-18,0.0021781829033067843,0.0021781829033067843,-0.0028959015500806752,True,1.0
2016-11-21,0.003467878730922328,0.003467878730922328,-0.02135248860354674,True,1.0
2016-11-22,0.0075733442569668186,0.0075733442569668186,0.0016459701600907823,False,1.0
2016-11-23,0.006110792124578444,0.006110792124578444,-0.002223319528860034,True,1.0
2016-11-24,-0.0026763597180145776,0.0026763597180145776,-0.005778951773159779,False,-1.0
2016-11-25,0.005329256834159814,0.005329256834159814,0.01328050334744244,False,1.0
2016-11-28,-0.004146987805936256,0.004146987805936256,0.005723549536106673,True,-1.0
2016-11-29,0.0005721618820983627,0.0005721618820983627,0.0013035765519310335,False,1.0
2016-11-30,0.0036845305428931468,0.0036845305428931468,0.006405915001783819,True,1.0
2016-12-01,0.0023709648002918113,0.0023709648002918113,-0.0061983999727074236,True,1.0
2016-12-02,-0.004803010418938844,0.004803010418938844,-0.00818661829496954,False,-1.0
2016-12-05,0.0002411578571995281,0.0002411578571995281,0.004945139854736517,True,1.0
2016-12-06,0.0030016795133015533,0.0030016795133015533,-0.0012265198260521795,False,1.0
2016-12-07,0.003100765711402731,0.003100765711402731,-0.008122777832805694,True,1.0
2016-12-08,0.006177485225997134,0.006177485225997134,0.011622712010858495,False,1.0
2016-12-09,0.0030133429266431524,0.0030133429266431524,-0.0012029202071587035,True,1.0
2016-12-12,-0.0037642883620298364,0.0037642883620298364,-0.0072716715079615,False,-1.0
2016-12-13,0.0031025831673120474,0.0031025831673120474,0.0031294464889075925,True,1.0
2016-12-14,0.0009182666650671335,0.0009182666650671335,-0.005699042608309103,True,1.0
2016-12-15,-0.006605636658774156,0.006605636658774156,0.003100265195519447,True,-1.0
2016-12-16,0.00301708415443643,0.00301708415443643,-0.004738206338139086,True,1.0
2016-12-19,-0.0016524697602113166,0.0016524697602113166,-0.002664275454559439,False,-1.0
2016-12-20,0.0007711907709672461,0.0007711907709672461,-0.0034769554623521773,True,1.0
2016-12-21,0.002901390131129229,0.002901390131129229,-0.005496066721198237,True,1.0
2016-12-22,-0.0021646269775382017,0.0021646269775382017,-0.008049627878926574,False,-1.0
2016-12-23,-0.0008271731868846572,0.0008271731868846572,0.0016619629978049544,True,-1.0
2016-12-26,-0.0025858438272861033,0.0025858438272861033,-0.00713739902314326,False,-1.0
2016-12-27,0.0008598368396927259,0.0008598368396927259,0.014883076654676964,True,1.0
2016-12-28,0.0018299491279613128,0.0018299491279613128,-0.0015780836825455536,True,1.0
2016-12-29,-0.0005289457735172579,0.0005289457735172579,0.009090229760202507,True,-1.0
2016-12-30,0.0019805770884649128,0.0019805770884649128,0.008146890954578686,False,1.0
2017-01-02,0.002968531513998792,0.002968531513998792,-0.0037270691990214985,True,1.0
2017-01-03,0.0020233271822849806,0.0020233271822849806,-0.0004636141529211802,True,1.0
2017-01-04,0.0012695401904238763,0.0012695401904238763,-0.0014812761785979523,True,1.0
2017-01-05,0.0044136976527684516,0.0044136976527684516,0.005731301541175367,False,1.0
2017-01-06,0.0009729271770558679,0.0009729271770558679,-0.004594360738503132,True,1.0
2017-01-09,0.0018862423950006936,0.0018862423950006936,-0.002821021725615407,True,1.0
2017-01-10,0.0032358219361218635,0.0032358219361218635,0.0031344976158269615,False,1.0
2017-01-11,0.004729411138180902,0.004729411138180902,0.006346284394078709,False,1.0
2017-01-12,0.0012408838906027254,0.0012408838906027254,0.0019247163347758814,False,1.0
2017-01-13,0.006000831922692754,0.006000831922692754,-0.0067750236299097735,True,1.0
2017-01-16,-0.0011189312944796987,0.0011189312944796987,0.0026039493581079785,True,-1.0
2017-01-17,0.0002674496068177362,0.0002674496068177362,-0.0020261085891616014,True,1.0
2017-01-18,0.0006965479131936176,0.0006965479131936176,0.0015648055636704812,True,1.0
2017-01-19,0.00016637645538790543,0.00016637645538790543,0.001983656986497908,True,1.0
2017-01-20,-0.003645481550191015,0.003645481550191015,-0.006544230375500781,False,-1.0
2017-01-23,-0.0023654537088522287,0.0023654537088522287,0.0074313764800088165,True,-1.0
2017-01-24,0.0018530423270571412,0.0018530423270571412,0.008177660605943743,False,1.0
2017-01-25,0.0027903432324959195,0.0027903432324959195,0.012153704335425189,False,1.0
2017-01-27,0.0009008747202929295,0.0009008747202929295,0.0035712211834388248,False,1.0
2017-01-30,-0.0006596493924490092,0.0006596493924490092,-0.0003242184633085233,True,-1.0
2017-01-31,-0.00038224258637166604,0.00038224258637166604,-0.00789741977559812,False,-1.0
2017-02-01,0.001057059663130245,0.001057059663130245,0.017041402965666284,True,1.0
2017-02-02,0.000957919439311266,0.000957919439311266,0.0010888564142239032,True,1.0
2017-02-03,0.00010308734293156253,0.00010308734293156253,0.0006639616295243915,True,1.0
2017-02-06,0.005090979699651414,0.005090979699651414,0.0017756186681615032,False,1.0
2017-02-07,0.0005283904452538343,0.0005283904452538343,-0.004247293207291929,True,1.0
2017-02-08,0.0007127949704295893,0.0007127949704295893,-0.0006268127849775057,True,1.0
2017-02-09,0.0030219921873216424,0.0030219921873216424,-0.0019497830656771897,True,1.0
2017-02-10,0.0038673582018720043,0.0038673582018720043,-0.0021333475770752295,True,1.0
2017-02-13,0.002985142585535496,0.002985142585535496,-0.0016723735602434818,True,1.0
2017-02-14,0.0016865987435521453,0.0016865987435521453,-0.003129353475107008,True,1.0
2017-02-15,-0.0015183296374724198,0.0015183296374724198,-0.0061795543650500105,True,-1.0
2017-02-16,0.0016390024146827216,0.0016390024146827216,0.004462753175420529,True,1.0
2017-02-17,0.012041489554853041,0.012041489554853041,-0.00697907388102926,False,1.0
2017-02-20,-0.0003571183054570356,0.0003571183054570356,0.006877592344351368,True,-1.0
2017-02-21,0.0013007708389768443,0.0013007708389768443,0.0019233033630458624,True,1.0
2017-02-22,0.002666187805304267,0.002666187805304267,-0.0005261340583457742,True,1.0
2017-02-23,0.003304618480002398,0.003304618480002398,-0.0018869623830897815,False,1.0
2017-02-27,0.00046984678253817326,0.00046984678253817326,-0.005255095650973773,True,1.0
2017-02-28,0.0002529027561460913,0.0002529027561460913,-0.0021744796310572538,True,1.0
2017-03-01,0.002793006705371666,0.002793006705371666,0.004649320812896889,False,1.0
2017-03-02,0.004141586610074408,0.004141586610074408,-0.00925091847115782,True,1.0
2017-03-03,-0.0018258939857861175,0.0018258939857861175,0.0015815618492148365,True,-1.0
2017-03-06,0.0019724311830493185,0.0019724311830493185,0.0054234487617676385,False,1.0
2017-03-07,0.001595346030368773,0.001595346030368773,-0.003436229497925427,True,1.0
2017-03-08,0.00042470626938929837,0.00042470626938929837,-0.0029495335615001314,True,1.0
2017-03-09,-0.0010981034817266718,0.0010981034817266718,0.001402209882775254,True,-1.0
2017-03-10,0.002990948281897614,0.002990948281897614,-0.002138824196394887,True,1.0
2017-03-14,0.017583492103326503,0.017583492103326503,-0.0005115012594187876,False,1.0
2017-03-15,-1.6550085286673268e-05,1.6550085286673268e-05,-0.0002255792464513988,True,-1.0
2017-03-16,0.0049368821439915896,0.0049368821439915896,0.0026342525352554703,False,1.0
2017-03-17,0.005910135597701109,0.005910135597701109,-0.005185820827217753,True,1.0
2017-03-20,0.0007533136579092444,0.0007533136579092444,-0.004374474070777143,True,1.0
2017-03-21,0.000777988708196348,0.000777988708196348,-0.0013630680095988899,True,1.0
2017-03-22,-0.008145568677026805,0.008145568677026805,-0.0018514014986292051,False,-1.0
2017-03-23,0.002026455413817465,0.002026455413817465,0.004149722855366763,False,1.0
2017-03-24,0.0019480091668743647,0.0019480091668743647,0.0004393673110720562,False,1.0
2017-03-27,-0.0015974752621321915,0.0015974752621321915,-0.0053060168542927695,False,-1.0
2017-03-28,0.004013156580692561,0.004013156580692561,0.002125178074932555,False,1.0
2017-03-29,0.0030657075448060614,0.0030657075448060614,0.0016540809810747762,False,1.0
2017-03-30,-0.00013125782914502667,0.00013125782914502667,0.003407169946834135,True,-1.0
2017-03-31,-0.0016187065676522686,0.0016187065676522686,0.0016213310268337429,True,-1.0
2017-04-03,0.00510692022073852,0.00510692022073852,0.001870811089385244,False,1.0
2017-04-05,0.0028741300597765773,0.0028741300597765773,8.095505034075962e-05,True,1.0
2017-04-06,-0.002088534467511721,0.002088534467511721,0.0017467813457102935,True,-1.0
2017-04-07,-0.00412979979306717,0.00412979979306717,-0.0027538178916427184,False,-1.0
2017-04-10,0.002967918557469488,0.002967918557469488,-0.004785533291260074,True,1.0
2017-04-11,0.00033759474909339217,0.00033759474909339217,0.0057106985565836986,True,1.0
2017-04-12,0.0005954314171267728,0.0005954314171267728,-0.004225026203678659,True,1.0
2017-04-13,-0.00010324338072519296,0.00010324338072519296,-0.005618059800325998,False,-1.0
2017-04-17,-0.0006611230511677226,0.0006611230511677226,-0.0005959917233932038,True,-1.0
2017-04-18,0.0025932178415182627,0.0025932178415182627,-0.00631339183400633,True,1.0
2017-04-19,0.0007742655953007365,0.0007742655953007365,-0.000954785356556977,True,1.0
2017-04-20,0.0005052572499588071,0.0005052572499588071,0.0031072103362670632,True,1.0
2017-04-21,0.004673527529924621,0.004673527529924621,-0.006503820776607183,True,1.0
2017-04-24,0.0017489328318555071,0.0017489328318555071,0.00904186369098918,False,1.0
2017-04-25,0.005977425371968183,0.005977425371968183,0.0036179903477430555,False,1.0
2017-04-26,0.0031806016353902082,0.0031806016353902082,0.0016762080648567526,True,1.0
2017-04-27,0.0007806777862083182,0.0007806777862083182,-0.0018164041916698753,True,1.0
2017-04-28,-0.00012847099033049344,0.00012847099033049344,-0.0039503893986628305,True,-1.0
2017-05-02,0.0038477658051081797,0.0038477658051081797,-0.0027891032272459888,True,1.0
2017-05-03,0.003317699679291827,0.003317699679291827,-0.003504660322481838,True,1.0
2017-05-04,0.005262055635205811,0.005262055635205811,-0.00011214723565409953,False,1.0
2017-05-05,0.001565124996113532,0.001565124996113532,-0.009520457180287512,True,1.0
2017-05-08,0.002816321623971527,0.002816321623971527,0.000279184157190539,False,1.0
2017-05-09,0.0025015761324116885,0.0025015761324116885,-0.0021954838211709817,True,1.0
2017-05-10,0.002447262991886969,0.002447262991886969,0.007243249076047371,False,1.0
2017-05-11,0.004390186934078682,0.004390186934078682,-0.0027728150025539086,False,1.0
2017-05-12,0.0015123534778015073,0.0015123534778015073,-0.0037884205221289584,True,1.0
2017-05-15,0.00347300925505598,0.00347300925505598,0.0012562170320669197,False,1.0
2017-05-16,0.0016515561786542515,0.0016515561786542515,0.005416974949793891,False,1.0
2017-05-17,0.0005623915871639202,0.0005623915871639202,0.0008563493905513449,True,1.0
2017-05-18,-0.007616177695981944,0.007616177695981944,-0.002512376709400142,False,-1.0
2017-05-19,0.004289772412458185,0.004289772412458185,-0.0044351047284065526,True,1.0
2017-05-22,0.0055526264816136445,0.0055526264816136445,-0.004430262915007516,True,1.0
2017-05-23,0.0007204518515084894,0.0007204518515084894,-0.006236008838541932,True,1.0
2017-05-24,0.002636863780141494,0.002636863780141494,-0.005350241087203357,True,1.0
2017-05-25,0.0025105362922412805,0.0025105362922412805,0.013395090385145922,False,1.0
2017-05-26,-0.00021031047083256658,0.00021031047083256658,0.009187200901895821,True,-1.0
2017-05-29,-0.0036528859641284175,0.0036528859641284175,0.004691459443601307,True,-1.0
2017-05-30,-0.0014836176764424247,0.0014836176764424247,0.0035346314047311296,True,-1.0
2017-05-31,0.001246811564542538,0.001246811564542538,-0.0015876849077309523,True,1.0
2017-06-01,-0.0018396980966610367,0.0018396980966610367,0.0013067881088485041,True,-1.0
2017-06-02,0.004268963812519003,0.004268963812519003,-0.0003779987343413165,False,1.0
2017-06-05,0.00029003000854612316,0.00029003000854612316,0.0019468952981735227,True,1.0
2017-06-06,0.0030129292515762617,0.0030129292515762617,-0.006914455972898473,True,1.0
2017-06-07,0.0027808847637752748,0.0027808847637752748,-5.1536573030102916e-06,True,1.0
2017-06-08,0.0019143409236654536,0.0019143409236654536,-0.0036303384705134094,True,1.0
2017-06-09,-0.0009018316424369639,0.0009018316424369639,0.003081396674223331,True,-1.0
2017-06-12,-0.0022289250575336797,0.0022289250575336797,-0.003140950177162467,False,-1.0
2017-06-13,-8.845159341838904e-05,8.845159341838904e-05,-0.0008995236089654991,True,-1.0
2017-06-14,0.0015248845586861494,0.0015248845586861494,-0.00035331252568519134,True,1.0
2017-06-15,-2.5992523494296775e-05,2.5992523494296775e-05,-0.004143376861788271,True,-1.0
2017-06-16,0.0018166945233970536,0.0018166945233970536,-0.0007712395431550659,True,1.0
2017-06-19,0.003999831740418243,0.003999831740418243,0.003235831961948718,False,1.0
2017-06-20,0.0013409400494330708,0.0013409400494330708,-0.0017579235820278166,True,1.0
2017-06-21,-0.0005594230719428186,0.0005594230719428186,-0.0015028866395523568,False,-1.0
2017-06-22,0.0009395014965322177,0.0009395014965322177,-0.0013119204899618942,True,1.0
2017-06-23,0.001375908618899273,0.001375908618899273,-0.0070826541557566175,True,1.0
2017-06-27,0.001994747647288064,0.001994747647288064,-0.008614653430516778,True,1.0
2017-06-28,0.0009251849702567047,0.0009251849702567047,-0.003040922955249862,True,1.0
2017-06-29,0.0033399389240089555,0.0033399389240089555,-0.001979490131826885,False,1.0
2017-06-30,-0.002693533362144913,0.002693533362144913,0.004473322849079496,True,-1.0
2017-07-03,0.007042380650628623,0.007042380650628623,0.002821229161236623,False,1.0
2017-07-04,0.0032137691757670307,0.0032137691757670307,-0.003379734873603403,True,1.0
2017-07-05,0.0006709657915125926,0.0006709657915125926,0.0018555169702954859,True,1.0
2017-07-06,0.0016601644235599868,0.0016601644235599868,0.0021701951769528974,False,1.0
2017-07-07,-0.00043414891620744225,0.00043414891620744225,-0.0004704901964546509,True,-1.0
2017-07-10,0.005534979109959921,0.005534979109959921,0.005324457629657808,True,1.0
2017-07-11,0.002701899095052698,0.002701899095052698,-0.001163607918155523,False,1.0
2017-07-12,0.002171458394767344,0.002171458394767344,0.0008972708964494022,False,1.0
2017-07-13,0.004044396134141078,0.004044396134141078,0.003642564919787177,False,1.0
2017-07-14,0.0021836093844853554,0.0021836093844853554,-0.0027185897575453745,True,1.0
2017-07-17,0.002205139622953129,0.002205139622953129,0.0007872109707660577,False,1.0
2017-07-18,-0.008395564556118304,0.008395564556118304,-0.000564423258846612,False,-1.0
2017-07-19,0.0029306364045242166,0.0029306364045242166,0.004428737280273566,False,1.0
2017-07-20,0.0020809514273679394,0.0020809514273679394,-0.004727766547207525,True,1.0
2017-07-21,0.002663729979617733,0.002663729979617733,0.0015809114754680538,True,1.0
2017-07-24,0.0021734000340384763,0.0021734000340384763,0.0029788852064360273,False,1.0
2017-07-25,0.004429825446710892,0.004429825446710892,-0.004595152204173663,True,1.0
2017-07-26,0.0019168538781867243,0.0019168538781867243,0.0037060592621256357,False,1.0
2017-07-27,0.004251182080442087,0.004251182080442087,-0.004243181408839093,True,1.0
2017-07-28,-0.0023950781611576915,0.0023950781611576915,0.0017956390617973955,True,-1.0
2017-07-31,0.0020170947438713865,0.0020170947438713865,0.00422527960350086,False,1.0
2017-08-01,0.0023766953033012078,0.0023766953033012078,0.0013464527153592,True,1.0
2017-08-02,0.0021404016180891694,0.0021404016180891694,-0.005406292803430893,True,1.0
2017-08-03,-3.467830927937311e-05,3.467830927937311e-05,-0.006695664421668766,False,-1.0
2017-08-04,-0.0005043896134748875,0.0005043896134748875,0.005775111754481449,True,-1.0
2017-08-07,0.0008344009513393197,0.0008344009513393197,-0.0017270233056546273,True,1.0
2017-08-08,0.0010886728503129207,0.0010886728503129207,-0.008919019320096333,True,1.0
2017-08-09,-0.0017436816374185448,0.0017436816374185448,-0.00533076842083179,False,-1.0
2017-08-10,-0.0035526865534978216,0.0035526865534978216,-0.00532770288783218,False,-1.0
2017-08-11,-0.011007826621012703,0.011007826621012703,-0.0001390614728128285,False,-1.0
2017-08-14,0.004628887034701518,0.004628887034701518,0.003936180265484458,False,1.0
2017-08-16,0.0032365460489908976,0.0032365460489908976,0.007271655699302402,True,1.0
2017-08-17,0.004875067033651756,0.004875067033651756,-0.004162606882023534,True,1.0
2017-08-18,-0.003856988616475298,0.003856988616475298,-0.0028937714180905304,False,-1.0
2017-08-21,0.002729339897620469,0.002729339897620469,-0.011141281965177281,True,1.0
2017-08-22,0.006294667823468977,0.006294667823468977,-0.005114249579757023,True,1.0
2017-08-23,0.0038400295682276754,0.0038400295682276754,0.00504436846672497,False,1.0
2017-08-24,0.0029129860758690686,0.0029129860758690686,-0.002444074621264793,True,1.0
2017-08-28,0.005082716119956579,0.005082716119956579,0.0005702360254716596,False,1.0
2017-08-29,-0.0026631642505295446,0.0026631642505295446,-0.00913887586660732,False,-1.0
2017-08-30,0.006477120530985714,0.006477120530985714,0.0025255226558141895,False,1.0
2017-08-31,0.0021548909236519904,0.0021548909236519904,0.0012316338140612496,True,1.0
2017-09-01,0.001991348896654467,0.001991348896654467,0.003698057242451323,True,1.0
2017-09-04,0.0009775023678780816,0.0009775023678780816,-0.007141396960221132,True,1.0
2017-09-05,0.0020579743896958235,0.0020579743896958235,0.0019077537877834545,True,1.0
2017-09-06,-0.005320451183994431,0.005320451183994431,0.0017122706581306664,False,-1.0
2017-09-07,0.0029899975271289515,0.0029899975271289515,-0.0016036054612133083,False,1.0
2017-09-08,0.002895295911240298,0.002895295911240298,-0.002394961666688567,True,1.0
2017-09-11,0.003719269239332425,0.003719269239332425,0.0034396976145109935,False,1.0
2017-09-12,0.005076909037940426,0.005076909037940426,0.0035995561948897158,False,1.0
2017-09-13,0.0006143034496491291,0.0006143034496491291,-0.0019754135517488923,True,1.0
2017-09-14,0.002787950203091636,0.002787950203091636,-0.002057975388933194,True,1.0
2017-09-15,-0.0024041798960137977,0.0024041798960137977,0.0022907951069920884,True,-1.0
2017-09-18,0.0047295314913168305,0.0047295314913168305,0.0019737297343348213,False,1.0
2017-09-19,0.002216072023879715,0.002216072023879715,-0.002756575117367738,True,1.0
2017-09-20,0.0013205543094560524,0.0013205543094560524,-0.001948617433105237,True,1.0
2017-09-21,-0.00015291965805315556,0.00015291965805315556,-0.0017455540092170337,True,-1.0
2017-09-22,-0.0027218980810676417,0.0027218980810676417,-0.012873461270779775,False,-1.0
2017-09-25,-0.00043161465631653934,0.00043161465631653934,-0.008785052703452898,False,-1.0
2017-09-26,0.00026845924375209086,0.00026845924375209086,-0.000379737221842485,True,1.0
2017-09-27,0.004973875234260244,0.004973875234260244,-0.01863290694650316,True,1.0
2017-09-28,6.680436792234804e-05,6.680436792234804e-05,0.003343104574750398,True,1.0
2017-09-29,0.0046422193243200694,0.0046422193243200694,-0.0026186478734045895,False,1.0
2017-10-03,0.010696136269811642,0.010696136269811642,-0.0034164338850305,False,1.0
2017-10-04,0.0025203721664384606,0.0025203721664384606,0.003090823620911135,True,1.0
2017-10-05,0.0012203460345845474,0.0012203460345845474,-0.00385814492671502,True,1.0
2017-10-06,0.0019669112146528515,0.0019669112146528515,0.00722130789972665,False,1.0
2017-10-09,0.0008517289932209065,0.0008517289932209065,5.504542127199507e-05,True,1.0
2017-10-10,0.0024978295895382303,0.0024978295895382303,0.0003245553528276544,False,1.0
2017-10-11,0.0025606011373105176,0.0025606011373105176,-0.00575546242364801,True,1.0
2017-10-12,0.0026440580824270486,0.0026440580824270486,0.008510487618896374,True,1.0
2017-10-13,0.0027039146261324185,0.0027039146261324185,0.0043215424356656896,False,1.0
2017-10-16,0.003929224588768405,0.003929224588768405,0.0022972762753126607,False,1.0
2017-10-17,-0.00031270313533574067,0.00031270313533574067,0.0006648452408710532,True,-1.0
2017-10-18,-0.002447596520521748,0.002447596520521748,0.00014194944801369295,True,-1.0
2017-10-19,-4.8967521717382804e-05,4.8967521717382804e-05,-0.006248542618846265,True,-1.0
2017-10-23,0.0029665833723690137,0.0029665833723690137,0.0008056893413134579,True,1.0
2017-10-24,0.0033088554671911385,0.0033088554671911385,-0.0010617562748505682,True,1.0
2017-10-25,0.011114177840430473,0.011114177840430473,-0.002499797045243677,False,1.0
2017-10-26,-0.00034479690561139655,0.00034479690561139655,0.005052566216485876,True,-1.0
2017-10-27,0.0017885110258626965,0.0017885110258626965,-0.0037877691960084797,True,1.0
2017-10-30,0.0029835954751971064,0.0029835954751971064,0.000946583311498535,False,1.0
2017-10-31,0.00012061387183909206,0.00012061387183909206,-0.0028558485679489576,True,1.0
2017-11-01,0.005326386822618591,0.005326386822618591,0.004826631683283335,False,1.0
2017-11-02,0.0,0.0,-0.0015995589591015756,False,0.0
2017-11-03,0.003621520050972595,0.003621520050972595,-0.0008650539218811595,True,1.0
2017-11-06,-0.0019851710117196842,0.0019851710117196842,0.0019219981966113067,True,-1.0
2017-11-07,0.0024254756512012967,0.0024254756512012967,-0.012121616590866172,True,1.0
2017-11-08,0.0011400611819310446,0.0011400611819310446,-0.005674588622718881,True,1.0
2017-11-09,0.005386701920851347,0.005386701920851347,-0.004797941183291667,True,1.0
2017-11-10,-0.0004462710412154184,0.0004462710412154184,0.0016886452114521571,True,-1.0
2017-11-13,2.422069900937341e-05,2.422069900937341e-05,-0.009402228704466189,True,1.0
2017-11-14,-0.0001515708788694627,0.0001515708788694627,-0.0035996615454625867,True,-1.0
2017-11-15,-0.0014381063970569485,0.0014381063970569485,-0.005298923961487612,False,-1.0
2017-11-16,0.0034443975479696086,0.0034443975479696086,0.006091816820355175,False,1.0
2017-11-17,0.010749142630754546,0.010749142630754546,-0.003966293551502653,False,1.0
2017-11-20,0.0003501289503937455,0.0003501289503937455,0.0011227354837288791,True,1.0
2017-11-21,0.0029615244568515597,0.0029615244568515597,-0.00022747144032722607,False,1.0
2017-11-22,0.0023142872651503877,0.0023142872651503877,-0.0008211925803212482,True,1.0
2017-11-23,0.001561586004080066,0.001561586004080066,-0.0009364523774888275,True,1.0
2017-11-24,0.0017441531283971495,0.0017441531283971495,0.0022090125261843346,False,1.0
2017-11-27,-0.0027575762617217904,0.0027575762617217904,0.003715839680896235,True,-1.0
2017-11-28,-0.0011201844581050168,0.0011201844581050168,-0.0016991297530085426,True,-1.0
2017-11-29,0.0006171876883392396,0.0006171876883392396,-0.0014793392240880358,True,1.0
2017-11-30,-0.002760233746161983,0.002760233746161983,-0.010273247904081824,False,-1.0
2017-12-01,0.0036327394218499316,0.0036327394218499316,-0.013825461375986689,True,1.0
2017-12-04,0.005260922071916442,0.005260922071916442,-0.0046486066992723375,True,1.0
2017-12-05,-0.0009380168349337217,0.0009380168349337217,0.0,True,-1.0
2017-12-06,-0.0029106016665431276,0.0029106016665431276,-0.0044306752218168915,False,-1.0
2017-12-07,0.0019265625282567365,0.0019265625282567365,0.010259900729482746,False,1.0
2017-12-08,0.0031229405205278685,0.0031229405205278685,0.006589255624681791,False,1.0
2017-12-11,0.004368900914057861,0.004368900914057861,0.001139614955627758,False,1.0
2017-12-12,0.00025676481629489695,0.00025676481629489695,-0.008208311634362392,True,1.0
2017-12-13,-0.0003467508888590923,0.0003467508888590923,-0.004264054053899353,True,-1.0
2017-12-14,0.003566151965670973,0.003566151965670973,0.002228872466623,True,1.0
2017-12-15,0.00912503631592233,0.00912503631592233,-0.0011986090924005087,False,1.0
2017-12-18,-0.006788802228243776,0.006788802228243776,0.012242928102366126,True,-1.0
2017-12-19,0.0025075013536277222,0.0025075013536277222,0.004647270377988055,False,1.0
2017-12-20,0.002981897959524625,0.002981897959524625,-0.004783522015926276,True,1.0
2017-12-21,0.002848470868391838,0.002848470868391838,-0.0032127697762072477,True,1.0
2017-12-22,0.0016283057304893982,0.0016283057304893982,0.0034139018656132755,False,1.0
2017-12-26,0.0018393028387972935,0.0018393028387972935,0.001826450507427358,True,1.0
2017-12-27,-4.274750154299008e-05,4.274750154299008e-05,-0.003826760430813086,True,-1.0
2017-12-28,0.0007101680349355385,0.0007101680349355385,-0.0019336461783767437,True,1.0
2017-12-29,0.0013790185257848318,0.0013790185257848318,0.003655099893281619,False,1.0
2018-01-02,-0.005047184863230527,0.005047184863230527,-0.0033738431249627763,False,-1.0
2018-01-03,0.003873723406553542,0.003873723406553542,-0.0037633798555164718,True,1.0
2018-01-04,0.0025088282157283677,0.0025088282157283677,0.003381226502159474,True,1.0
2018-01-05,0.0028034989585768782,0.0028034989585768782,0.002335202731566082,False,1.0
2018-01-08,0.0031111898694278772,0.0031111898694278772,0.003011736876447609,False,1.0
2018-01-09,0.002023796151073588,0.002023796151073588,-0.0007608768045596098,True,1.0
2018-01-10,0.0014148542528438469,0.0014148542528438469,-0.0018634544279228827,True,1.0
2018-01-11,0.000456124723567384,0.000456124723567384,0.0013302927865172026,True,1.0
2018-01-12,0.002943293600733999,0.002943293600733999,-0.00012167550924308783,True,1.0
2018-01-15,0.0034874195435927445,0.0034874195435927445,0.002150469252927182,False,1.0
2018-01-16,0.0018572920737931079,0.0018572920737931079,-0.005672982826511174,True,1.0
2018-01-17,0.00018690802382091655,0.00018690802382091655,0.008044850272950602,True,1.0
2018-01-18,0.007864874100190315,0.007864874100190315,-0.005187005775454399,True,1.0
2018-01-19,0.0011278723594804474,0.0011278723594804474,0.006048461457786343,True,1.0
2018-01-22,-0.0010555591061558475,0.0010555591061558475,0.007626433265074817,True,-1.0
2018-01-23,0.002845123630502069,0.002845123630502069,0.007847291325417992,False,1.0
2018-01-24,-0.0012947468520999085,0.0012947468520999085,0.0015041887023694899,True,-1.0
2018-01-25,0.000865921827079199,0.000865921827079199,-0.002338694587363691,True,1.0
2018-01-29,0.0008761991939884901,0.0008761991939884901,0.0046077417041522385,False,1.0
2018-01-30,-0.0008580806543172073,0.0008580806543172073,-0.006402318280608548,False,-1.0
2018-01-31,-0.002791996565219382,0.002791996565219382,0.0008077459235817762,True,-1.0
2018-02-01,0.0015279350251253833,0.0015279350251253833,-0.002503444192063411,True,1.0
2018-02-02,-0.007143587808007335,0.007143587808007335,-0.016236728416582618,False,-1.0
2018-02-05,-0.01452519472533169,0.01452519472533169,0.005870260285595014,False,-1.0
2018-02-06,-0.03481907653956536,0.03481907653956536,0.019727697184486703,False,-1.0
2018-02-07,0.010377938733836592,0.010377938733836592,-0.012302963797899294,True,1.0
2018-02-08,0.003989787233407913,0.003989787233407913,0.005547331784474973,False,1.0
2018-02-09,-0.015160432009250746,0.015160432009250746,0.003691277810444967,False,-1.0
2018-02-12,0.006049765787345241,0.006049765787345241,0.0020488110406097614,False,1.0
2018-02-14,0.00436442989634479,0.00436442989634479,-0.00801545562430626,True,1.0
2018-02-15,0.003523507377808562,0.003523507377808562,0.0007211692171393991,False,1.0
2018-02-16,0.004807756418614575,0.004807756418614575,-0.013580376736243434,True,1.0
2018-02-19,0.0035016777763192254,0.0035016777763192254,-0.010534946074877889,True,1.0
2018-02-20,0.0012140222867467571,0.0012140222867467571,-0.0029448185328649792,True,1.0
2018-02-21,0.0063317639185412455,0.0063317639185412455,-0.0027383277083732976,True,1.0
2018-02-22,-0.0041453034280396085,0.0041453034280396085,0.002738036381525201,True,-1.0
2018-02-23,0.0024463206665610096,0.0024463206665610096,0.007969773390502852,False,1.0
2018-02-26,0.003383836761897581,0.003383836761897581,0.005324613071468191,False,1.0
2018-02-27,0.003080583896287593,0.003080583896287593,-0.005737092989719838,True,1.0
2018-02-28,-0.00619175223220172,0.00619175223220172,0.0003717639982924739,False,-1.0
2018-03-01,-0.0012293528014520306,0.0012293528014520306,-0.002061134407600674,True,-1.0
2018-03-05,-0.0028732836259903727,0.0028732836259903727,-0.006659781231191903,False,-1.0
2018-03-06,0.005951470766522661,0.005951470766522661,-0.016433952305551558,True,1.0
2018-03-07,-0.0015903412139912677,0.0015903412139912677,-0.007695727868984814,False,-1.0
2018-03-08,0.006110752545153104,0.006110752545153104,0.002584156674415759,True,1.0
2018-03-09,0.0027970703841187954,0.0027970703841187954,-0.004327611515361894,True,1.0
2018-03-12,0.007309191281299017,0.007309191281299017,0.01162933775265105,False,1.0
2018-03-13,-0.0030610464457058294,0.0030610464457058294,0.003594938098561047,True,-1.0
2018-03-14,-0.003241612371306275,0.003241612371306275,0.0017175503122720515,False,-1.0
2018-03-15,-0.0005235085446987748,0.0005235085446987748,-0.004353468983774185,True,-1.0
2018-03-16,-0.001447855430127119,0.001447855430127119,-0.014499547549925737,False,-1.0
2018-03-19,0.001981257556394096,0.001981257556394096,-0.01185467105931083,True,1.0
2018-03-20,-0.004230150364068653,0.004230150364068653,0.0072426447763856375,True,-1.0
2018-03-21,0.005689312218551076,0.005689312218551076,-0.0026223066112415344,False,1.0
2018-03-22,0.0012062726176115801,0.0012062726176115801,-0.00518809933611999,True,1.0
2018-03-23,-0.014429441687881558,0.014429441687881558,0.002934154619721238,False,-1.0
2018-03-26,-0.0008901149960592901,0.0008901149960592901,0.01416536887189128,True,-1.0
2018-03-27,0.005660999754573692,0.005660999754573692,-0.00037785722173144874,False,1.0
2018-03-28,-0.0039817539701032835,0.0039817539701032835,-0.0029476137874040417,False,-1.0
2018-04-02,0.0037523551795701007,0.0037523551795701007,0.005925087227003768,False,1.0
2018-04-03,-0.0024432710971328646,0.0024432710971328646,0.005708378238104541,True,-1.0
2018-04-04,0.00288917612249878,0.00288917612249878,-0.014229188903536577,True,1.0
2018-04-05,0.009878144704874385,0.009878144704874385,0.009454041762535621,False,1.0
2018-04-06,-0.00023247996728255888,0.00023247996728255888,0.0008572918432588215,True,-1.0
2018-04-09,0.00020331662249027795,0.00020331662249027795,0.00441752839735056,True,1.0
2018-04-10,0.003232455068253577,0.003232455068253577,-0.0010228073087675763,False,1.0
2018-04-11,0.002489883498762287,0.002489883498762287,-0.0010548371080157319,True,1.0
2018-04-12,-0.000623971024345557,0.000623971024345557,0.0046106629460177595,True,-1.0
2018-04-13,0.0035042202094595363,0.0035042202094595363,-0.0014006455828860147,True,1.0
2018-04-16,-0.00785258551561134,0.00785258551561134,0.012506833533389201,True,-1.0
2018-04-17,0.002749737270001104,0.002749737270001104,-0.0008145652329757392,True,1.0
2018-04-18,0.0028629304799012096,0.0028629304799012096,-0.0049816326240487915,True,1.0
2018-04-19,0.0035578076245573616,0.0035578076245573616,0.00015614053868763183,False,1.0
2018-04-20,-0.0004685333501188248,0.0004685333501188248,0.00035038568317995216,True,-1.0
2018-04-23,0.002721494174255312,0.002721494174255312,-0.0007646334797544065,True,1.0
2018-04-24,-0.0006235968724388727,0.0006235968724388727,0.0034268915342669766,True,-1.0
2018-04-25,-0.0001836399611595962,0.0001836399611595962,-0.003943555123916247,False,-1.0
2018-04-26,0.0015089276912944396,0.0015089276912944396,0.00295657721508525,True,1.0
2018-04-27,0.003188097963813161,0.003188097963813161,0.003816255000096266,False,1.0
2018-04-30,0.0012579328636673132,0.0012579328636673132,0.003138463851201457,False,1.0
2018-05-02,0.004143640128928606,0.004143640128928606,-0.006101699028730572,True,1.0
2018-05-03,0.00019598583471606154,0.00019598583471606154,-0.003777932074107665,True,1.0
2018-05-04,0.0019476110103528157,0.0019476110103528157,-0.007681938031776372,True,1.0
2018-05-07,0.0032868307513008264,0.0032868307513008264,0.005852692122873717,False,1.0
2018-05-08,0.003956921340581401,0.003956921340581401,-0.0037275476144439635,True,1.0
2018-05-09,-0.0022812700141876642,0.0022812700141876642,0.004521556640690996,True,-1.0
2018-05-10,0.0035329784505678937,0.0035329784505678937,-0.005853676478448523,True,1.0
2018-05-11,0.0023702022654613778,0.0023702022654613778,0.006009132747205234,False,1.0
2018-05-14,0.0008004803243418313,0.0008004803243418313,-0.0007906298979820156,True,1.0
2018-05-15,0.0005552162768013397,0.0005552162768013397,-0.00099421049408685,True,1.0
2018-05-16,-0.004619524976462545,0.004619524976462545,-0.001009173753634992,False,-1.0
2018-05-17,0.0032119616477523268,0.0032119616477523268,-0.008621275606944001,True,1.0
2018-05-18,-0.0010157156654327121,0.0010157156654327121,-0.007069928973110661,False,-1.0
2018-05-21,0.0019157264674011314,0.0019157264674011314,-0.009419122529630453,True,1.0
2018-05-22,0.000166402005144162,0.000166402005144162,0.0017350464812898986,True,1.0
2018-05-23,-0.0014805950295938275,0.0014805950295938275,-0.008625524267362293,False,-1.0
2018-05-24,0.003307655188181874,0.003307655188181874,0.0046823415365762205,True,1.0
2018-05-25,0.0018261812776339838,0.0018261812776339838,0.006845176589349576,False,1.0
2018-05-28,0.004073418778501086,0.004073418778501086,0.003784697415881092,False,1.0
2018-05-29,7.016788580322769e-05,7.016788580322769e-05,-0.005248244418527188,True,1.0
2018-05-30,-0.00510658080604131,0.00510658080604131,0.003341488739483883,True,-1.0
2018-05-31,0.005252323698736987,0.005252323698736987,0.00619026847621612,False,1.0
2018-06-01,0.0002142112958391707,0.0002142112958391707,-0.003934459743403455,True,1.0
2018-06-04,0.006521007341519956,0.006521007341519956,-0.012767121602730977,True,1.0
2018-06-05,0.00020700901467751799,0.00020700901467751799,-0.0035322042760699062,True,1.0
2018-06-06,0.0009723079827711487,0.0009723079827711487,0.007657903212333323,True,1.0
2018-06-07,0.003551751097377755,0.003551751097377755,0.004266689204733504,False,1.0
2018-06-08,-0.0029669559318713785,0.0029669559318713785,0.002910658960454514,True,-1.0
2018-06-11,0.0013186924013025851,0.0013186924013025851,0.00047307151576895997,False,1.0
2018-06-12,0.0027069926887387527,0.0027069926887387527,0.002468458535223567,False,1.0
2018-06-13,0.00411795720069696,0.00411795720069696,-0.002828914322617681,True,1.0
2018-06-14,-0.0021921766521448044,0.0021921766521448044,-0.0022939919173452544,False,-1.0
2018-06-15,5.556839100052289e-05,5.556839100052289e-05,0.0008372742535321011,True,1.0
2018-06-18,0.0011555136280645372,0.0011555136280645372,-0.002802403038739419,True,1.0
2018-06-19,-0.0009629221182369618,0.0009629221182369618,-0.007321967159579801,False,-1.0
2018-06-20,0.002259493753408365,0.002259493753408365,0.003483989948583925,False,1.0
2018-06-21,0.003379151719959578,0.003379151719959578,-0.006231289844561542,True,1.0
2018-06-22,0.00014901509116468706,0.00014901509116468706,0.00736773926698953,True,1.0
2018-06-25,9.709811981583122e-05,9.709811981583122e-05,-0.005585396994401159,True,1.0
2018-06-26,-0.0018350839856710282,0.0018350839856710282,0.0024621552153192687,True,-1.0
2018-06-27,0.0015181893447446908,0.0015181893447446908,-0.010578981908580965,True,1.0
2018-06-28,-0.0009933640899476312,0.0009933640899476312,-0.006725592509576419,True,-1.0
2018-06-29,0.002242872470382002,0.002242872470382002,0.009559185237382676,False,1.0
2018-07-02,0.001684646222014734,0.001684646222014734,-0.006992858732624769,True,1.0
2018-07-03,0.0010602877740691786,0.0010602877740691786,0.002933916577251107,True,1.0
2018-07-04,0.0014111915834496853,0.0014111915834496853,0.005123694878674755,True,1.0
2018-07-05,0.0014994952113538363,0.0014994952113538363,-0.003365440114296941,True,1.0
2018-07-06,-0.0005209060094420801,0.0005209060094420801,0.0026526062055933415,True,-1.0
2018-07-09,0.006094081928030638,0.006094081928030638,0.0013471288117703972,False,1.0
2018-07-10,0.0045932062011793005,0.0045932062011793005,0.0040815390612460156,False,1.0
2018-07-11,0.0008358620315604376,0.0008358620315604376,-0.0007393473813198158,True,1.0
2018-07-12,0.005357031837937879,0.005357031837937879,0.0014763399226536288,False,1.0
2018-07-13,0.003057206139359662,0.003057206139359662,-0.0034367678696119665,True,1.0
2018-07-16,4.519932637051004e-06,4.519932637051004e-06,-0.0074508537094963795,True,1.0
2018-07-17,0.00025608665658154314,0.00025608665658154314,0.00625243144160407,True,1.0
2018-07-18,0.004737477714062765,0.004737477714062765,-0.007210538560938472,True,1.0
2018-07-19,0.0017348837569184793,0.0017348837569184793,-0.0038547561820991864,True,1.0
2018-07-20,0.0005841318280545486,0.0005841318280545486,0.0042596064498107355,True,1.0
2018-07-23,0.0008764067765641679,0.0008764067765641679,0.005889408016039239,False,1.0
2018-07-24,0.002187690295225422,0.002187690295225422,0.0022774151307498425,False,1.0
2018-07-25,0.0012664097594680991,0.0012664097594680991,-0.0014710980993104218,True,1.0
2018-07-26,8.535710676428315e-05,8.535710676428315e-05,0.0030854004349595327,True,1.0
2018-07-27,0.005860879214958223,0.005860879214958223,0.004059523213371614,False,1.0
2018-07-30,0.0016226470967691659,0.0016226470967691659,0.002027097703360285,True,1.0
2018-07-31,-0.0007509132559741991,0.0007509132559741991,0.004018211934109302,True,-1.0
2018-08-01,0.00029056528750055034,0.00029056528750055034,-0.0011971698101042472,True,1.0
2018-08-02,-0.0015247223202219838,0.0015247223202219838,-0.00743233609699474,False,-1.0
2018-08-03,0.004722189871912749,0.004722189871912749,0.005576306988008503,False,1.0
2018-08-06,0.0035825114439308205,0.0035825114439308205,-0.001263025972459764,False,1.0
2018-08-07,0.0031659318427599763,0.0031659318427599763,-0.0029501664742291943,True,1.0
2018-08-08,0.0020237855464688274,0.0020237855464688274,0.0032858707557502738,True,1.0
2018-08-09,0.003777292576419214,0.003777292576419214,-0.001962004192678311,False,1.0
2018-08-10,0.00037050920411438895,0.00037050920411438895,-0.003960818525475286,True,1.0
2018-08-13,-0.005240858359945755,0.005240858359945755,-0.0012181263941414494,False,-1.0
2018-08-14,0.002285203118464214,0.002285203118464214,0.00469169044572904,False,1.0
2018-08-16,-0.0033186609689772667,0.0033186609689772667,-0.0010617203004931503,True,-1.0
2018-08-17,0.004576228196739985,0.004576228196739985,0.0029377605633778767,False,1.0
2018-08-20,0.0027330043262210404,0.0027330043262210404,0.0043166371628821166,False,1.0
2018-08-21,0.0021165793332179107,0.0021165793332179107,-0.00045781902507577803,True,1.0
2018-08-23,0.00430388327669374,0.00430388327669374,-0.0032657408481984724,True,1.0
2018-08-24,-0.0013943485463296713,0.0013943485463296713,-0.0008213304100454924,True,-1.0
2018-08-27,0.004218186365760359,0.004218186365760359,0.007418723215916004,False,1.0
2018-08-28,0.00342115723483296,0.00342115723483296,0.0005582878019817178,False,1.0
2018-08-29,0.0005494905918558589,0.0005494905918558589,-0.004516818190397486,True,1.0
2018-08-30,0.0002437250814491135,0.0002437250814491135,-0.0015348934618097864,True,1.0
2018-08-31,-8.137463418003933e-05,8.137463418003933e-05,0.00039829141181006803,True,-1.0
2018-09-03,0.006104174024014383,0.006104174024014383,-0.014419084576722498,True,1.0
2018-09-04,0.001415981314510242,0.001415981314510242,-0.006763676716240974,True,1.0
2018-09-05,-0.000473094919828594,0.000473094919828594,-0.0032913511985118403,True,-1.0
2018-09-06,0.0032412962223791453,0.0032412962223791453,0.0019758296728973946,True,1.0
2018-09-07,0.0018505498575985717,0.0018505498575985717,0.00266905538251898,True,1.0
2018-09-10,-0.0016264947243832136,0.0016264947243832136,-0.011421567435880815,False,-1.0
2018-09-11,0.00338780053709616,0.00338780053709616,-0.016498395972735197,True,1.0
2018-09-12,0.004659987541528239,0.004659987541528239,0.002627911771194966,True,1.0
2018-09-14,0.006473197376090139,0.006473197376090139,0.006265582672477826,False,1.0
2018-09-17,-0.004363797341574252,0.004363797341574252,-0.007605806726325965,False,-1.0
2018-09-18,0.0003339680242139263,0.0003339680242139263,-0.009018931149448888,True,1.0
2018-09-19,0.004233568729775263,0.004233568729775263,-0.008148991808416441,True,1.0
2018-09-21,0.0032890373361414062,0.0032890373361414062,-0.011374038268344544,True,1.0
2018-09-24,0.0019115669783727914,0.0019115669783727914,-0.017645372174705,True,1.0
2018-09-25,0.00023248943201522836,0.00023248943201522836,0.008887916377383565,True,1.0
2018-09-26,0.007056693998774736,0.007056693998774736,-0.008231985106864138,True,1.0
2018-09-27,0.002352132339955567,0.002352132339955567,-0.009228506092388183,True,1.0
2018-09-28,0.002782934737809615,0.002782934737809615,-0.007053843698540865,True,1.0
2018-10-01,4.1187261682328994e-05,4.1187261682328994e-05,0.007080790355466272,True,1.0
2018-10-03,-0.0023254825748931095,0.0023254825748931095,-0.01133147523826757,False,-1.0
2018-10-04,-0.009536509537678723,0.009536509537678723,-0.01445416352752017,False,-1.0
2018-10-05,-0.008033624136141709,0.008033624136141709,-0.018798510705211883,False,-1.0
2018-10-08,-0.0006106562401049976,0.0006106562401049976,0.003675932224709531,True,-1.0
2018-10-09,0.004082894921984375,0.004082894921984375,-0.008589742517317506,True,1.0
2018-10-10,0.0029899675539365443,0.0029899675539365443,0.012413072668385285,False,1.0
2018-10-11,-0.027753063118759885,0.027753063118759885,0.006376780977301917,False,-1.0
2018-10-12,0.009467779588373672,0.009467779588373672,0.013642696205031104,False,1.0
2018-10-15,0.004936757728574838,0.004936757728574838,-0.001111741994200309,True,1.0
2018-10-16,0.0035814878121284187,0.0035814878121284187,0.003279537077096613,False,1.0
2018-10-17,0.009820751110087626,0.009820751110087626,-0.022046683536726366,True,1.0
2018-10-19,-0.010843687870325674,0.010843687870325674,-0.003496270679239691,False,-1.0
2018-10-22,0.009928598068304546,0.009928598068304546,-0.015433589317907314,True,1.0
2018-10-23,-0.009043253275908348,0.009043253275908348,-0.0005712630174191455,False,-1.0
2018-10-24,0.012945025866857075,0.012945025866857075,-0.005195525322698922,True,1.0
2018-10-25,-0.008772849733489817,0.008772849733489817,-0.0010014172853700094,False,-1.0
2018-10-26,-0.0002519314908383551,0.0002519314908383551,-0.009123337262473993,True,-1.0
2018-10-29,0.004795574214855433,0.004795574214855433,0.01714112845633138,True,1.0
2018-10-30,-0.0011169043724462626,0.0011169043724462626,-0.004004140714874166,True,-1.0
2018-10-31,0.0010932512585747497,0.0010932512585747497,0.017341587834383384,True,1.0
2018-11-01,0.005304968710622668,0.005304968710622668,-0.005865902952039977,True,1.0
2018-11-02,0.00788497683963272,0.00788497683963272,0.008669240702877098,False,1.0
2018-11-05,0.0005448687576992325,0.0005448687576992325,-0.0032911092695631586,True,1.0
2018-11-06,0.0026605853287723297,0.0026605853287723297,-0.002084912812736922,True,1.0
2018-11-07,0.008019961568138652,0.008019961568138652,-0.0015120712229247477,False,1.0
2018-11-09,0.0015379495099957043,0.0015379495099957043,-0.002779164692096281,True,1.0
2018-11-12,0.0021350195516385137,0.0021350195516385137,-0.011840307291574126,True,1.0
2018-11-13,-0.0028905958790073163,0.0028905958790073163,0.012495297935688654,True,-1.0
2018-11-14,0.004951607902197023,0.004951607902197023,-0.005510214838416189,True,1.0
2018-11-15,0.00040655094569031527,0.00040655094569031527,0.0034119603113525695,True,1.0
2018-11-16,0.002571402053865423,0.002571402053865423,0.0035888947118094703,False,1.0
2018-11-19,0.004591732395075665,0.004591732395075665,0.0029959595224228306,False,1.0
2018-11-20,-0.002164815987919129,0.002164815987919129,-0.007811791055388766,False,-1.0
2018-11-21,0.0013841706921467467,0.0013841706921467467,-0.006644243420435501,True,1.0
2018-11-22,0.0011887289370968647,0.0011887289370968647,-0.00809415060924674,True,1.0
2018-11-26,0.003947068628731565,0.003947068628731565,0.005705724269929816,True,1.0
2018-11-27,-0.0006726581417361728,0.0006726581417361728,0.0060396097409382635,True,-1.0
2018-11-28,0.0021665036564432966,0.0021665036564432966,0.0018769332905334423,False,1.0
2018-11-29,0.007442604644930952,0.007442604644930952,0.004625903124011518,False,1.0
2018-11-30,0.0030758206287818785,0.0030758206287818785,-0.0014092424716524215,True,1.0
2018-12-03,0.004960139316661687,0.004960139316661687,-0.004295259633288088,True,1.0
2018-12-04,-0.0006110385322154588,0.0006110385322154588,-0.0006986797627972329,True,-1.0
2018-12-05,-0.004512609106904641,0.004512609106904641,-0.003470262697920541,False,-1.0
2018-12-06,-0.006004877876484487,0.006004877876484487,-0.010916062542128359,False,-1.0
2018-12-07,0.0041174223979598325,0.0041174223979598325,0.004593829054771554,True,1.0
2018-12-10,-0.01729990523589705,0.01729990523589705,-0.0019269747565005893,False,-1.0
2018-12-11,-0.013195504392713227,0.013195504392713227,0.019236679020358728,True,-1.0
2018-12-12,0.003967107096339401,0.003967107096339401,0.013841904388159758,False,1.0
2018-12-13,0.006812545940075134,0.006812545940075134,-0.0017760280565640681,False,1.0
2018-12-14,-0.0006532708290367888,0.0006532708290367888,0.0019426209200704716,True,-1.0
2018-12-17,0.004419066224627491,0.004419066224627491,0.003238622104997293,False,1.0
2018-12-18,-0.0034393843046475817,0.0034393843046475817,0.005326728898685503,True,-1.0
2018-12-19,0.0020029525959828686,0.0020029525959828686,0.0033621364576043545,False,1.0
2018-12-20,-0.0074858543886901,0.0074858543886901,0.0061092123991102094,False,-1.0
2018-12-21,-0.0006802775075680761,0.0006802775075680761,-0.01738355757589602,True,-1.0
2018-12-24,0.00250143115352427,0.00250143115352427,-0.010889664719200134,True,1.0
2018-12-26,-0.0026304501043278475,0.0026304501043278475,0.008875920842928292,True,-1.0
2018-12-27,0.00820615241177913,0.00820615241177913,-0.0035219945240500365,False,1.0
2018-12-28,0.003817361302675224,0.003817361302675224,0.0035995171042717427,False,1.0
2018-12-31,0.004907946000454294,0.004907946000454294,-0.004641204203947037,True,1.0
2019-01-02,0.0005799563454964741,0.0005799563454964741,-0.007024626535373544,True,1.0
2019-01-03,0.0003984067350011582,0.0003984067350011582,-0.011535807548587304,True,1.0
2019-01-04,0.0025721094719951274,0.0025721094719951274,0.0025841297940864837,True,1.0
2019-01-07,0.007224524493195419,0.007224524493195419,-0.003058793586430283,False,1.0
2019-01-08,0.001341483835060859,0.001341483835060859,0.0014741351836829297,True,1.0
2019-01-09,0.005577593147776385,0.005577593147776385,-0.0006674399524305189,True,1.0
2019-01-10,0.00038684113981752254,0.00038684113981752254,-0.0034762671207684477,True,1.0
2019-01-11,0.0012151984087091445,0.0012151984087091445,-0.003673347764138536,True,1.0
2019-01-14,0.001116244583762174,0.001116244583762174,-0.00642179981724808,True,1.0
2019-01-15,0.00372058902975107,0.00372058902975107,0.01013681235344268,False,1.0
2019-01-16,0.001180382313264083,0.001180382313264083,-0.000857879436715018,True,1.0
2019-01-17,0.002805230823337892,0.002805230823337892,-0.0014329850352545615,True,1.0
2019-01-18,0.0008848452013423571,0.0008848452013423571,-0.0007237309120333663,True,1.0
2019-01-21,0.0011368360394483986,0.0011368360394483986,0.0038921732081470197,True,1.0
2019-01-22,-0.0010992492249843073,0.0010992492249843073,-0.002470346962500652,False,-1.0
2019-01-23,0.0007598640166166945,0.0007598640166166945,-0.009107067158802133,True,1.0
2019-01-24,0.001158639587083968,0.001158639587083968,0.000530244705950583,True,1.0
2019-01-25,0.0009170856137088503,0.0009170856137088503,-0.007293003550956514,True,1.0
2019-01-28,0.0011038760397754093,0.0011038760397754093,-0.01212888530927427,True,1.0
2019-01-29,-0.0007362540642589137,0.0007362540642589137,-0.00014079615274512625,True,-1.0
2019-01-30,0.0046985415003300834,0.0046985415003300834,-0.0047139802669999295,True,1.0
2019-01-31,0.0036378828658559115,0.0036378828658559115,0.013133130960527255,False,1.0
2019-02-01,0.0018834371587571894,0.0018834371587571894,0.0038982046264046575,True,1.0
2019-02-04,-0.0015513982934080902,0.0015513982934080902,0.003263842600041373,True,-1.0
2019-02-05,-0.00032986866823982223,0.00032986866823982223,0.0023558568502741787,True,-1.0
2019-02-06,0.0028122385965814794,0.0028122385965814794,0.008878221758630142,False,1.0
2019-02-07,0.0007231670975919825,0.0007231670975919825,-9.482944857513682e-05,True,1.0
2019-02-08,-0.004146601351946252,0.004146601351946252,-0.0072481871116251645,False,-1.0
2019-02-11,-0.0011604242848140224,0.0011604242848140224,-0.003851520408475042,False,-1.0
2019-02-12,-0.0008356852488997663,0.0008356852488997663,-0.004439442615184368,True,-1.0
2019-02-14,-0.004182356815948711,0.004182356815948711,-0.0037130942729927826,False,-1.0
2019-02-15,0.0031825829894796915,0.0031825829894796915,-0.0051807341550520625,True,1.0
2019-02-18,0.0013287456156949335,0.0013287456156949335,-0.009097995721864054,True,1.0
2019-02-19,-0.00039940042214201785,0.00039940042214201785,-0.0030414118423453,True,-1.0
2019-02-20,0.004818832631878097,0.004818832631878097,0.007507894883239496,False,1.0
2019-02-21,0.0008056871305012116,0.0008056871305012116,0.00425815114000617,True,1.0
2019-02-22,-0.0006626055340278398,0.0006626055340278398,0.000830051392543666,True,-1.0
2019-02-25,0.002001511223321705,0.002001511223321705,0.006182194009664069,True,1.0
2019-02-26,-0.00963224680380662,0.00963224680380662,0.005568290542959987,True,-1.0
2019-02-27,0.004236190179541028,0.004236190179541028,-0.006851248331927137,True,1.0
2019-02-28,0.00546420977389321,0.00546420977389321,-0.006736813458563748,True,1.0
2019-03-01,0.004646781619179986,0.004646781619179986,0.0019229255416210254,False,1.0
2019-03-05,0.0001242333847286786,0.0001242333847286786,0.01128414937577333,True,1.0
2019-03-06,0.0034038301332601673,0.0034038301332601673,0.0025533582427339657,False,1.0
2019-03-07,0.002257323379399258,0.002257323379399258,-0.0017828207973309875,True,1.0
2019-03-08,-0.00174988565912404,0.00174988565912404,-0.0003124617937607077,False,-1.0
2019-03-11,0.0030220570341364127,0.0030220570341364127,0.008971185064935066,False,1.0
2019-03-12,0.005667937177440912,0.005667937177440912,0.006219251324809132,False,1.0
2019-03-13,0.002212154423241655,0.002212154423241655,0.0013685083905204927,True,1.0
2019-03-14,0.003597327030771142,0.003597327030771142,-0.0034482758620689655,True,1.0
2019-03-15,0.002962079595794856,0.002962079595794856,0.004394889773246005,False,1.0
2019-03-18,0.00411311967923683,0.00411311967923683,-0.0010153012684584561,True,1.0
2019-03-19,0.0033239350845207663,0.0033239350845207663,0.00279128253025333,True,1.0
2019-03-20,0.0018165531927793789,0.0018165531927793789,-0.002795709104248886,True,1.0
2019-03-22,0.0024433876341326656,0.0024433876341326656,-0.007991878496050483,True,1.0
2019-03-25,-0.005346123114600866,0.005346123114600866,-0.0036329993643065225,False,-1.0
2019-03-26,0.001845141274192483,0.001845141274192483,0.009498716755070845,True,1.0
2019-03-27,0.004197434986828642,0.004197434986828642,-0.007492586722537422,True,1.0
2019-03-28,0.00162520795059204,0.00162520795059204,0.00927711555666186,False,1.0
2019-04-01,0.00822819319900605,0.00822819319900605,0.00033863073469474886,False,1.0
2019-04-02,0.00363346196108362,0.00363346196108362,0.00014091991687892902,True,1.0
2019-04-03,0.001886726855726758,0.001886726855726758,-0.007784173467686926,True,1.0
2019-04-04,0.0013955745024177239,0.0013955745024177239,-0.005334402006022591,True,1.0
2019-04-05,0.003483392880237972,0.003483392880237972,0.0023671470101417035,False,1.0
2019-04-08,0.0032915804901969565,0.0032915804901969565,-0.008530983156468774,True,1.0
2019-04-09,0.0006505928465250549,0.0006505928465250549,0.005158468283594485,True,1.0
2019-04-10,-0.0021505048871422097,0.0021505048871422097,-0.005370534246200899,True,-1.0
2019-04-11,0.0007121707948771923,0.0007121707948771923,0.0003580222379826887,True,1.0
2019-04-12,0.0013925870110040226,0.0013925870110040226,0.0026350626217355204,True,1.0
2019-04-15,0.0020225795870180167,0.0020225795870180167,0.0020013379082026227,False,1.0
2019-04-16,0.00392208851484907,0.00392208851484907,0.004341285464170062,False,1.0
2019-04-18,0.005853832157336321,0.005853832157336321,-0.008717044110643392,True,1.0
2019-04-22,-0.0021909672952763,0.0021909672952763,-0.011307158371749875,False,-1.0
2019-04-23,0.0015955909670886622,0.0015955909670886622,-0.0031860982246298478,True,1.0
2019-04-24,0.0022071453536355048,0.0022071453536355048,0.010744333976209972,False,1.0
2019-04-25,0.0008144023715690209,0.0008144023715690209,-0.00800126017725861,True,1.0
2019-04-26,0.0036034115013392526,0.0036034115013392526,0.0060682906280089864,False,1.0
2019-04-30,-0.0005019622386817983,0.0005019622386817983,-5.103601446962443e-05,True,-1.0
2019-05-02,-0.0019237569477775175,0.0019237569477775175,-6.821042090327088e-05,True,-1.0
2019-05-03,-0.00018340609607880764,0.00018340609607880764,-0.0008828766416898716,True,-1.0
2019-05-06,-0.009088791249546415,0.009088791249546415,-0.0006505199826427031,False,-1.0
2019-05-07,0.004591209880800983,0.004591209880800983,-0.013182818467579282,True,1.0
2019-05-08,-0.0016698870802668625,0.0016698870802668625,-0.010388806918112344,False,-1.0
2019-05-09,-0.0032615843241065204,0.0032615843241065204,-0.0018194539343933977,False,-1.0
2019-05-10,0.001092798151704785,0.001092798151704785,-0.0031155675665411383,True,1.0
2019-05-13,-0.001790972046290112,0.001790972046290112,-0.009814632069695406,True,-1.0
2019-05-14,0.0003094845133791828,0.0003094845133791828,0.006312914375587274,True,1.0
2019-05-15,0.004424360209510103,0.004424360209510103,-0.010175944473771556,True,1.0
2019-05-16,0.002092821490992202,0.002092821490992202,0.006864722721697649,True,1.0
2019-05-17,0.00042646697787073606,0.00042646697787073606,0.012897468008233652,False,1.0
2019-05-20,0.021455840557791584,0.021455840557791584,0.0151348366758172,False,1.0
2019-05-21,0.0029928679749751655,0.0029928679749751655,-0.013027253514831362,True,1.0
2019-05-22,0.0016099090934718074,0.0016099090934718074,0.0008484172550866524,True,1.0
2019-05-23,0.01392066797508405,0.01392066797508405,-0.0205229684159203,True,1.0
2019-05-24,0.007802162368383068,0.007802162368383068,0.008180082514044944,False,1.0
2019-05-27,0.00096253755042521,0.00096253755042521,0.005841170764624014,True,1.0
2019-05-28,0.0028176363760246547,0.0028176363760246547,-0.0024752252895997254,True,1.0
2019-05-29,-0.001923939667819344,0.001923939667819344,-0.0037544890763996242,True,-1.0
2019-05-30,0.00035411517066935095,0.00035411517066935095,0.006792966656068646,True,1.0
2019-05-31,0.004511959107310121,0.004511959107310121,-0.0064167737173349655,True,1.0
2019-06-03,0.002595883166664578,0.002595883166664578,0.011276779645508732,True,1.0
2019-06-04,-0.0029697039465047754,0.0029697039465047754,-0.002572048387308484,True,-1.0
2019-06-06,0.0015097273230182849,0.0015097273230182849,-0.01628347712319695,True,1.0
2019-06-07,0.0018110982849604221,0.0018110982849604221,0.00045934288699597077,True,1.0
2019-06-10,0.005412508825189753,0.005412508825189753,-0.0010222284990399578,False,1.0
2019-06-11,0.0031158557586733224,0.0031158557586733224,0.0004807752762620637,True,1.0
2019-06-12,-0.0002632057034594778,0.0002632057034594778,-0.004702213934570163,False,-1.0
2019-06-13,-0.002712855836257189,0.002712855836257189,0.0033813163949227534,True,-1.0
2019-06-14,-0.0003315577303484012,0.0003315577303484012,-0.00728791593138111,False,-1.0
2019-06-17,0.001750796787229665,0.001750796787229665,-0.014509423283941236,True,1.0
2019-06-18,0.00041975247906634065,0.00041975247906634065,0.001237486827083608,True,1.0
2019-06-19,0.0045289479803703545,0.0045289479803703545,-0.0045127697864608095,True,1.0
2019-06-20,-0.003233115144488682,0.003233115144488682,0.015282731453680438,True,-1.0
2019-06-21,-0.0003507841718258077,0.0003507841718258077,-0.008750718947060232,False,-1.0
2019-06-24,0.0001450171330121133,0.0001450171330121133,-0.002230075090660044,True,1.0
2019-06-25,-0.0015940981142431973,0.0015940981142431973,0.009883588332548583,True,-1.0
2019-06-26,-0.0023990102292590835,0.0023990102292590835,0.006746974794420785,True,-1.0
2019-06-27,0.0011225784999222299,0.0011225784999222299,-0.0016271856842569805,True,1.0
2019-06-28,0.0016552382298591585,0.0016552382298591585,-0.0060955960314900155,True,1.0
2019-07-01,0.004330429426243781,0.004330429426243781,0.0021705603849800125,False,1.0
2019-07-02,0.002081664317493437,0.002081664317493437,0.0016820433738866216,True,1.0
2019-07-03,0.0018345957948850567,0.0018345957948850567,-0.0012906634697715485,True,1.0
2019-07-04,0.001011165350242306,0.001011165350242306,0.0015047779832340178,False,1.0
2019-07-05,0.0015066859187645176,0.0015066859187645176,-0.012837678127415951,True,1.0
2019-07-08,-0.0034501296361737098,0.0034501296361737098,-0.017994356540215667,False,-1.0
2019-07-09,-0.002335923114604707,0.002335923114604707,0.002107320933189864,True,-1.0
2019-07-10,-0.0017090836137721175,0.0017090836137721175,-0.0032289800963648746,True,-1.0
2019-07-11,0.005439633579093925,0.005439633579093925,0.0018553204788441518,False,1.0
2019-07-12,0.0015755984584630664,0.0015755984584630664,-0.004193583307420516,True,1.0
2019-07-15,0.005388444059727332,0.005388444059727332,-0.002273005499472653,True,1.0
2019-07-16,0.0007163040061618998,0.0007163040061618998,0.00568691963011275,True,1.0
2019-07-17,0.000698848532744646,0.000698848532744646,0.001435211961527751,True,1.0
2019-07-18,-0.0010182152406417113,0.0010182152406417113,-0.006740486260492176,False,-1.0
2019-07-19,0.002677422728628491,0.002677422728628491,-0.017948150087246845,True,1.0
2019-07-22,-0.002311919839306434,0.002311919839306434,-0.004094622123697035,False,-1.0
2019-07-23,0.0022959056106080394,0.0022959056106080394,-0.003622871051243158,True,1.0
2019-07-24,-0.0007589419800663535,0.0007589419800663535,-0.004517607915482488,True,-1.0
2019-07-25,0.0016946214073337365,0.0016946214073337365,-0.0033878337947838362,True,1.0
2019-07-26,-0.0004177152943508541,0.0004177152943508541,0.0032762633961568896,True,-1.0
2019-07-29,0.0020559711913062284,0.0020559711913062284,-0.010462065415653327,True,1.0
2019-07-30,0.00218961137278282,0.00218961137278282,-0.011441344288937857,True,1.0
2019-07-31,-0.004632271648115439,0.004632271648115439,0.007608284972289699,True,-1.0
2019-08-01,-0.00519875919117647,0.00519875919117647,-0.00725124264445866,False,-1.0
2019-08-02,-0.004526429445582878,0.004526429445582878,0.006134306092751952,True,-1.0
2019-08-05,-0.009234025314693188,0.009234025314693188,-0.003047063630722812,False,-1.0
2019-08-06,-0.0043451126293253565,0.0043451126293253565,0.01228337413103602,True,-1.0
2019-08-07,0.0008996514853972096,0.0008996514853972096,-0.00936290169211665,True,1.0
2019-08-08,0.004025627130256552,0.004025627130256552,0.012225667719848638,True,1.0
2019-08-09,0.005026099763048089,0.005026099763048089,0.0019615977086509524,False,1.0
2019-08-13,0.0026778520434004712,0.0026778520434004712,-0.019170760881324085,True,1.0
2019-08-14,0.007084153030862338,0.007084153030862338,0.002376606059573308,False,1.0
2019-08-16,0.001292001332376374,0.001292001332376374,0.00037572848793026393,True,1.0
2019-08-19,0.004254240738509604,0.004254240738509604,-0.003686358905297254,True,1.0
2019-08-20,0.0009046580525079789,0.0009046580525079789,-0.004239046716720359,True,1.0
2019-08-21,0.00010441959017881456,0.00010441959017881456,-0.00902603357067254,True,1.0
2019-08-22,-0.0012272880823994887,0.0012272880823994887,-0.015033992485197717,False,-1.0
2019-08-23,-0.003886848628738496,0.003886848628738496,0.01212662199866927,True,-1.0
2019-08-26,0.01578582292370614,0.01578582292370614,0.00523165783745063,True,1.0
2019-08-27,0.00440412892495945,0.00440412892495945,-0.00010806193945067077,True,1.0
2019-08-28,-0.0003646715168769837,0.0003646715168769837,-0.0049724083020613345,True,-1.0
2019-08-29,-0.004530993423689746,0.004530993423689746,-0.004342468508977167,False,-1.0
2019-08-30,0.003607866125760287,0.003607866125760287,0.0032263233716159087,True,1.0
2019-09-03,-0.0056516730263307105,0.0056516730263307105,-0.01487551733947564,False,-1.0
2019-09-04,-0.0006945794764426316,0.0006945794764426316,0.005027616959156948,True,-1.0
2019-09-05,0.0015030272162199789,0.0015030272162199789,-0.0012015343457823968,True,1.0
2019-09-06,0.003309342155605068,0.003309342155605068,0.005733327674598078,False,1.0
2019-09-09,-0.0008678810756693626,0.0008678810756693626,0.006066693626971472,True,-1.0
2019-09-11,0.0023130128250130936,0.0023130128250130936,0.0006528716790588022,False,1.0
2019-09-12,0.002047863658401971,0.002047863658401971,-0.006827450994591078,True,1.0
2019-09-13,0.000364205855622788,0.000364205855622788,0.008109785153224087,True,1.0
2019-09-16,-0.007317760036791591,0.007317760036791591,0.0007867675259172307,False,-1.0
2019-09-17,-0.0003090280933339392,0.0003090280933339392,-0.016590758854989063,False,-1.0
2019-09-18,0.005102813683791839,0.005102813683791839,-0.002956866183504978,True,1.0
2019-09-19,0.00041969849811176216,0.00041969849811176216,-0.012945855133746973,True,1.0
2019-09-20,0.00392347365352958,0.00392347365352958,0.04907511075017518,True,1.0
2019-09-23,0.02381543660291174,0.02381543660291174,0.00498150337677061,False,1.0
2019-09-24,-0.0008189513836010205,0.0008189513836010205,-0.0002156901617566683,True,-1.0
2019-09-25,-0.0020150312856128823,0.0020150312856128823,-0.01077829961242673,False,-1.0
2019-09-26,0.0025916866450159267,0.0025916866450159267,0.008836261100987763,False,1.0
2019-09-27,-0.0012834092995397297,0.0012834092995397297,-0.0038030364462448016,True,-1.0
2019-09-30,-0.0018458357318170335,0.0018458357318170335,-0.0014533092636334107,False,-1.0
2019-10-01,0.0035688154652698586,0.0035688154652698586,-0.01350365551566898,True,1.0
2019-10-03,-0.003314324010804865,0.003314324010804865,-0.0007286537569829319,True,-1.0
2019-10-04,0.006580360200857345,0.006580360200857345,-0.01876464239185585,True,1.0
2019-10-07,0.0019195235072372984,0.0019195235072372984,-0.006234240498550839,True,1.0
2019-10-09,0.002386198928259908,0.002386198928259908,0.014377326767082105,True,1.0
2019-10-10,-0.0028992252705890356,0.0028992252705890356,-0.004073418315899118,False,-1.0
2019-10-11,0.0020606424847874846,0.0020606424847874846,0.004205975337193249,True,1.0
2019-10-14,0.0027289208336533097,0.0027289208336533097,0.00046313039274249864,True,1.0
2019-10-15,0.0017369683031700275,0.0017369683031700275,0.005937073161926194,False,1.0
2019-10-16,0.003206985400397639,0.003206985400397639,-8.287827651344634e-05,True,1.0
2019-10-17,0.00020061101600662946,0.00020061101600662946,0.010469794679398042,True,1.0
2019-10-18,-0.0005221493301570022,0.0005221493301570022,0.007042115149254606,True,-1.0
2019-10-22,-0.0004029565555554997,0.0004029565555554997,-0.005902023989098697,True,-1.0
2019-10-23,0.0006774550477100604,0.0006774550477100604,0.0006812071134899135,True,1.0
2019-10-24,0.004959521478383767,0.004959521478383767,-0.006778695862255507,True,1.0
2019-10-25,0.005486745928656789,0.005486745928656789,-0.005345113871284922,True,1.0
2019-10-29,0.005183902024580519,0.005183902024580519,0.01227241714929586,False,1.0
2019-10-30,0.008233818574626416,0.008233818574626416,-0.003349134538471741,True,1.0
2019-10-31,0.003913390419379111,0.003913390419379111,-0.0010933143645919237,False,1.0
2019-11-01,0.0007703180322415383,0.0007703180322415383,0.00033651339587859817,True,1.0
2019-11-04,0.0032210975483357635,0.0032210975483357635,0.0010394431721673842,False,1.0
2019-11-05,0.002788624792288384,0.002788624792288384,-0.004793430756345422,True,1.0
2019-11-06,-0.0004783166531633923,0.0004783166531633923,0.004579591544935566,True,-1.0
2019-11-07,0.004600499378327438,0.004600499378327438,-0.000752826694859283,True,1.0
2019-11-08,-0.0020728696989570777,0.0020728696989570777,-0.006590390328445776,True,-1.0
2019-11-11,-0.002431124428466388,0.002431124428466388,0.002883190739854267,True,-1.0
2019-11-13,-0.000432317300241578,0.000432317300241578,-0.005697673932284788,True,-1.0
2019-11-14,0.001545532845933906,0.001545532845933906,0.0011257180879097712,True,1.0
2019-11-15,0.002703867638724261,0.002703867638724261,-0.0007350346815778077,False,1.0
2019-11-18,0.001656111789721336,0.001656111789721336,-0.0025723880622703795,True,1.0
2019-11-19,0.002940821684757457,0.002940821684757457,0.0017324133012964547,True,1.0
2019-11-20,0.0054145604090470485,0.0054145604090470485,-0.0004706795747516608,False,1.0
2019-11-21,0.0022127311310305023,0.0022127311310305023,-0.004760657273442039,True,1.0
2019-11-22,-9.1957646935183e-05,9.1957646935183e-05,-0.004420329976339333,False,-1.0
2019-11-25,0.0006756365762085764,0.0006756365762085764,0.012690328096064173,False,1.0
2019-11-26,0.003018962237291645,0.003018962237291645,-0.005986688810318974,True,1.0
2019-11-27,0.002558612042813086,0.002558612042813086,0.0026681190962008533,False,1.0
2019-11-28,0.002594842740973231,0.002594842740973231,0.0015702790006173898,True,1.0
2019-11-29,-0.00040738491034719097,0.00040738491034719097,-0.00742210643455318,False,-1.0
2019-12-02,0.006718618561820015,0.006718618561820015,-0.00732052770688022,True,1.0
2019-12-03,0.0016143652161479966,0.0016143652161479966,-0.006086536561380771,True,1.0
2019-12-04,-0.0020218105088388666,0.0020218105088388666,0.006119490791923688,True,-1.0
2019-12-05,0.0023290989299021743,0.0023290989299021743,-0.004378138914776846,True,1.0
2019-12-06,0.0024087414139224344,0.0024087414139224344,-0.010446248631903769,True,1.0
2019-12-09,0.0014762915216206013,0.0014762915216206013,-0.0001339807378559712,True,1.0
2019-12-10,0.0010890052356020941,0.0010890052356020941,-0.00784069246579641,True,1.0
2019-12-11,0.0008897683069026105,0.0008897683069026105,0.0036065998440113476,True,1.0
2019-12-12,0.0028672529684747304,0.0028672529684747304,0.002302353461456796,False,1.0
2019-12-13,0.004560766704110889,0.004560766704110889,0.00501395286444195,False,1.0
2019-12-16,0.0036940946115149005,0.0036940946115149005,-0.006380115696499787,True,1.0
2019-12-17,0.00236437014739641,0.00236437014739641,0.006832207321618091,False,1.0
2019-12-18,0.0026304973284011508,0.0026304973284011508,0.0020210207940477166,True,1.0
2019-12-19,0.00014318851743152402,0.00014318851743152402,0.0029696977540996624,True,1.0
2019-12-20,0.0005505844264104325,0.0005505844264104325,0.0004361171561308176,True,1.0
2019-12-23,-0.0029620438691572706,0.0029620438691572706,0.0022312055749251283,True,-1.0
2019-12-24,0.0005300605492242768,0.0005300605492242768,-0.004458316140962162,True,1.0
2019-12-26,-0.00022106384235821472,0.00022106384235821472,-0.006985002879663339,True,-1.0
2019-12-27,0.0038222401824122513,0.0038222401824122513,0.005988664305397892,False,1.0
2019-12-30,0.002376372830001741,0.002376372830001741,-0.001552011066790416,True,1.0
2019-12-31,-0.0007139447919878821,0.0007139447919878821,-0.0064218808184016785,False,-1.0
2020-01-01,0.0027694730858562337,0.0027694730858562337,-0.0016104039038969341,True,1.0
2020-01-02,0.001317447542581572,0.001317447542581572,0.006857404524663736,False,1.0
2020-01-03,-0.0017179809481979488,0.0017179809481979488,-0.0028096353383883833,False,-1.0
2020-01-06,-0.004584312093603161,0.004584312093603161,-0.014588418844272354,False,-1.0
2020-01-07,0.007174972679081789,0.007174972679081789,-0.002164847952922298,False,1.0
2020-01-08,-0.009445868778398961,0.009445868778398961,0.0072241628616846005,False,-1.0
2020-01-09,0.01062761461424507,0.01062761461424507,0.005163270261874292,False,1.0
2020-01-10,0.004510482863570644,0.004510482863570644,-0.0011572158188004238,True,1.0
2020-01-13,0.0032553677355275446,0.0032553677355275446,0.0026714166283018158,False,1.0
2020-01-14,0.00028791032468601733,0.00028791032468601733,0.0023676282716717447,True,1.0
2020-01-15,-0.0010434477618483933,0.0010434477618483933,-0.0004939985541428584,False,-1.0
2020-01-16,0.0003078435060012869,0.0003078435060012869,0.0006803533534808197,True,1.0
2020-01-17,-0.0021933235704746875,0.0021933235704746875,0.0019426055279817102,True,-1.0
2020-01-20,0.006326763174326493,0.006326763174326493,-0.016568134452556213,True,1.0
2020-01-21,-0.0023927261508463974,0.0023927261508463974,-0.002086885580518301,True,-1.0
2020-01-22,0.003985258779421416,0.003985258779421416,-0.00912146257989592,True,1.0
2020-01-23,0.0013917360208933018,0.0013917360208933018,0.004668490308279204,True,1.0
2020-01-24,-0.0004761607731715675,0.0004761607731715675,0.006053627977613071,True,-1.0
2020-01-27,-0.004176138683077174,0.004176138683077174,-0.006403129586231358,False,-1.0
2020-01-28,0.002401155984404654,0.002401155984404654,-0.007597880133965141,True,1.0
2020-01-29,0.004902253429467258,0.004902253429467258,0.0012050952879726331,False,1.0
2020-01-30,0.001504596232326147,0.001504596232326147,-0.009215714458438806,True,1.0
2020-01-31,0.005367369596189234,0.005367369596189234,-0.011429438430578791,True,1.0
2020-02-03,-0.02797580901267757,0.02797580901267757,0.0069189885969094716,False,-1.0
2020-02-04,0.0066920290368833145,0.0066920290368833145,0.016408984250715877,False,1.0
2020-02-05,0.002186976906312968,0.002186976906312968,0.006938349551284815,True,1.0
2020-02-06,0.002551842633947504,0.002551842633947504,0.0014810392172029702,True,1.0
2020-02-07,0.0010875143743461497,0.0010875143743461497,-0.004345331886496729,True,1.0
2020-02-10,0.00033062360810770454,0.00033062360810770454,-0.005854202833482587,True,1.0
2020-02-11,0.006391587967003283,0.006391587967003283,-4.1293646053125886e-05,False,1.0
2020-02-12,0.0035596270190966805,0.0035596270190966805,0.0041313632880009875,False,1.0
2020-02-13,0.0015039183917373651,0.0015039183917373651,-0.00367439183768262,True,1.0
2020-02-14,0.0012731371745948173,0.0012731371745948173,-0.006291981054761008,True,1.0
2020-02-17,0.0015148127972739497,0.0015148127972739497,-0.0070888080404006674,True,1.0
2020-02-18,-0.0014569231576196935,0.0014569231576196935,-0.0029721696838692245,False,-1.0
2020-02-19,0.008180079997915363,0.008180079997915363,0.0029196882198156593,False,1.0
2020-02-20,-0.0005690621234473406,0.0005690621234473406,-0.0031479817332288143,True,-1.0
2020-02-24,-0.005653559716073104,0.005653559716073104,-0.015246506115715083,False,-1.0
2020-02-25,0.00406610713871176,0.00406610713871176,-0.006701714112818354,True,1.0
2020-02-26,-0.005030605783437698,0.005030605783437698,-0.005115606756085031,False,-1.0
2020-02-27,-0.0014770732542706683,0.0014770732542706683,-0.0023968438471433165,False,-1.0
2020-02-28,-0.02160176466751435,0.02160176466751435,-0.01583640836408364,False,-1.0
2020-03-02,0.016568804818443545,0.016568804818443545,-0.022358109490674873,True,1.0
2020-03-03,0.007617148026094181,0.007617148026094181,0.007644271832353932,False,1.0
2020-03-04,0.004250953749592102,0.004250953749592102,-0.008840324087289318,True,1.0
2020-03-05,0.00489288104946227,0.00489288104946227,-0.0032769893400026516,True,1.0
2020-03-06,-0.02895994403895643,0.02895994403895643,0.004276825359201391,False,-1.0
2020-03-09,-0.022512535770945804,0.022512535770945804,-0.02705252858241183,False,-1.0
2020-03-11,-0.011209008169750666,0.011209008169750666,0.012008610963774211,True,-1.0
2020-03-12,-0.04001091750967981,0.04001091750967981,-0.04480099960032717,False,-1.0
2020-03-13,-0.05031733201199066,0.05031733201199066,0.09306520074345535,True,-1.0
2020-03-16,-0.03690537441908943,0.03690537441908943,-0.04071835269981677,False,-1.0
2020-03-17,0.00956792096272108,0.00956792096272108,-0.03428506823022112,True,1.0
2020-03-18,0.013538498532877367,0.013538498532877367,-0.06817998418966896,True,1.0
2020-03-19,-0.04788163722745634,0.04788163722745634,0.02482239225541943,True,-1.0
2020-03-20,0.0025413113776509956,0.0025413113776509956,0.05564642059902088,True,1.0
2020-03-23,-0.09144755068511629,0.09144755068511629,-0.0422178268833244,False,-1.0
2020-03-24,0.03128015566998456,0.03128015566998456,-0.0060204122135827836,True,1.0
2020-03-25,-0.008447568467535232,0.008447568467535232,0.07533140461242929,True,-1.0
2020-03-26,0.01600779009936979,0.01600779009936979,0.02253581769169329,True,1.0
2020-03-27,0.03560159546245866,0.03560159546245866,-0.03227694650670818,True,1.0
2020-03-30,-0.03167342798273722,0.03167342798273722,-0.012503125286399673,False,-1.0
2020-03-31,0.02997790290059513,0.02997790290059513,0.008019414581132657,False,1.0
2020-04-01,-0.0015876701026431334,0.0015876701026431334,-0.03847809551589637,False,-1.0
2020-04-03,0.012448811751121731,0.012448811751121731,-0.03263906832063687,True,1.0
2020-04-07,0.044842773047125625,0.044842773047125625,0.04095289045186785,False,1.0
2020-04-08,-0.011749027819290735,0.011749027819290735,0.006888053342120885,True,-1.0
2020-04-09,0.025637925953707674,0.025637925953707674,0.015474179789458517,False,1.0
2020-04-13,-0.0008725068286171951,0.0008725068286171951,-0.012093715758044162,True,-1.0
2020-04-15,0.022521032710938964,0.022521032710938964,-0.02947898899811556,True,1.0
2020-04-16,-0.008296618187392383,0.008296618187392383,0.015992069446405875,True,-1.0
2020-04-17,0.036768347767805125,0.036768347767805125,-0.006081460631495285,False,1.0
2020-04-20,0.013321843722178758,0.013321843722178758,-0.013668567577672243,True,1.0
2020-04-21,-0.02644173943556681,0.02644173943556681,-0.003937029619887978,False,-1.0
2020-04-22,0.005043707163364595,0.005043707163364595,0.01778600323344504,True,1.0
2020-04-23,0.004903486948854646,0.004903486948854646,0.008833155664641336,True,1.0
2020-04-24,-0.016104960726333727,0.016104960726333727,-0.0010366764799974084,False,-1.0
2020-04-27,0.01150264355875643,0.01150264355875643,0.0024406415864782,False,1.0
2020-04-28,0.011581181631917686,0.011581181631917686,-0.0009477746328582327,True,1.0
2020-04-29,0.0029527249620603367,0.0029527249620603367,0.015384861298143341,False,1.0
2020-04-30,0.02095080770712988,0.02095080770712988,0.010908944545547751,False,1.0
2020-05-04,-0.03310382232008635,0.03310382232008635,-0.025174385063198197,False,-1.0
2020-05-05,0.014623165720664981,0.014623165720664981,-0.023734359766132068,True,1.0
2020-05-06,0.002302967347277377,0.002302967347277377,0.004779618813783685,True,1.0
2020-05-07,-0.003974865912135608,0.003974865912135608,-0.0037903196041061938,True,-1.0
2020-05-08,0.019338996353117737,0.019338996353117737,-0.013378571145148243,False,1.0
2020-05-11,0.010446996770793925,0.010446996770793925,-0.0116547328358948,True,1.0
2020-05-12,-0.007614358867685572,0.007614358867685572,0.0030211200415128413,True,-1.0
2020-05-13,0.042151719814251844,0.042151719814251844,-0.020935538337683652,False,1.0
2020-05-14,-0.018074141759260174,0.018074141759260174,-0.00772743435803705,False,-1.0
2020-05-15,0.004336812296628476,0.004336812296628476,-0.004960661625745072,True,1.0
2020-05-18,0.0023476576970787293,0.0023476576970787293,-0.03658428003372539,True,1.0
2020-05-19,0.015691519033519393,0.015691519033519393,-0.009217066420131417,False,1.0
2020-05-20,0.0011319595107805616,0.0011319595107805616,0.01995684697264155,True,1.0
2020-05-21,0.0014228555407405764,0.0014228555407405764,0.002951699068885921,True,1.0
2020-05-22,-0.004211350377487989,0.004211350377487989,-0.003159539627786459,True,-1.0
2020-05-26,0.006693033160937024,0.006693033160937024,-0.00776946567900217,True,1.0
2020-05-27,0.005886598454402873,0.005886598454402873,0.025627050163475454,True,1.0
2020-05-28,0.005367715226771815,0.005367715226771815,0.013363596330191041,False,1.0
2020-05-29,-0.007154763053848676,0.007154763053848676,0.01677947890065569,True,-1.0
2020-06-01,0.01529699567604297,0.01529699567604297,0.010208935599692137,False,1.0
2020-06-02,0.005566698714705995,0.005566698714705995,0.009943476915869654,True,1.0
2020-06-03,0.012947079433010282,0.012947079433010282,-0.004624912290227158,False,1.0
2020-06-04,-0.0007255149384739068,0.0007255149384739068,-0.002501468595370117,True,-1.0
2020-06-05,0.006451246655484363,0.006451246655484363,0.004790127293296057,False,1.0
2020-06-08,0.01820122974567963,0.01820122974567963,-0.015425937946352919,True,1.0
2020-06-09,0.0013474563483788888,0.0013474563483788888,-0.013210687873135653,True,1.0
2020-06-10,0.0025828726730865873,0.0025828726730865873,0.004323688316714726,True,1.0
2020-06-11,-0.0021797601259897492,0.0021797601259897492,-0.019030881089838414,False,-1.0
2020-06-12,-0.03605835232150071,0.03605835232150071,0.04483524654981073,True,-1.0
2020-06-15,-0.005369629611495998,0.005369629611495998,-0.010650840853784241,False,-1.0
2020-06-16,0.020491721305186696,0.020491721305186696,-0.010065084340509725,True,1.0
2020-06-17,-0.003762336563193464,0.003762336563193464,0.00045057511360039774,True,-1.0
2020-06-18,-0.0018115694951858505,0.0018115694951858505,0.02315670703115099,True,-1.0
2020-06-19,0.0027101225583882095,0.0027101225583882095,0.012392567509141219,True,1.0
2020-06-22,0.007257585270001733,0.007257585270001733,-0.0007316588431253786,False,1.0
2020-06-23,0.003564085586923882,0.003564085586923882,0.01189122506051876,True,1.0
2020-06-24,0.005562983478177824,0.005562983478177824,-0.02126933972623881,True,1.0
2020-06-25,-0.006768362039139638,0.006768362039139638,0.005212283360984421,True,-1.0
2020-06-26,0.008747290437567638,0.008747290437567638,0.00039499457752798883,False,1.0
2020-06-29,-0.00684289749470288,0.00684289749470288,4.365763061041985e-05,False,-1.0
2020-06-30,0.006807262721666441,0.006807262721666441,-0.007753356869055442,True,1.0
2020-07-01,0.0021063857014887175,0.0021063857014887175,0.01029175323137876,True,1.0
2020-07-02,0.006040239613399197,0.006040239613399197,0.005589451276482024,False,1.0
2020-07-03,0.005994294647235927,0.005994294647235927,-0.0007160265284010824,False,1.0
2020-07-06,0.010982950905760175,0.010982950905760175,0.003711426651787934,False,1.0
2020-07-07,0.0036418145635928505,0.0036418145635928505,-0.00029614581945338134,True,1.0
2020-07-08,0.001759316210503776,0.001759316210503776,-0.01043571855532321,True,1.0
2020-07-09,0.004651687615300189,0.004651687615300189,0.005383303659638652,False,1.0
2020-07-10,-0.004563814975436137,0.004563814975436137,0.00036697870289676386,True,-1.0
2020-07-13,0.0077822638460513655,0.0077822638460513655,-0.004529127829051319,True,1.0
2020-07-14,-0.004799780147559679,0.004799780147559679,-0.013347782288282085,False,-1.0
2020-07-15,0.008828820966005476,0.008828820966005476,-0.007737576365526586,True,1.0
2020-07-16,0.008287656889238949,0.008287656889238949,0.0031523789378398487,True,1.0
2020-07-17,0.0011219609465935132,0.0011219609465935132,0.013923009236653646,False,1.0
2020-07-20,0.008966491303992236,0.008966491303992236,0.00206828519571779,False,1.0
2020-07-21,0.00942637696842833,0.00942637696842833,0.0032491521642084883,False,1.0
2020-07-22,0.006177087532755493,0.006177087532755493,-0.008779167339448935,True,1.0
2020-07-23,0.00021561815831215017,0.00021561815831215017,0.007224983862819937,True,1.0
2020-07-24,-0.005840157894631438,0.005840157894631438,0.003964160784420545,True,-1.0
2020-07-27,0.002755868761673621,0.002755868761673621,-0.008302912722717149,True,1.0
2020-07-28,0.0020032524011175403,0.0020032524011175403,0.013129719156300962,False,1.0
2020-07-29,-0.0020927666769532008,0.0020927666769532008,-0.0065665899923672095,True,-1.0
2020-07-30,0.004592598946382747,0.004592598946382747,-0.013519225247503059,True,1.0
2020-07-31,0.003364177934982683,0.003364177934982683,-0.005929332976121011,True,1.0
2020-08-03,-0.0014359021212495082,0.0014359021212495082,-0.01500786324671589,False,-1.0
2020-08-04,0.0050544257248140816,0.0050544257248140816,0.013574893147429339,False,1.0
2020-08-05,0.005452783848944368,0.005452783848944368,-0.004849482049615669,True,1.0
2020-08-06,0.007570928801584083,0.007570928801584083,0.0012918453972649406,False,1.0
2020-08-07,-0.0012053409578589294,0.0012053409578589294,0.0024492956430874203,True,-1.0
2020-08-10,0.005011587810944819,0.005011587810944819,-8.838257802621946e-06,False,1.0
2020-08-11,0.004622796286581829,0.004622796286581829,2.2080416878270662e-05,False,1.0
2020-08-12,-0.0029587105321262973,0.0029587105321262973,0.001718521625033218,False,-1.0
2020-08-13,0.0023389000951829744,0.0023389000951829744,-0.003034836389364038,True,1.0
2020-08-14,0.004676770257960374,0.004676770257960374,-0.015405161236937326,True,1.0
2020-08-17,0.006306805762578187,0.006306805762578187,-0.00016008509165045125,True,1.0
2020-08-18,0.0011291973711972617,0.0011291973711972617,0.011150269708634883,False,1.0
2020-08-19,0.005867257795491362,0.005867257795491362,-0.003820243230111157,False,1.0
2020-08-20,-0.007972212772900177,0.007972212772900177,-0.00046388540787875197,False,-1.0
2020-08-21,0.00861461021109589,0.00861461021109589,-0.003334964696312281,False,1.0
2020-08-24,0.003552744733616282,0.003552744733616282,0.004771310490054329,False,1.0
2020-08-25,0.004068339657688509,0.004068339657688509,-0.003548098319390599,True,1.0
2020-08-26,0.0035389404323476216,0.0035389404323476216,0.0031920854737887134,True,1.0
2020-08-27,0.005169027267753972,0.005169027267753972,-0.004311182029022227,True,1.0
2020-08-28,0.0037805389893375437,0.0037805389893375437,0.003848108740528595,False,1.0
2020-08-31,0.011156821977972594,0.011156821977972594,-0.033118077287370845,True,1.0
2020-09-01,0.006744219950603732,0.006744219950603732,0.0005190195139582006,True,1.0
2020-09-02,0.0007235940530938733,0.0007235940530938733,0.004917885645227362,True,1.0
2020-09-03,0.002704828375596012,0.002704828375596012,-0.003350279205413065,True,1.0
2020-09-04,-0.01501197591448876,0.01501197591448876,-0.0018099398068583336,False,-1.0
2020-09-07,0.0022719553274026523,0.0022719553274026523,-0.00040052509278100585,True,1.0
2020-09-08,0.002069563797976379,0.002069563797976379,-0.005378558459821304,True,1.0
2020-09-09,-0.00872554117425144,0.00872554117425144,0.0052948133183540235,False,-1.0
2020-09-10,0.007563380447552758,0.007563380447552758,0.007563841207203254,False,1.0
2020-09-11,-0.00012666290914252026,0.00012666290914252026,0.0014544620721077084,True,-1.0
2020-09-14,0.006603037565940296,0.006603037565940296,-0.008674114508838622,True,1.0
2020-09-15,0.0041215196987761694,0.0041215196987761694,0.003012014136318336,False,1.0
2020-09-16,0.0014451206328221391,0.0014451206328221391,0.005728638444169304,True,1.0
2020-09-17,-0.005614126800178304,0.005614126800178304,-0.0020192367420520693,False,-1.0
2020-09-18,0.005904776991043279,0.005904776991043279,-0.006832590942022327,True,1.0
2020-09-21,-9.999092612054135e-05,9.999092612054135e-05,-0.022014465159312595,True,-1.0
2020-09-22,0.004550906062490175,0.004550906062490175,-0.013104130720906054,True,1.0
2020-09-23,0.009422888982008938,0.009422888982008938,-0.011271268180304208,True,1.0
2020-09-24,-0.010856202124148633,0.010856202124148633,-0.018658631851103443,False,-1.0
2020-09-25,0.009703401292178147,0.009703401292178147,0.012818008905994764,False,1.0
2020-09-28,0.008198874177054817,0.008198874177054817,0.007782188823331928,False,1.0
2020-09-29,0.005437500233756409,0.005437500233756409,-0.005864254295548104,True,1.0
2020-09-30,0.001964802887082876,0.001964802887082876,0.00027565681924511895,True,1.0
2020-10-01,0.010393409467391814,0.010393409467391814,0.0046196691522881325,False,1.0
2020-10-05,0.0062056510857066705,0.0062056510857066705,0.0013535929378883356,False,1.0
2020-10-06,0.008701864181883165,0.008701864181883165,0.00508040232174344,False,1.0
2020-10-07,0.0014447805606592635,0.0014447805606592635,0.005103033959800501,True,1.0
2020-10-08,0.00822489293779619,0.00822489293779619,-6.765983604866557e-05,False,1.0
2020-10-09,0.001474506606769907,0.001474506606769907,0.005243851624756036,True,1.0
2020-10-12,0.004981417837711876,0.004981417837711876,-0.003557809510954117,True,1.0
2020-10-13,0.000310134168019053,0.000310134168019053,-1.2601175575125018e-05,True,1.0
2020-10-14,-0.0014327880828689933,0.0014327880828689933,0.00450177155285511,True,-1.0
2020-10-15,0.004377259428365388,0.004377259428365388,-0.028535951026042613,True,1.0
2020-10-16,0.004028199739178665,0.004028199739178665,0.002988710500199103,True,1.0
2020-10-19,0.009925653079196586,0.009925653079196586,-0.000517744505006905,False,1.0
2020-10-20,-0.0010148870665684158,0.0010148870665684158,0.003018278786569429,True,-1.0
2020-10-21,0.005190471472476965,0.005190471472476965,-0.0017476545571025568,True,1.0
2020-10-22,-0.003991605472247813,0.003991605472247813,0.000542489092724979,True,-1.0
2020-10-23,0.0051654228197175085,0.0051654228197175085,-0.0023039814975879735,False,1.0
2020-10-26,0.0005909953589674705,0.0005909953589674705,-0.01421166963271454,True,1.0
2020-10-27,0.0033438515752798963,0.0033438515752798963,0.006970448626066646,True,1.0
2020-10-28,0.0027923375157066933,0.0027923375157066933,-0.016187744814330583,True,1.0
2020-10-29,-0.008209982258092717,0.008209982258092717,0.003223504992529275,True,-1.0
2020-10-30,0.0006555155390402011,0.0006555155390402011,-0.0030868654731232817,True,1.0
2020-11-02,0.004719749957598749,0.004719749957598749,-0.0024107357385812723,True,1.0
2020-11-03,0.005595934794015671,0.005595934794015671,0.006736558029713026,False,1.0
2020-11-04,-0.0025521979620772846,0.0025521979620772846,0.010620952002088487,True,-1.0
2020-11-05,0.012923574810009657,0.012923574810009657,0.004799991062102359,False,1.0
2020-11-06,0.0029991490741377116,0.0029991490741377116,0.008793492502255308,False,1.0
2020-11-09,0.011077590754805251,0.011077590754805251,0.004971967362963147,False,1.0
2020-11-10,0.007651890284687873,0.007651890284687873,0.005949094997462232,False,1.0
2020-11-11,0.003918898712766094,0.003918898712766094,0.005405957396471942,True,1.0
2020-11-12,-0.003686520164870055,0.003686520164870055,-0.0008935956187290507,False,-1.0
2020-11-13,-0.0024505633887245614,0.0024505633887245614,0.0047591964320220425,True,-1.0
2020-11-17,0.01670995573283203,0.01670995573283203,-0.004508007321670211,False,1.0
2020-11-18,-0.0010952591791010076,0.0010952591791010076,0.0060769661976823606,True,-1.0
2020-11-19,-0.007632407783123684,0.007632407783123684,-0.005280564249970793,True,-1.0
2020-11-20,0.0032650465227648316,0.0032650465227648316,0.003562630735858349,True,1.0
2020-11-23,0.007873832167839602,0.007873832167839602,-0.002611792156440488,True,1.0
2020-11-24,0.005890976479382867,0.005890976479382867,0.004041559597983036,False,1.0
2020-11-25,0.005733339497088448,0.005733339497088448,-0.020685423410129473,True,1.0
2020-11-26,0.0037368415376560285,0.0037368415376560285,0.00624105028637192,True,1.0
2020-11-27,0.0019288368897743898,0.0019288368897743898,-0.0033122843842384978,True,1.0
2020-12-01,0.0071902504517061296,0.0071902504517061296,0.0035866552858233214,True,1.0
2020-12-02,0.0009421419646360417,0.0009421419646360417,-0.0005830468088197403,True,1.0
2020-12-03,0.007743765489467163,0.007743765489467163,-0.006159482967887525,True,1.0
2020-12-04,0.003312039737338831,0.003312039737338831,0.006158226331214264,False,1.0
2020-12-07,0.0004751503580936682,0.0004751503580936682,0.006852726815745855,True,1.0
2020-12-08,0.0028526746438799766,0.0028526746438799766,-6.715127381081364e-05,True,1.0
2020-12-09,0.004864455785499907,0.004864455785499907,0.0052756334148798345,False,1.0
2020-12-10,-0.0030009099309806597,0.0030009099309806597,-0.0007562142056196019,False,-1.0
2020-12-11,0.002522573358115646,0.002522573358115646,0.00011469584821988357,True,1.0
2020-12-14,0.004262337350383165,0.004262337350383165,-0.0009799840471060104,True,1.0
2020-12-15,-0.0008076466919906485,0.0008076466919906485,0.001524256950867601,True,-1.0
2020-12-16,0.007020272389678092,0.007020272389678092,0.0014345636420633988,False,1.0
2020-12-17,0.0022546433770118447,0.0022546433770118447,0.0019798222204814968,True,1.0
2020-12-18,0.0017248171472793708,0.0017248171472793708,-0.0002797496315293656,True,1.0
2020-12-21,-0.0013552811716975959,0.0013552811716975959,-0.030090452429861737,True,-1.0
2020-12-22,0.0033950060527764593,0.0033950060527764593,0.006927758043342282,True,1.0
2020-12-23,0.0005346825346925423,0.0005346825346925423,0.009470412986603333,True,1.0
2020-12-24,0.005223899779472679,0.005223899779472679,0.0056391721252471915,False,1.0
2020-12-28,0.004793017119115588,0.004793017119115588,0.004201894517695063,False,1.0
2020-12-29,0.002677782598066458,0.002677782598066458,0.001599528453620204,True,1.0
2020-12-30,0.0034667458051044014,0.0034667458051044014,7.508848916511519e-05,True,1.0
2020-12-31,-0.0008546873036714397,0.0008546873036714397,0.0008410880458124552,True,-1.0
2021-01-01,0.001026309966563556,0.001026309966563556,0.0016004737927126182,False,1.0
2021-01-04,0.00612402249705746,0.00612402249705746,0.002024253655129381,True,1.0
2021-01-05,-0.004086210077466351,0.004086210077466351,0.008834691347797267,True,-1.0
2021-01-06,0.00291913062519807,0.00291913062519807,-0.006649850888718871,True,1.0
2021-01-07,0.007599187063709463,0.007599187063709463,-0.00816629943874419,True,1.0
2021-01-08,0.008562480563522793,0.008562480563522793,0.006231386897608743,False,1.0
2021-01-11,0.008837917000644723,0.008837917000644723,0.0007392675482596918,False,1.0
2021-01-12,-0.0007559809670515542,0.0007559809670515542,0.006193977520399704,True,-1.0
2021-01-13,0.005242549557355197,0.005242549557355197,-0.005119618868592847,True,1.0
2021-01-14,-0.0010161316515052627,0.0010161316515052627,0.003130560052985214,True,-1.0
2021-01-15,-8.564225064087836e-05,8.564225064087836e-05,-0.011007644627020812,True,-1.0
2021-01-18,0.0013579060885139617,0.0013579060885139617,-0.011900396610068026,True,1.0
2021-01-19,0.006326495989380781,0.006326495989380781,0.010402423934381448,False,1.0
2021-01-20,0.0011809955548406023,0.0011809955548406023,0.0073186268033002,True,1.0
2021-01-21,0.0058895026084321645,0.0058895026084321645,-0.009544570042891066,True,1.0
2021-01-22,-0.0004762887069912837,0.0004762887069912837,-0.014502790455918886,True,-1.0
2021-01-25,0.007368504594672792,0.007368504594672792,-0.016501085612825726,True,1.0
2021-01-27,-6.673235196768535e-05,6.673235196768535e-05,-0.018995023272488983,False,-1.0
2021-01-28,-0.011247510962949705,0.011247510962949705,0.0005176833299745083,False,-1.0
2021-01-29,0.009339557773384745,0.009339557773384745,-0.022371044465223727,True,1.0
2021-02-01,0.009094509817122827,0.009094509817122827,0.037983559430089395,False,1.0
2021-02-02,0.013997381965705706,0.013997381965705706,0.011515009529528185,False,1.0
2021-02-03,0.007308293306171354,0.007308293306171354,0.002375468743236655,True,1.0
2021-02-04,-6.087854341019811e-05,6.087854341019811e-05,0.0072080753899220855,True,-1.0
2021-02-05,0.0038232112903134868,0.0038232112903134868,-0.0018959652579224637,True,1.0
2021-02-08,0.009384043063303014,0.009384043063303014,0.0034186786420683786,False,1.0
2021-02-09,0.0031986786383943902,0.0031986786383943902,-0.003617122260368146,True,1.0
2021-02-10,0.0006452979374315655,0.0006452979374315655,-0.0008300657018544291,True,1.0
2021-02-11,-0.0022010392877238275,0.0022010392877238275,0.00663757349526479,True,-1.0
2021-02-12,0.0008502033698045479,0.0008502033698045479,-0.0015079737083980116,True,1.0
2021-02-15,0.0070565115362899175,0.0070565115362899175,0.0029076305765372385,False,1.0
2021-02-16,0.003705590006742016,0.003705590006742016,-0.0037732288927226276,True,1.0
2021-02-17,-0.0021908717016475955,0.0021908717016475955,-0.004646627149713759,True,-1.0
2021-02-18,0.0019593661554828156,0.0019593661554828156,-0.0078582817737195,True,1.0
2021-02-19,-0.0029202021340534907,0.0029202021340534907,-0.006172539993437672,True,-1.0
2021-02-22,0.001154725228194303,0.001154725228194303,-0.021558006246098792,True,1.0
2021-02-23,0.007260287636669806,0.007260287636669806,-0.00503645894992305,True,1.0
2021-02-24,0.0014516505677956936,0.0014516505677956936,0.017166611968056012,True,1.0
2021-02-25,0.006531144665264985,0.006531144665264985,0.0011604890269675113,False,1.0
2021-02-26,-0.013826930249424212,0.013826930249424212,-0.02414258077862899,False,-1.0
2021-03-01,0.011931159408113403,0.011931159408113403,0.004016310470158137,False,1.0
2021-03-02,0.007028394807641024,0.007028394807641024,0.0036191536931219656,True,1.0
2021-03-03,0.009739246003739701,0.009739246003739701,0.01202830607600986,False,1.0
2021-03-04,-0.014354936177152552,0.014354936177152552,0.003593591428618963,False,-1.0
2021-03-05,-0.006816624152479154,0.006816624152479154,-0.0026606168012210138,True,-1.0
2021-03-08,0.004307816095771261,0.004307816095771261,-0.0030828297643308135,True,1.0
2021-03-09,0.006264973328042711,0.006264973328042711,0.0032226126911917632,True,1.0
2021-03-10,0.006871588864766174,0.006871588864766174,-0.0017991261258911639,False,1.0
2021-03-12,0.009644317409201818,0.009644317409201818,-0.018941149190081268,True,1.0
2021-03-15,0.0011609509103384533,0.0011609509103384533,-0.007901197970454969,True,1.0
2021-03-16,0.004460940378110453,0.004460940378110453,-0.00571144606221175,True,1.0
2021-03-17,0.0024210945278063355,0.0024210945278063355,-0.015070367606131929,True,1.0
2021-03-18,0.009116056129076896,0.009116056129076896,-0.020036376468311398,True,1.0
2021-03-19,-0.005955496249539989,0.005955496249539989,0.018854728339480396,True,-1.0
2021-03-22,-0.0005222595844072165,0.0005222595844072165,6.825725510009264e-06,True,-1.0
2021-03-23,0.0021816327739678414,0.0021816327739678414,0.0031282824599227865,True,1.0
2021-03-24,-0.006905267026949493,0.006905267026949493,-0.0110824371551279,False,-1.0
2021-03-25,0.001477724127645402,0.001477724127645402,-0.016882964909860874,True,1.0
2021-03-26,0.012663223416284118,0.012663223416284118,6.893556685467541e-05,False,1.0
2021-03-30,0.008354428249517433,0.008354428249517433,0.014806686220391701,False,1.0
2021-03-31,-0.0022397963553576904,0.0022397963553576904,-0.008179222531791019,False,-1.0
2021-04-01,0.007331181896072245,0.007331181896072245,0.004659234574682837,False,1.0
2021-04-05,-0.001994263593815254,0.001994263593815254,-0.013472464599881334,False,-1.0
2021-04-06,0.006776988115436097,0.006776988115436097,-0.0036303182465902153,True,1.0
2021-04-07,0.0022440286929206253,0.0022440286929206253,0.006971763435701372,True,1.0
2021-04-08,0.003819447716519337,0.003819447716519337,-0.0001244036992605234,False,1.0
2021-04-09,0.0005950453854240209,0.0005950453854240209,-0.003211846008296416,True,1.0
2021-04-12,-0.012821108656861752,0.012821108656861752,-0.022796760389119267,False,-1.0
2021-04-13,0.0037804026802037553,0.0037804026802037553,0.009738975576454598,True,1.0
2021-04-15,0.0012134318414937404,0.0012134318414937404,0.004066118761304768,True,1.0
2021-04-16,0.0012446919764081143,0.0012446919764081143,0.0012500342809593852,True,1.0
2021-04-19,-0.021292461498603952,0.021292461498603952,0.0036941402835421098,False,-1.0
2021-04-20,0.011647381879189017,0.011647381879189017,-0.015853552533686456,True,1.0
2021-04-22,-0.005403458065616112,0.005403458065616112,0.013151278020330472,True,-1.0
2021-04-23,-0.005539355003674781,0.005539355003674781,0.0010470217751899738,True,-1.0
2021-04-26,0.00753768570475642,0.00753768570475642,0.002460287706935216,False,1.0
2021-04-27,0.0006075115421125302,0.0006075115421125302,0.010987456853688312,True,1.0
2021-04-28,0.003920698835959851,0.003920698835959851,0.010472098479827335,False,1.0
2021-04-29,0.007699539966989677,0.007699539966989677,-0.005614500926296816,True,1.0
2021-04-30,-0.00990612742485139,0.00990612742485139,-0.00788277236786324,False,-1.0
2021-05-03,-0.010255538455315712,0.010255538455315712,0.010572478377081578,True,-1.0
2021-05-04,0.0036284723033198378,0.0036284723033198378,-0.01298745510561882,True,1.0
2021-05-05,0.0074259573431517956,0.0074259573431517956,0.0009380359954930406,False,1.0
2021-05-06,0.003454680500175099,0.003454680500175099,0.0038484353602003677,True,1.0
2021-05-07,0.00625134507147573,0.00625134507147573,0.0004252443276479863,False,1.0
2021-05-10,0.007090234302788357,0.007090234302788357,0.0009444917773349186,False,1.0
2021-05-11,-0.01021589094440181,0.01021589094440181,0.0041278595158304385,False,-1.0
2021-05-12,-0.0018315704804471155,0.0018315704804471155,-0.008570808366517198,False,-1.0
2021-05-14,0.003599523058211139,0.003599523058211139,-0.004854474354293798,True,1.0
2021-05-17,0.005344819820164474,0.005344819820164474,0.011310488140618382,False,1.0
2021-05-18,0.009652774442184457,0.009652774442184457,0.0027144667577473393,False,1.0
2021-05-19,-0.0032763882473533508,0.0032763882473533508,-0.0018892340249413652,True,-1.0
2021-05-20,0.0008282830461739859,0.0008282830461739859,-0.00907754033434474,True,1.0
2021-05-21,0.005484350385995095,0.005484350385995095,0.012510175105311891,False,1.0
2021-05-24,0.0023755579890661913,0.0023755579890661913,-0.0008973177537177665,True,1.0
2021-05-25,0.006188423477159277,0.006188423477159277,-0.005447368985727598,True,1.0
2021-05-26,0.003195566198453227,0.003195566198453227,0.002910155711188584,True,1.0
2021-05-27,0.0014704488602585348,0.0014704488602585348,0.0009070385824375587,True,1.0
2021-05-28,0.005434307159104844,0.005434307159104844,0.0009370344155763148,False,1.0
2021-05-31,0.00013602338235616033,0.00013602338235616033,0.009395786606694628,True,1.0
2021-06-01,0.0030065576484789827,0.0030065576484789827,-0.003506206465300765,True,1.0
2021-06-02,-0.003499231220004507,0.003499231220004507,0.003598539165880883,True,-1.0
2021-06-03,0.0050942854085092885,0.0050942854085092885,0.0022228414282250523,False,1.0
2021-06-04,0.0014117206548262709,0.0014117206548262709,-0.0026889419252187747,True,1.0
2021-06-07,0.0035002383098546607,0.0035002383098546607,0.0016884332633524902,False,1.0
2021-06-08,0.0014125503961948433,0.0014125503961948433,-0.0021428296371193666,True,1.0
2021-06-09,0.0016645507946401329,0.0016645507946401329,-0.008305702475197574,True,1.0
2021-06-10,0.003629595846451207,0.003629595846451207,0.002909132095855859,False,1.0
2021-06-11,0.003729897559212721,0.003729897559212721,0.00018354845719454002,False,1.0
2021-06-14,-0.0005031358218241529,0.0005031358218241529,0.0012949591704444555,True,-1.0
2021-06-15,0.003484765368931306,0.003484765368931306,0.00014494308352839102,False,1.0
2021-06-16,-0.0013705751689588354,0.0013705751689588354,-0.005044972097333965,True,-1.0
2021-06-17,-0.007563001320886802,0.007563001320886802,0.002754330277119887,True,-1.0
2021-06-18,0.004148744392112668,0.004148744392112668,-0.004642553271665662,True,1.0
2021-06-21,-0.010042497548218373,0.010042497548218373,0.014211807802889208,True,-1.0
2021-06-22,0.005969580541707681,0.005969580541707681,-0.004277011457971655,False,1.0
2021-06-23,0.005709201292577388,0.005709201292577388,-0.011085660257972616,True,1.0
2021-06-24,0.0032096493421675575,0.0032096493421675575,0.003377351342647019,False,1.0
2021-06-25,0.00309677136862229,0.00309677136862229,0.0013258120136176875,True,1.0
2021-06-28,0.0034677671901689787,0.0034677671901689787,-0.0063240466928362075,True,1.0
2021-06-29,-0.0004552849705386226,0.0004552849705386226,-0.003735556203542622,True,-1.0
2021-06-30,0.0018065393711546394,0.0018065393711546394,-0.003511487634029825,True,1.0
2021-07-01,0.0021340078674108704,0.0021340078674108704,-0.004763539666194575,True,1.0
2021-07-02,0.0016485720264668368,0.0016485720264668368,0.0010410507132158039,True,1.0
2021-07-05,0.004528640675477978,0.004528640675477978,0.0025928057123346,False,1.0
2021-07-06,-0.0013009444582936104,0.0013009444582936104,0.0002845624851790372,True,-1.0
2021-07-07,8.531976514469047e-05,8.531976514469047e-05,0.0037959735222636575,True,1.0
2021-07-08,-0.0015271117060811788,0.0015271117060811788,-0.008041424174654609,True,-1.0
2021-07-09,-0.002521022491256022,0.002521022491256022,9.878760776377225e-05,True,-1.0
2021-07-12,0.0049076470674275525,0.0049076470674275525,-0.004706103726289474,True,1.0
2021-07-13,0.0064616693950709,0.0064616693950709,0.0011618088752057742,False,1.0
2021-07-14,-0.00023079517925256947,0.00023079517925256947,0.002862347912285493,True,-1.0
2021-07-15,0.0011479912001919376,0.0011479912001919376,0.003279316501325718,False,1.0
2021-07-16,0.002144497911584428,0.002144497911584428,-0.002190027139740597,True,1.0
2021-07-19,-0.010607055432986609,0.010607055432986609,-0.00013327045447332508,False,-1.0
2021-07-20,-0.0030757341174069575,0.0030757341174069575,-0.004575319269603059,False,-1.0
2021-07-22,0.006684962520154904,0.006684962520154904,0.005557121454650342,False,1.0
2021-07-23,0.0020696345375694272,0.0020696345375694272,-4.729832054626111e-05,True,1.0
2021-07-26,-0.00042570502004884644,0.00042570502004884644,-0.0015678679614383104,True,-1.0
2021-07-27,0.0022781078800563088,0.0022781078800563088,-0.007190807647142272,True,1.0
2021-07-28,0.0009589214831095674,0.0009589214831095674,-0.0033086476081806825,True,1.0
2021-07-29,0.0033928605396873115,0.0033928605396873115,0.0009991942880880093,False,1.0
2021-07-30,0.0014037762763975516,0.0014037762763975516,-0.002376479729618647,True,1.0
2021-08-02,0.007095745260174125,0.007095745260174125,0.0006456733426846059,False,1.0
2021-08-03,0.004179967606834065,0.004179967606834065,0.01123403039244754,False,1.0
2021-08-04,0.003998574151852828,0.003998574151852828,0.003923977998950309,False,1.0
2021-08-05,0.0018544044448045593,0.0018544044448045593,0.0003468249331455223,True,1.0
2021-08-06,0.0006014741991181655,0.0006014741991181655,-0.00406026555570636,True,1.0
2021-08-09,0.0026572781184799033,0.0026572781184799033,-0.0014187773083442028,True,1.0
2021-08-10,0.001017932722617748,0.001017932722617748,0.00032564484670180333,True,1.0
2021-08-11,0.0028992571572055655,0.0028992571572055655,-0.002759170544205135,True,1.0
2021-08-12,0.00131433865866204,0.00131433865866204,0.003726159390349338,False,1.0
2021-08-13,0.0013015342827471933,0.0013015342827471933,0.00875155760584866,False,1.0
2021-08-16,-0.0006472959207004598,0.0006472959207004598,0.0027030698838333813,True,-1.0
2021-08-17,-0.0010747284111542518,0.0010747284111542518,0.004191511725419682,True,-1.0
2021-08-18,0.004655520517711092,0.004655520517711092,-0.007374789352745137,True,1.0
2021-08-20,-0.0112469853833159,0.0112469853833159,0.0041507706394018,False,-1.0
2021-08-23,0.008616759369016139,0.008616759369016139,-0.005773827012611309,True,1.0
2021-08-24,0.00393728195769402,0.00393728195769402,0.00381605524045995,True,1.0
2021-08-25,0.001768487140491518,0.001768487140491518,-0.0011618595757775909,True,1.0
2021-08-26,-0.0004028441667025755,0.0004028441667025755,0.0005383208570847981,True,-1.0
2021-08-27,0.0003396300087355233,0.0003396300087355233,0.003764353092470754,True,1.0
2021-08-30,0.004229245619872743,0.004229245619872743,0.009251464187439277,False,1.0
2021-08-31,0.0009715415163845828,0.0009715415163845828,0.010898316492107981,True,1.0
2021-09-01,0.0031169606390379226,0.0031169606390379226,-0.00636286262106026,True,1.0
2021-09-02,0.0011214634726593954,0.0011214634726593954,0.008116218212478342,True,1.0
2021-09-03,0.001642020493240789,0.001642020493240789,0.0035423936574759114,True,1.0
2021-09-06,0.004372647816162088,0.004372647816162088,-0.001238484691024842,False,1.0
2021-09-07,0.0013666861704172237,0.0013666861704172237,-0.0022671066717518218,True,1.0
2021-09-08,0.0007862177347277289,0.0007862177347277289,-0.0012805202653122887,True,1.0
2021-09-09,-0.0023424894473737285,0.0023424894473737285,0.003257718509520171,True,-1.0
2021-09-13,-0.0003281211767923198,0.0003281211767923198,-0.0004751332319025869,True,-1.0
2021-09-14,0.003748066884284498,0.003748066884284498,-0.0023162341904599494,False,1.0
2021-09-15,0.00044018358026467206,0.00044018358026467206,0.007580025199728121,False,1.0
2021-09-16,0.0011273185448582926,0.0011273185448582926,0.0051485122053614284,True,1.0
2021-09-17,0.00454637911597039,0.00454637911597039,-0.007030065374181913,True,1.0
2021-09-20,-0.008035233029643598,0.008035233029643598,-0.002691448264078571,True,-1.0
2021-09-21,0.0030809861625628577,0.0030809861625628577,0.006389501733474685,True,1.0
2021-09-22,0.0010762094650381506,0.0010762094650381506,-0.0019481368552809607,True,1.0
2021-09-23,0.00707822951874384,0.00707822951874384,0.008607373880557835,False,1.0
2021-09-24,0.004180004054639,0.004180004054639,-0.0024724193631817733,True,1.0
2021-09-27,0.004424977228564821,0.004424977228564821,-0.004299506626849441,True,1.0
2021-09-28,0.0028759071916931995,0.0028759071916931995,-0.008815237875843877,True,1.0
2021-09-29,-0.005107467215448226,0.005107467215448226,0.003021390640502518,True,-1.0
2021-09-30,0.0004290825088942816,0.0004290825088942816,-0.005686018758438669,True,1.0
2021-10-01,-0.004895519568608944,0.004895519568608944,8.578113133726212e-06,False,-1.0
2021-10-04,0.004762705803322264,0.004762705803322264,0.004297295025857169,False,1.0
2021-10-05,-0.001690123118773405,0.001690123118773405,0.009113186445817474,True,-1.0
2021-10-06,0.0021994477161579296,0.0021994477161579296,-0.012065056126305181,True,1.0
2021-10-07,0.009325103777059958,0.009325103777059958,-0.0011342249952352242,False,1.0
2021-10-08,0.005424289129717119,0.005424289129717119,0.0004668015641291989,False,1.0
2021-10-11,-0.0015450198213513532,0.0015450198213513532,0.004387755124349243,True,-1.0
2021-10-12,-0.001679957807330737,0.001679957807330737,0.004250350761864582,True,-1.0
2021-10-13,0.005885987634660381,0.005885987634660381,0.0035308278057465175,False,1.0
2021-10-14,0.00611723040868859,0.00611723040868859,0.003595562448086455,False,1.0
2021-10-18,0.008809247254705284,0.008809247254705284,-0.001245875893193565,False,1.0
2021-10-19,0.006781321846674242,0.006781321846674242,-0.009869699969646392,True,1.0
2021-10-20,0.0011483076009501188,0.0011483076009501188,-0.009398140856449938,True,1.0
2021-10-21,0.0063558413638964304,0.0063558413638964304,-0.011130009088453796,True,1.0
2021-10-22,0.0028935703129205417,0.0028935703129205417,-0.006351858847295481,True,1.0
2021-10-25,0.006326262187691008,0.006326262187691008,-0.005710502722235936,True,1.0
2021-10-26,0.0016054602242084092,0.0016054602242084092,0.006273948091382302,True,1.0
2021-10-27,0.0015025518470728517,0.0015025518470728517,-0.004640418042215218,True,1.0
2021-10-28,-0.0012793857061010041,0.0012793857061010041,-0.01816619428726803,False,-1.0
2021-10-29,-0.0013551481191112853,0.0013551481191112853,-0.009050632592528664,True,-1.0
2021-11-01,0.006309540848496637,0.006309540848496637,0.008238135357457951,False,1.0
2021-11-02,0.002300658356482437,0.002300658356482437,-0.0045602151307761974,True,1.0
2021-11-03,0.003298125523111226,0.003298125523111226,-0.006616354802026258,True,1.0
2021-11-04,0.005936977942827722,0.005936977942827722,-0.0010175605423475723,False,1.0
2021-11-08,0.006887303096495717,0.006887303096495717,0.001571577018425214,True,1.0
2021-11-09,0.0008743826948974057,0.0008743826948974057,-0.002217365304318835,True,1.0
2021-11-10,-0.003923730897654377,0.003923730897654377,0.00243414602659348,True,-1.0
2021-11-11,-0.0027612504804979095,0.0027612504804979095,-0.005223312905042909,False,-1.0
2021-11-12,0.005818637670805285,0.005818637670805285,0.006961462783926742,False,1.0
2021-11-15,0.0021101334741959092,0.0021101334741959092,-0.0017364030746220512,True,1.0
2021-11-16,0.0009719546015665596,0.0009719546015665596,-0.007053081278519133,True,1.0
2021-11-17,-0.003325126226318662,0.003325126226318662,-0.0022687120568033762,True,-1.0
2021-11-18,-0.00045252626305514263,0.00045252626305514263,-0.007028850119683902,True,-1.0
2021-11-22,0.001770310803777396,0.001770310803777396,-0.021335911708927444,True,1.0
2021-11-23,-0.007739809273551536,0.007739809273551536,0.012822752867909789,True,-1.0
2021-11-24,0.002668127696540227,0.002668127696540227,-0.007692285434537338,True,1.0
2021-11-25,0.000129198589671784,0.000129198589671784,0.006829371568185279,True,1.0
2021-11-26,-0.011262385059519566,0.011262385059519566,-0.018011724100641627,False,-1.0
2021-11-29,0.0017238804240920205,0.0017238804240920205,-0.00010855910688376962,True,1.0
2021-11-30,-0.0001641161287101068,0.0001641161287101068,-0.003985137091533757,True,-1.0
2021-12-01,0.007136533600877154,0.007136533600877154,0.003654030458399263,False,1.0
2021-12-02,0.0009494333720198515,0.0009494333720198515,0.012713067519849854,True,1.0
2021-12-03,0.0013360801692996747,0.0013360801692996747,-0.013096268372229979,True,1.0
2021-12-06,0.000718251935611735,0.000718251935611735,-0.01724678397563782,True,1.0
2021-12-07,0.007796101014057858,0.007796101014057858,0.0077797954960357315,False,1.0
2021-12-08,0.00806620524033853,0.00806620524033853,0.00892277039026292,False,1.0
2021-12-09,0.0031282869316962177,0.0031282869316962177,-0.0004308724453727632,True,1.0
2021-12-10,-0.0023291190502180547,0.0023291190502180547,0.0020170460958959685,True,-1.0
2021-12-13,0.006155957771019741,0.006155957771019741,-0.014237368250164422,True,1.0
2021-12-14,-0.004896911390036417,0.004896911390036417,0.0024128155526761336,True,-1.0
2021-12-15,-7.215048697632979e-05,7.215048697632979e-05,-0.0059023356910581845,True,-1.0
2021-12-16,0.008802978035254783,0.008802978035254783,-0.007172026096529097,True,1.0
2021-12-17,0.001600125736297331,0.001600125736297331,-0.016832645360615885,True,1.0
2021-12-20,-0.00947585110290186,0.00947585110290186,-0.012485001188760272,False,-1.0
2021-12-21,0.00956718826963476,0.00956718826963476,-0.00013717048952747562,False,1.0
2021-12-22,0.005646772470135414,0.005646772470135414,0.0053302995357817256,False,1.0
2021-12-23,0.006567302409001531,0.006567302409001531,0.00033977241542367643,False,1.0
2021-12-24,0.004504316412526422,0.004504316412526422,-0.00849879005218811,True,1.0
2021-12-27,-0.003881496728662795,0.003881496728662795,0.008767398267184248,True,-1.0
2021-12-28,0.005346381410490892,0.005346381410490892,0.0032397070539837095,False,1.0
2021-12-29,-0.0007630824496249981,0.0007630824496249981,-0.00037746587693727725,True,-1.0
2021-12-30,-0.0007058599537997016,0.0007058599537997016,0.00014533659159804622,True,-1.0
2021-12-31,0.0023570623659947263,0.0023570623659947263,0.00635279545652237,False,1.0
2022-01-03,0.0019073131565779512,0.0019073131565779512,0.013719834634525474,False,1.0
2022-01-04,0.00316022480491133,0.00316022480491133,0.0070045135927506805,True,1.0
2022-01-05,0.0008340017340391177,0.0008340017340391177,0.005900662338031,True,1.0
2022-01-06,-0.008744647912860351,0.008744647912860351,-0.001271891795874722,False,-1.0
2022-01-07,0.0029133049105421684,0.0029133049105421684,0.0008484070721001153,True,1.0
2022-01-10,0.00564774385198762,0.00564774385198762,0.005024199677046887,False,1.0
2022-01-11,-0.00030832019735964214,0.00030832019735964214,0.0032226250503535163,True,-1.0
2022-01-12,0.006349799406006397,0.006349799406006397,0.0023086568181317378,False,1.0
2022-01-13,0.0024516545960668215,0.0024516545960668215,4.386160102974202e-05,True,1.0
2022-01-14,-0.003987379538326619,0.003987379538326619,0.00389056915039868,True,-1.0
2022-01-17,-0.0011010015679991235,0.0011010015679991235,0.003972944051792436,True,-1.0
2022-01-18,0.001589439100500579,0.001589439100500579,-0.012223700840355468,True,1.0
2022-01-19,0.0008915360363653538,0.0008915360363653538,-0.010524393594156526,True,1.0
2022-01-20,-0.0009700079296977798,0.0009700079296977798,-0.009151275040455332,True,-1.0
2022-01-21,-0.008070100875710987,0.008070100875710987,0.00019593680079004556,False,-1.0
2022-01-24,-0.002384040498533201,0.002384040498533201,-0.024241657782755905,False,-1.0
2022-01-25,-0.008603881923010034,0.008603881923010034,0.016257248591982763,True,-1.0
2022-01-27,-0.012498544590908526,0.012498544590908526,0.002822083614171844,False,-1.0
2022-01-28,0.005736383864795169,0.005736383864795169,-0.006180247768325833,True,1.0
2022-01-31,0.011642039159004856,0.011642039159004856,0.002242570616985195,False,1.0
2022-02-01,0.010934328361907514,0.010934328361907514,0.002704043352046634,True,1.0
2022-02-02,0.007359089498382493,0.007359089498382493,0.0041680758438461816,False,1.0
2022-02-03,-0.0006889763779527559,0.0006889763779527559,-0.011681320440123258,True,-1.0
2022-02-04,0.0017084088640615953,0.0017084088640615953,-0.004201114301265509,True,1.0
2022-02-07,-0.0034253807781278733,0.0034253807781278733,-0.013903356439394533,True,-1.0
2022-02-08,0.0038487011144327085,0.0038487011144327085,-0.0007580858439817061,True,1.0
2022-02-09,0.005985469725049589,0.005985469725049589,0.0053943946196156264,False,1.0
2022-02-10,0.0051706286195127285,0.0051706286195127285,0.002948029300936758,True,1.0
2022-02-11,-0.00879535000074882,0.00879535000074882,-0.004369377113059424,False,-1.0
2022-02-14,-0.017185836306997222,0.017185836306997222,-0.013665235081503592,False,-1.0
2022-02-15,0.005370200593400788,0.005370200593400788,0.02475598120561617,True,1.0
2022-02-16,0.0032272101358170125,0.0032272101358170125,-0.004954490714032316,True,1.0
2022-02-17,0.004292270372893526,0.004292270372893526,-0.005285597876913909,True,1.0
2022-02-18,-0.003961306801219645,0.003961306801219645,0.0023352217112162033,True,-1.0
2022-02-21,-0.004865091336058496,0.004865091336058496,0.0008376094243045558,True,-1.0
2022-02-22,-0.020846658921508478,0.020846658921508478,0.014497313401691369,False,-1.0
2022-02-23,0.005985232206852404,0.005985232206852404,-0.007633254819855186,True,1.0
2022-02-24,-0.030143707053169825,0.030143707053169825,-0.018185510106942766,False,-1.0
2022-02-25,0.0164759364778045,0.0164759364778045,0.008643316891778666,False,1.0
2022-02-28,-0.010613310828421424,0.010613310828421424,0.018948450918098887,True,-1.0
2022-03-02,-0.011956768623094532,0.011956768623094532,0.000774394759116618,False,-1.0
2022-03-03,0.007060722543196233,0.007060722543196233,-0.013463239572459573,True,1.0
2022-03-04,-0.009613292384682755,0.009613292384682755,-0.005759103569133299,False,-1.0
2022-03-07,-0.023231227590491944,0.023231227590491944,-0.0003024842294323494,False,-1.0
2022-03-08,-0.00727474604875465,0.00727474604875465,0.016872263994062643,True,-1.0
2022-03-09,0.004030974206070544,0.004030974206070544,0.01662828768348053,True,1.0
2022-03-10,0.02519065115400393,0.02519065115400393,-0.0096794327497615,False,1.0
2022-03-11,-0.003983127817527716,0.003983127817527716,0.006149776916381515,True,-1.0
2022-03-14,0.00019542466696183933,0.00019542466696183933,0.014284348861627152,True,1.0
2022-03-15,0.0017396174578084595,0.0017396174578084595,-0.014061612135165378,True,1.0
2022-03-16,0.012821844243233512,0.012821844243233512,0.005848270626310274,False,1.0
2022-03-17,0.013404777308641126,0.013404777308641126,0.004891639706921695,False,1.0
2022-03-21,0.002455550069653383,0.002455550069653383,-0.012227726744857035,True,1.0
2022-03-22,0.00016361997674405602,0.00016361997674405602,0.011395738704909907,True,1.0
2022-03-23,0.005171712122087147,0.005171712122087147,-0.00915828357115268,True,1.0
2022-03-24,-0.008738503243514868,0.008738503243514868,0.007475938045479899,True,-1.0
2022-03-25,0.003846656312145273,0.003846656312145273,-0.007866273352999017,True,1.0
2022-03-28,0.00168189875677724,0.00168189875677724,0.002336790947296651,True,1.0
2022-03-29,0.004366462591452793,0.004366462591452793,0.0016246307939575659,False,1.0
2022-03-30,0.008245144553541977,0.008245144553541977,0.0017231137070559109,False,1.0
2022-03-31,0.0011972179360793221,0.0011972179360793221,-0.003107974175653273,True,1.0
2022-04-01,-0.0015946182667945434,0.0015946182667945434,0.01339394174956509,True,-1.0
2022-04-04,0.007846455339566521,0.007846455339566521,0.013717750285443746,False,1.0
2022-04-05,0.0015065981012709583,0.0015065981012709583,-0.006813890103850305,True,1.0
2022-04-06,-0.006384576170883587,0.006384576170883587,-0.0019671636589090806,False,-1.0
2022-04-07,-0.004736706276500499,0.004736706276500499,-0.004725417744340353,False,-1.0
2022-04-08,0.003322057919824613,0.003322057919824613,0.004870521317055885,True,1.0
2022-04-11,-0.002443115419137723,0.002443115419137723,-0.0037174647522315854,False,-1.0
2022-04-12,-0.005097588019060345,0.005097588019060345,-0.0031020355213000183,False,-1.0
2022-04-13,0.003970246160832683,0.003970246160832683,-0.007059699046148277,True,1.0
2022-04-18,-0.01672047479456069,0.01672047479456069,-0.0005702480334569761,False,-1.0
2022-04-19,0.0049668431687397195,0.0049668431687397195,-0.017399600886406078,True,1.0
2022-04-20,0.005106515399531651,0.005106515399531651,0.005356376776521318,False,1.0
2022-04-21,0.005721619792489418,0.005721619792489418,0.009167604909954143,False,1.0
2022-04-22,-0.008615710862120216,0.008615710862120216,-0.004106118876049354,False,-1.0
2022-04-25,-0.009486310227503566,0.009486310227503566,-0.0032395436528851714,False,-1.0
2022-04-26,0.009870948670467864,0.009870948670467864,0.0046433387869140525,False,1.0
2022-04-27,-0.007409606883763815,0.007409606883763815,-0.0020470042229328764,False,-1.0
2022-04-28,0.008868180457722967,0.008868180457722967,0.003231669405741877,False,1.0
2022-04-29,0.004882514978822049,0.004882514978822049,-0.013081882871445677,True,1.0
2022-05-02,-0.010413742650321944,0.010413742650321944,0.00854683001824053,False,-1.0
2022-05-04,0.0016110984544782873,0.0016110984544782873,-0.024507797431849512,True,1.0
2022-05-05,0.01062205561796904,0.01062205561796904,-0.010210748268292321,True,1.0
2022-05-06,-0.016010622000752324,0.016010622000752324,-0.0002619943313088461,False,-1.0
2022-05-09,-0.011184389043339172,0.011184389043339172,0.004569311311526364,False,-1.0
2022-05-10,-0.003248049762374788,0.003248049762374788,-0.0005446883004222522,True,-1.0
2022-05-11,0.0018472849751569637,0.0018472849751569637,-0.006327589438775991,True,1.0
2022-05-12,-0.009030685993629762,0.009030685993629762,-0.01330118497299033,False,-1.0
2022-05-13,0.01069078947368421,0.01069078947368421,-0.012195631806659573,True,1.0
2022-05-16,0.0039886338168082245,0.0039886338168082245,-0.00017669845924120616,True,1.0
2022-05-17,0.004437474707220181,0.004437474707220181,0.02178777847890043,False,1.0
2022-05-18,0.0036195030932718013,0.0036195030932718013,-0.00477079718435652,True,1.0
2022-05-19,-0.01988260179589174,0.01988260179589174,-0.0067850275390201045,False,-1.0
2022-05-20,0.01482658470725425,0.01482658470725425,0.013858972852088074,False,1.0
2022-05-23,0.0015246265460445623,0.0015246265460445623,-0.004680512743936808,True,1.0
2022-05-24,0.000669121799620847,0.000669121799620847,-0.006187735717497535,True,1.0
2022-05-25,0.0044154142457731435,0.0044154142457731435,-0.010530138506566934,True,1.0
2022-05-26,0.004942043222662383,0.004942043222662383,0.004045351792921453,True,1.0
2022-05-27,0.007819916061096853,0.007819916061096853,0.00342713125904932,False,1.0
2022-05-30,0.010729290914629635,0.010729290914629635,0.00807725100253655,False,1.0
2022-05-31,-0.004978643447142341,0.004978643447142341,0.00036804181256587114,True,-1.0
2022-06-01,0.0005939026932303572,0.0005939026932303572,-0.004317745078965243,True,1.0
2022-06-02,-0.0024874557428394184,0.0024874557428394184,0.008879548219166556,True,-1.0
2022-06-03,0.008037670833834496,0.008037670833834496,-0.010580677036086724,True,1.0
2022-06-06,-0.003232066470996549,0.003232066470996549,0.0023502673411377835,True,-1.0
2022-06-07,-0.006032219774364922,0.006032219774364922,-0.0032332297847537514,False,-1.0
2022-06-08,0.0035695882927307488,0.0035695882927307488,-0.007204830629457081,True,1.0
2022-06-09,-0.005649240542606037,0.005649240542606037,0.01317338792142418,True,-1.0
2022-06-10,-0.011782269719503408,0.011782269719503408,-0.0050448686982994964,False,-1.0
2022-06-13,-0.0200132086502012,0.0200132086502012,-0.0064965574242473725,False,-1.0
2022-06-14,-0.006348919017202145,0.006348919017202145,0.0036907417819034404,True,-1.0
2022-06-15,-0.00018113344345352823,0.00018113344345352823,-0.002358638166155411,True,-1.0
2022-06-16,0.008928005779163323,0.008928005779163323,-0.02979048401995926,True,1.0
2022-06-17,-0.005725637083615027,0.005725637083615027,0.001365159866934319,True,-1.0
2022-06-20,0.0026808774969758393,0.0026808774969758393,0.0010205999951090677,True,1.0
2022-06-21,0.006892427891267861,0.006892427891267861,0.011830369991128391,False,1.0
2022-06-22,-0.0059563019685551465,0.0059563019685551465,-0.008513673124754928,False,-1.0
2022-06-23,0.002481623045336949,0.002481623045336949,0.006801944611770651,True,1.0
2022-06-24,0.0064763298955870085,0.0064763298955870085,0.0026728325476084655,False,1.0
2022-06-27,0.01445611703186458,0.01445611703186458,-0.005911666905500217,False,1.0
2022-06-28,-0.004711936249272839,0.004711936249272839,0.005886104594992857,True,-1.0
2022-06-29,-0.00936896683765023,0.00936896683765023,0.006203112583411641,True,-1.0
2022-06-30,-0.001557026032065959,0.001557026032065959,0.00036451234587467113,True,-1.0
2022-07-01,-0.004850988082413143,0.004850988082413143,0.0030788673225837686,True,-1.0
2022-07-04,-0.002637739545181961,0.002637739545181961,0.007946889619999363,True,-1.0
2022-07-05,0.004660508487056562,0.004660508487056562,-0.006178883148148944,True,1.0
2022-07-06,0.0004649077133174102,0.0004649077133174102,0.010848238564198417,True,1.0
2022-07-07,0.0077518290927046695,0.0077518290927046695,0.0011884502753859282,False,1.0
2022-07-08,0.008724407675745107,0.008724407675745107,-0.003259918947291736,False,1.0
2022-07-11,-0.0052062945133785924,0.0052062945133785924,0.004948491891931803,True,-1.0
2022-07-12,-0.005537728458775284,0.005537728458775284,-0.004210563542720809,False,-1.0
2022-07-13,0.0043529135384927685,0.0043529135384927685,-0.010016604626128887,True,1.0
2022-07-14,0.003269265467267284,0.003269265467267284,-0.005006552948912359,True,1.0
2022-07-15,0.004526695315742528,0.004526695315742528,0.0023984055196141717,True,1.0
2022-07-18,0.006367930742265254,0.006367930742265254,0.007869262497434856,False,1.0
2022-07-19,-0.005617851479712504,0.005617851479712504,0.009482889214040039,True,-1.0
2022-07-20,0.013601193302488782,0.013601193302488782,-0.0025328549457946164,False,1.0
2022-07-21,0.00016350078469736692,0.00016350078469736692,0.0049444105465943616,True,1.0
2022-07-22,0.003372427394950392,0.003372427394950392,0.003493088378723085,False,1.0
2022-07-25,-0.0034031287009258257,0.0034031287009258257,-0.0018935144843191354,False,-1.0
2022-07-26,0.0001142679709578498,0.0001142679709578498,-0.008961202060346087,True,1.0
2022-07-27,-0.0005156562454419459,0.0005156562454419459,0.010103043384298441,True,-1.0
2022-07-28,0.007994857640340436,0.007994857640340436,0.009225119962536922,False,1.0
2022-07-29,0.00885433761481226,0.00885433761481226,0.004610790714013877,False,1.0
2022-08-01,0.004950925575160637,0.004950925575160637,0.005616797745669205,True,1.0
2022-08-02,-0.001724354271057363,0.001724354271057363,0.0020391982350492738,True,-1.0
2022-08-03,0.0002191226760441263,0.0002191226760441263,0.0022421943671916654,True,1.0
2022-08-04,0.004310361773176843,0.004310361773176843,-0.004644055819933706,True,1.0
2022-08-05,0.0023961794169255553,0.0023961794169255553,-0.0015008560226317743,True,1.0
2022-08-08,0.00022991809167983906,0.00022991809167983906,0.007102813514639542,True,1.0
2022-08-10,0.002339501681238215,0.002339501681238215,-0.0017846653538426231,True,1.0
2022-08-11,0.01008856075079485,0.01008856075079485,-0.002972641705533467,False,1.0
2022-08-12,3.68305467467014e-05,3.68305467467014e-05,0.002180111109132633,True,1.0
2022-08-16,0.005596563818186774,0.005596563818186774,0.0015761345875393402,False,1.0
2022-08-17,0.002406720277415464,0.002406720277415464,0.004258952813321276,False,1.0
2022-08-18,-0.002541182238042827,0.002541182238042827,0.0032320654413866092,True,-1.0
2022-08-19,0.00055972941553198,0.00055972941553198,-0.011582721972276172,True,1.0
2022-08-22,-0.004254246933073011,0.004254246933073011,-0.010869323902141072,False,-1.0
2022-08-23,-0.0076240296461132576,0.0076240296461132576,0.012683410519431667,True,-1.0
2022-08-24,-0.002961216398805291,0.002961216398805291,0.004536260326779248,True,-1.0
2022-08-25,0.004206247932321943,0.004206247932321943,-0.008855183056168335,True,1.0
2022-08-26,0.005527284530313458,0.005527284530313458,-0.0034280810217665685,True,1.0
2022-08-29,-0.0210861723549433,0.0210861723549433,0.00722860708527577,False,-1.0
2022-08-30,0.005894380827158216,0.005894380827158216,0.019773331416278263,False,1.0
2022-09-01,-0.01540609992871253,0.01540609992871253,0.0032656150483687672,False,-1.0
2022-09-02,0.0031693690231280325,0.0031693690231280325,-0.003349802855173383,True,1.0
2022-09-05,0.0003991003316407946,0.0003991003316407946,0.006802035044928739,False,1.0
2022-09-06,0.0016924473376680091,0.0016924473376680091,-0.0022660652670063062,True,1.0
2022-09-07,-0.007714222216371466,0.007714222216371466,0.00599335580321503,False,-1.0
2022-09-08,0.007021515470439874,0.007021515470439874,0.002850979299889634,False,1.0
2022-09-09,0.007000469660790786,0.007000469660790786,-0.0050213828308590565,True,1.0
2022-09-12,0.003224296122685344,0.003224296122685344,0.002543199512233198,False,1.0
2022-09-13,0.006026845580580026,0.006026845580580026,0.0014188054281755189,False,1.0
2022-09-14,-0.016541203687991158,0.016541203687991158,0.013088607336174798,True,-1.0
2022-09-15,0.002366152016940915,0.002366152016940915,-0.009361960862280515,True,1.0
2022-09-16,-0.004508463625240885,0.004508463625240885,-0.014943762934920054,False,-1.0
2022-09-19,0.0005590591139837752,0.0005590591139837752,0.004652028719448896,True,1.0
2022-09-20,0.00840700765367646,0.00840700765367646,0.002580111216806828,False,1.0
2022-09-21,-0.002800835788956711,0.002800835788956711,-0.0027017367695314977,True,-1.0
2022-09-22,-0.006134838805330147,0.006134838805330147,0.0011442811287001834,True,-1.0
2022-09-23,-0.002039227346983723,0.002039227346983723,-0.01514733875285564,True,-1.0
2022-09-26,-0.00987160944870955,0.00987160944870955,-0.008160267285183355,False,-1.0
2022-09-27,0.005559352211218425,0.005559352211218425,-0.00604877578836864,True,1.0
2022-09-28,-0.008046474254256735,0.008046474254256735,-0.0007084043686518274,True,-1.0
2022-09-29,0.008007782563679075,0.008007782563679075,-0.010327417618053121,True,1.0
2022-09-30,-0.001192098310193387,0.001192098310193387,0.017638881557360753,True,-1.0
2022-10-03,0.0004533661810537496,0.0004533661810537496,-0.012556937738935792,True,1.0
2022-10-04,0.015402038531292435,0.015402038531292435,0.007397692851091419,False,1.0
2022-10-06,0.006075453940452094,0.006075453940452094,-0.002730222463570062,False,1.0
2022-10-07,-0.002573394597764541,0.002573394597764541,0.001587947910337377,True,-1.0
2022-10-10,-0.01272337449962499,0.01272337449962499,0.008578880973896369,False,-1.0
2022-10-11,0.0008729645177193899,0.0008729645177193899,-0.015791562244131304,True,1.0
2022-10-12,0.0024729810945287364,0.0024729810945287364,0.005758922538528374,True,1.0
2022-10-13,-0.0021169614349166098,0.0021169614349166098,-0.004272166349306064,False,-1.0
2022-10-14,0.018099497127137744,0.018099497127137744,-0.007885878684652573,False,1.0
2022-10-17,-0.0023797947921361763,0.0023797947921361763,0.009740562292367697,True,-1.0
2022-10-18,0.0073331030292062786,0.0073331030292062786,0.002763914773134542,False,1.0
2022-10-19,0.0046435299181822876,0.0046435299181822876,-0.0031819166720493505,True,1.0
2022-10-20,-0.005090744514554098,0.005090744514554098,0.008084073014150239,True,-1.0
2022-10-21,0.0033534821748472266,0.0033534821748472266,-0.002641390533131314,True,1.0
2022-10-24,0.009105944994736121,0.009105944994736121,-0.0003157137459694741,False,1.0
2022-10-25,0.004373801517138305,0.004373801517138305,-0.00853260362914503,True,1.0
2022-10-27,0.006516113681217064,0.006516113681217064,-0.0019385738387377807,True,1.0
2022-10-28,0.001096646984501589,0.001096646984501589,0.0017120807120935815,True,1.0
2022-10-31,0.006937640951715205,0.006937640951715205,0.005695079030344747,False,1.0
2022-11-01,0.0065788746038654795,0.0065788746038654795,0.0008108441763678188,False,1.0
2022-11-02,0.001791087509801737,0.001791087509801737,-0.005228919688602823,True,1.0
2022-11-03,-0.006331966613306224,0.006331966613306224,0.004694343732659261,True,-1.0
2022-11-04,3.884027903548876e-05,3.884027903548876e-05,0.0035311907242197385,True,1.0
2022-11-07,0.005221550151946193,0.005221550151946193,-0.0004913980671819018,True,1.0
2022-11-09,0.004694289619321546,0.004694289619321546,-0.007176739163123864,True,1.0
2022-11-10,-0.006204240272346753,0.006204240272346753,-0.0008950386672074349,False,-1.0
2022-11-11,0.013542694290346786,0.013542694290346786,0.004233150690993468,False,1.0
2022-11-14,0.0014551285858525865,0.0014551285858525865,-0.002571232613330808,True,1.0
2022-11-15,0.0018331242124668004,0.0018331242124668004,0.00221374198445222,True,1.0
2022-11-16,-0.0002798608146146565,0.0002798608146146565,0.0006196453806747924,True,-1.0
2022-11-17,-0.0027676338656027148,0.0027676338656027148,-0.000806093500888437,True,-1.0
2022-11-18,0.0021287091236581643,0.0021287091236581643,-0.004096123381997796,True,1.0
2022-11-21,-0.0033455958953293626,0.0033455958953293626,-0.004737985028511082,False,-1.0
2022-11-22,0.0010573362096836121,0.0010573362096836121,0.003578210572400882,True,1.0
2022-11-23,0.004439767348996845,0.004439767348996845,-0.003162269509774685,False,1.0
2022-11-24,0.003221591064610163,0.003221591064610163,0.008621583608504051,False,1.0
2022-11-25,0.002399338367150229,0.002399338367150229,-0.0008473034394110577,True,1.0
2022-11-28,-0.004440140916395457,0.004440140916395457,0.007172830607129255,True,-1.0
2022-11-29,-0.0005549167687977267,0.0005549167687977267,0.003536005501295209,True,-1.0
2022-11-30,0.00041080763984716615,0.00041080763984716615,0.007121901254126576,True,1.0
2022-12-01,0.006055949043524888,0.006055949043524888,-0.003150136642532661,False,1.0
2022-12-02,-0.0031946636212624585,0.0031946636212624585,-0.003002323973316333,False,-1.0
2022-12-05,0.0012543349877768414,0.0012543349877768414,-0.0009882715785322206,True,1.0
2022-12-06,-0.005368703170715048,0.005368703170715048,0.002263340716097692,False,-1.0
2022-12-07,-0.00020921755776374194,0.00020921755776374194,-0.004203564652165635,True,-1.0
2022-12-08,0.0005576147935131058,0.0005576147935131058,0.0020731415530156625,True,1.0
2022-12-09,0.0028507595570816794,0.0028507595570816794,-0.008884215201667708,True,1.0
2022-12-12,-0.005106301738949273,0.005106301738949273,0.005162440148755543,True,-1.0
2022-12-13,0.0014731998942827025,0.0014731998942827025,0.004512945499564394,True,1.0
2022-12-14,0.0033990756663800515,0.0033990756663800515,-0.0005864213028051148,False,1.0
2022-12-15,-0.0024597883583484907,0.0024597883583484907,-0.01071750880036279,False,-1.0
2022-12-16,-0.0052023513143069754,0.0052023513143069754,-0.0027348292461579814,True,-1.0
2022-12-19,0.0010454655085116865,0.0010454655085116865,0.007236925224704803,True,1.0
2022-12-20,-0.00435105770484781,0.00435105770484781,0.0024536129770568018,False,-1.0
2022-12-21,0.002711383945692009,0.002711383945692009,-0.012804385982662833,True,1.0
2022-12-22,0.0049288796589031115,0.0049288796589031115,-0.008827870881535468,True,1.0
2022-12-23,-0.008258196701440535,0.008258196701440535,-0.009503444869753101,False,-1.0
2022-12-26,0.0013253143933552424,0.0013253143933552424,0.010330627171269223,True,1.0
2022-12-27,0.004174457024060888,0.004174457024060888,0.002349390162662878,True,1.0
2022-12-28,-0.0026224350579475636,0.0026224350579475636,0.0020873940751185392,True,-1.0
2022-12-29,-0.004237869016416058,0.004237869016416058,0.008051823289785763,True,-1.0
2022-12-30,0.00374358800368314,0.00374358800368314,-0.008423133200173415,True,1.0
2023-01-02,0.0014580502041335011,0.0014580502041335011,0.003626245902645897,True,1.0
2023-01-03,-0.0018821319179563928,0.0018821319179563928,0.0038182459854543623,True,-1.0
2023-01-04,-0.00010423065032427194,0.00010423065032427194,-0.010295911986306543,True,-1.0
2023-01-05,0.0032699753950805317,0.0032699753950805317,-0.006065580385744888,True,1.0
2023-01-06,0.0008837404245623173,0.0008837404245623173,-0.008251951546845042,True,1.0
2023-01-09,0.005213014206633874,0.005213014206633874,0.008280073361789422,False,1.0
2023-01-10,0.0011105099864973554,0.0011105099864973554,-0.01143132014227904,True,1.0
2023-01-11,0.000563778306800719,0.000563778306800719,-0.0015928577904235882,True,1.0
2023-01-12,0.0014053874239598856,0.0014053874239598856,-0.003495949800963983,True,1.0
2023-01-13,0.0005208129406594791,0.0005208129406594791,0.004986685847208619,True,1.0
2023-01-16,0.004263100081043932,0.004263100081043932,-0.0076692523632420455,True,1.0
2023-01-17,0.0015619674087876412,0.0015619674087876412,0.007281228062107515,True,1.0
2023-01-18,0.0011632221860398192,0.0011632221860398192,0.005037474435495322,True,1.0
2023-01-19,-0.0025074567296790476,0.0025074567296790476,-0.0006595641982646316,False,-1.0
2023-01-20,0.0004279911843307768,0.0004279911843307768,-0.004854888639981059,True,1.0
2023-01-23,0.00503664238863976,0.00503664238863976,5.605474219885075e-06,False,1.0
2023-01-24,0.0036094739744680702,0.0036094739744680702,-0.0036102409168800352,True,1.0
2023-01-25,-0.0013771253814718156,0.0013771253814718156,-0.011131183278559165,False,-1.0
2023-01-27,-0.0008243931289801912,0.0008243931289801912,-0.015262436024588757,False,-1.0
2023-01-30,-0.0035446007384316754,0.0035446007384316754,0.006099664220076027,True,-1.0
2023-01-31,0.004674499256440329,0.004674499256440329,-0.003908243893100426,True,1.0
2023-02-01,0.008461552837265334,0.008461552837265334,-0.01096469898313939,True,1.0
2023-02-02,-0.005631214697502513,0.005631214697502513,0.0053262688076550204,True,-1.0
2023-02-03,0.006322945924289014,0.006322945924289014,0.007465446767390353,True,1.0
2023-02-06,-0.0019883442942417,0.0019883442942417,-0.0030278091937629083,False,-1.0
2023-02-07,0.0014354390507367674,0.0014354390507367674,-0.003856055383683714,True,1.0
2023-02-08,0.001625188683237875,0.001625188683237875,0.006839232697861414,False,1.0
2023-02-09,0.0007722142747076329,0.0007722142747076329,0.0004444504626652875,True,1.0
2023-02-10,-0.0025650972564811277,0.0025650972564811277,0.0005014255938916689,False,-1.0
2023-02-13,0.00014558336600117605,0.00014558336600117605,-0.0049386150858187995,True,1.0
2023-02-14,0.003908030388074078,0.003908030388074078,0.005016717831189153,False,1.0
2023-02-15,-0.0018544494641279388,0.0018544494641279388,0.0066632769689685505,True,-1.0
2023-02-16,0.0043794987378192925,0.0043794987378192925,-0.003255109389463795,True,1.0
2023-02-17,-0.003382152841210891,0.003382152841210891,-0.001705182034402887,False,-1.0
2023-02-20,0.001189886616823203,0.001189886616823203,-0.006732394311074081,True,1.0
2023-02-21,0.0034296747035358977,0.0034296747035358977,-0.004417650093752352,True,1.0
2023-02-22,-0.004002401594343106,0.004002401594343106,-0.011323281858603575,False,-1.0
2023-02-23,0.001159237820325815,0.001159237820325815,-0.0036074908584708023,True,1.0
2023-02-24,0.004574179991434078,0.004574179991434078,-0.007136963957449346,True,1.0
2023-02-27,-0.0021299436734064,0.0021299436734064,-0.0020598551478392367,False,-1.0
2023-02-28,-0.0005432865037885194,0.0005432865037885194,-0.004561907655357887,True,-1.0
2023-03-01,0.003244946567697809,0.003244946567697809,0.005230429737912605,False,1.0
2023-03-02,-0.001684749208745385,0.001684749208745385,-0.005717051308727721,False,-1.0
2023-03-03,0.007467402909498712,0.007467402909498712,0.00819996329059523,False,1.0
2023-03-06,0.004887932882393995,0.004887932882393995,0.0017589928967529829,False,1.0
2023-03-08,-0.0025802077619724705,0.0025802077619724705,0.0050182070178169625,True,-1.0
2023-03-09,0.0009941417472098962,0.0009941417472098962,-0.01026618560349214,True,1.0
2023-03-10,-0.00828892250891779,0.00828892250891779,-0.0017714253339911005,False,-1.0
2023-03-13,0.0005168581797461809,0.0005168581797461809,-0.015359955192890414,True,1.0
2023-03-14,0.00036434011969939205,0.00036434011969939205,-0.0068325312802960825,True,1.0
2023-03-15,0.007225621320693958,0.007225621320693958,-0.011318521707609615,True,1.0
2023-03-16,0.0013257011917846573,0.0013257011917846573,-0.0005325664866276279,True,1.0
2023-03-17,0.007429892071949274,0.007429892071949274,-0.0006866606355582918,True,1.0
2023-03-20,-0.00195620307231361,0.00195620307231361,-0.004582003476957631,False,-1.0
2023-03-21,0.0042381859589165904,0.0042381859589165904,0.0027607563888642434,False,1.0
2023-03-22,0.004088804252520824,0.004088804252520824,-0.0014873470327079904,False,1.0
2023-03-23,-0.0031774904680410207,0.0031774904680410207,-0.0011990126879897335,True,-1.0
2023-03-24,-4.105966884862398e-05,4.105966884862398e-05,-0.007680189005759341,True,-1.0
2023-03-27,0.002316310556202689,0.002316310556202689,8.233706633032666e-05,True,1.0
2023-03-28,0.0027111501656149626,0.0027111501656149626,-0.004700091373464266,True,1.0
2023-03-29,0.0015102652642445735,0.0015102652642445735,0.006090393215757529,True,1.0
2023-03-31,0.007590461547538923,0.007590461547538923,0.008680845771059587,False,1.0
2023-04-03,0.003928583000907271,0.003928583000907271,-0.001715545364788734,True,1.0
2023-04-05,0.0013938343039057222,0.0013938343039057222,0.007734340124871388,False,1.0
2023-04-06,-0.00132147318841144,0.00132147318841144,0.003724269496134207,True,-1.0
2023-04-10,0.0020313480597929255,0.0020313480597929255,-0.0006152350812691763,True,1.0
2023-04-11,0.0045818070432427985,0.0045818070432427985,0.0009884324718600116,False,1.0
2023-04-12,0.0021018715605713055,0.0021018715605713055,0.0029758415641231778,True,1.0
2023-04-13,-0.0002862954606434751,0.0002862954606434751,0.0011624006919563584,True,-1.0
2023-04-17,0.0019632039488445144,0.0019632039488445144,-0.008741554645076414,True,1.0
2023-04-18,0.0033744003771492472,0.0033744003771492472,-0.00599153586451227,True,1.0
2023-04-19,-0.0003850919216186424,0.0003850919216186424,-0.0019599458539372896,True,-1.0
2023-04-20,0.0011266184817311103,0.0011266184817311103,-0.0008022400268941418,True,1.0
2023-04-21,0.0008681565625166921,0.0008681565625166921,-0.0008899910004393487,True,1.0
2023-04-24,0.004737843815613297,0.004737843815613297,0.002024537996127623,True,1.0
2023-04-25,0.0010229375556778868,0.0010229375556778868,0.0004334767186054322,True,1.0
2023-04-26,-0.00010969617457123964,0.00010969617457123964,0.0026058447872880945,True,-1.0
2023-04-27,-2.8068442704688297e-05,2.8068442704688297e-05,0.005723381899315451,True,-1.0
2023-04-28,0.001973179412474628,0.001973179412474628,0.006384236946316374,True,1.0
2023-05-02,0.0033103117215610295,0.0033103117215610295,0.0012606819600818888,False,1.0
2023-05-03,-0.0018652337160124358,0.0018652337160124358,-0.001322260974615134,False,-1.0
2023-05-04,-0.0004892030373991457,0.0004892030373991457,0.009667650088490682,True,-1.0
2023-05-05,-0.007586629677852823,0.007586629677852823,-0.002666003166431258,False,-1.0
2023-05-08,0.002855698122474957,0.002855698122474957,0.007935762852770182,False,1.0
2023-05-09,0.0021353014150970132,0.0021353014150970132,-0.0020461319249827745,True,1.0
2023-05-10,0.0026087004871384874,0.0026087004871384874,8.190634457423259e-05,True,1.0
2023-05-11,0.002331473635728546,0.002331473635728546,-0.003311986112851804,True,1.0
2023-05-12,-0.0012707001147729137,0.0012707001147729137,0.002246434434639852,True,-1.0
2023-05-15,0.0013377158885114477,0.0013377158885114477,0.0032470609886000885,True,1.0
2023-05-16,0.001820766010442866,0.001820766010442866,-0.007912697646577756,True,1.0
2023-05-17,0.0007628151231783009,0.0007628151231783009,-0.006486136888289328,True,1.0
2023-05-18,0.005816271811019291,0.005816271811019291,-0.008615217019822282,True,1.0
2023-05-19,0.003099907848438799,0.003099907848438799,0.0009485239937800367,True,1.0
2023-05-22,-0.00012639293761757466,0.00012639293761757466,0.006224941551973111,True,-1.0
2023-05-23,0.0026481893463914208,0.0026481893463914208,-0.0008114399309494294,False,1.0
2023-05-24,-0.002899456003379115,0.002899456003379115,-0.0005138285317998262,True,-1.0
2023-05-25,-0.0009023592400229649,0.0009023592400229649,0.0028600517208366293,True,-1.0
2023-05-26,0.0025762147978519957,0.0025762147978519957,0.007131832896578747,False,1.0
2023-05-29,0.006475945575367039,0.006475945575367039,-0.0011010169406184094,False,1.0
2023-05-30,0.00043013873759531235,0.00043013873759531235,0.0014618009248835236,True,1.0
2023-05-31,-0.0021278689833930625,0.0021278689833930625,-0.003215993731243888,False,-1.0
2023-06-01,0.002427917766509551,0.002427917766509551,-0.004932903575900435,True,1.0
2023-06-02,0.0034130496883071223,0.0034130496883071223,-0.0009029236047245562,True,1.0
2023-06-05,0.004203084706936402,0.004203084706936402,-0.0009751982927681066,False,1.0
2023-06-06,0.00037384253508725954,0.00037384253508725954,-9.681202821199105e-05,True,1.0
2023-06-07,0.00358081667697188,0.00358081667697188,0.003257370913467047,False,1.0
2023-06-08,-5.611229216940447e-05,5.611229216940447e-05,-0.004848979058823063,True,-1.0
2023-06-09,0.001145700243897582,0.001145700243897582,-0.004958216867757467,True,1.0
2023-06-12,0.0017049888468162477,0.0017049888468162477,0.00034682447635491046,True,1.0
2023-06-13,0.0016289428943902374,0.0016289428943902374,0.004527185019060784,False,1.0
2023-06-14,0.0015200358063082425,0.0015200358063082425,0.0006028819759024344,True,1.0
2023-06-15,0.0009889596201028822,0.0009889596201028822,-0.004599315184637366,True,1.0
2023-06-16,0.001883614311288298,0.001883614311288298,0.005485102223687271,False,1.0
2023-06-19,0.002512524235100393,0.002512524235100393,-0.006244353537621868,True,1.0
2023-06-20,-0.00016526447001340237,0.00016526447001340237,0.003431549150663724,True,-1.0
2023-06-21,0.0017378803527036636,0.0017378803527036636,0.0003951965895798451,True,1.0
2023-06-22,-0.0001723511650845541,0.0001723511650845541,-0.004367845455572922,True,-1.0
2023-06-23,-0.001566245754811214,0.001566245754811214,-0.0040737499748588635,False,-1.0
2023-06-26,0.0009027140647183306,0.0009027140647183306,0.0004736882437185081,True,1.0
2023-06-27,0.003068372544147302,0.003068372544147302,0.0036722630019945294,False,1.0
2023-06-28,0.004822664029895037,0.004822664029895037,0.0033820980597714712,False,1.0
2023-06-30,0.005521265550821699,0.005521265550821699,0.005881535692343069,False,1.0
2023-07-03,0.002993854120503697,0.002993854120503697,0.003951408372950926,False,1.0
2023-07-04,0.004349779129914791,0.004349779129914791,-0.0009068878489407246,True,1.0
2023-07-05,0.0008741667311362113,0.0008741667311362113,-0.0003838626323314592,True,1.0
2023-07-06,-0.0006598851070959094,0.0006598851070959094,0.005756901581969151,True,-1.0
2023-07-07,-0.0038210417347433307,0.0038210417347433307,-0.004685215125505884,True,-1.0
2023-07-10,0.0035459101250146243,0.0035459101250146243,-0.002291155553636024,True,1.0
2023-07-11,0.003678424527566035,0.003678424527566035,0.0006331764132235144,False,1.0
2023-07-12,0.002986142934377497,0.002986142934377497,-0.005803243092495873,True,1.0
2023-07-13,0.005721043990777814,0.005721043990777814,-0.004177911589211367,False,1.0
2023-07-14,0.004105297469576975,0.004105297469576975,0.0036448542509172253,False,1.0
2023-07-17,0.002435553713358379,0.002435553713358379,0.005063128017438966,True,1.0
2023-07-18,0.0038582034433905896,0.0038582034433905896,-0.0019330385344283006,True,1.0
2023-07-19,0.002719051039912908,0.002719051039912908,0.0015250845488410719,True,1.0
2023-07-20,-7.316900474298624e-05,7.316900474298624e-05,0.0074351254649723305,True,-1.0
2023-07-21,-0.008944382938268165,0.008944382938268165,-0.0028004020584286777,False,-1.0
2023-07-24,0.00017468821220562166,0.00017468821220562166,-0.0038534473533622005,True,1.0
2023-07-25,0.0028974678232048215,0.0028974678232048215,-0.0024709380169752253,True,1.0
2023-07-26,0.0026803045154616197,0.0026803045154616197,0.002277929128344456,False,1.0
2023-07-27,0.003670669698977632,0.003670669698977632,-0.009621729807792684,True,1.0
2023-07-28,-7.649612765673783e-06,7.649612765673783e-06,-0.0006968155113874795,True,-1.0
2023-07-31,0.0010332268989334489,0.0010332268989334489,0.004446741444752503,True,1.0
2023-08-01,0.0015287801615709634,0.0015287801615709634,-0.002550000947735544,True,1.0
2023-08-02,-0.003960280209644544,0.003960280209644544,-0.006555430406620318,False,-1.0
2023-08-03,-0.0032161738114190276,0.0032161738114190276,-0.004218077676449811,True,-1.0
2023-08-04,0.004186970097461507,0.004186970097461507,0.0027847594680316637,False,1.0
2023-08-07,0.0030665373456473842,0.0030665373456473842,0.0010446610298935077,False,1.0
2023-08-08,0.0015256405886572787,0.0015256405886572787,-0.0028709959453190256,True,1.0
2023-08-09,0.00040627627485273607,0.00040627627485273607,0.0027453162530503236,True,1.0
2023-08-10,-0.001375267039970489,0.001375267039970489,-0.0031853821691521116,False,-1.0
2023-08-11,0.0005705538449822492,0.0005705538449822492,-0.0064410150606645615,True,1.0
2023-08-14,-0.002282832811750738,0.002282832811750738,0.002610487776714425,True,-1.0
2023-08-16,-0.0033728992240583127,0.0033728992240583127,0.004956373586659095,True,-1.0
2023-08-17,-0.0007423179424608271,0.0007423179424608271,-0.0043855200919157775,False,-1.0
2023-08-18,-0.0032790694672157603,0.0032790694672157603,0.0004352139378553758,True,-1.0
2023-08-21,0.0005437554751048292,0.0005437554751048292,0.0037757123738131147,True,1.0
2023-08-22,0.0012117399798560313,0.0012117399798560313,-0.001063515717611581,True,1.0
2023-08-23,0.002204011647589332,0.002204011647589332,0.0002469639410541884,True,1.0
2023-08-24,0.004687841525663444,0.004687841525663444,-0.0075991824432660796,True,1.0
2023-08-25,-0.004606190415263364,0.004606190415263364,-0.001637506023368392,False,-1.0
2023-08-28,0.0016894614708503268,0.0016894614708503268,0.00039905857396524863,True,1.0
2023-08-29,0.0035635888926500332,0.0035635888926500332,-0.0016619080611815233,False,1.0
2023-08-30,0.004694228882356701,0.004694228882356701,-0.004425359545387574,True,1.0
2023-08-31,0.001452468601016728,0.001452468601016728,-0.00628369233858473,True,1.0
2023-09-01,0.00022590912954889385,0.00022590912954889385,0.00919872298386651,False,1.0
2023-09-04,0.004617885825908358,0.004617885825908358,0.00019206096014875122,True,1.0
2023-09-05,0.001835730200567151,0.001835730200567151,0.0005239040716470764,True,1.0
2023-09-06,0.00032178085197392346,0.00032178085197392346,0.001524501240527475,True,1.0
2023-09-07,-0.0006323164813206203,0.0006323164813206203,0.006551491458127149,True,-1.0
2023-09-08,0.0024205341451944257,0.0024205341451944257,0.00228312982767486,True,1.0
2023-09-11,0.0035343572517194345,0.0035343572517194345,0.005346888354700855,False,1.0
2023-09-12,0.005691077795351515,0.005691077795351515,-0.0058155294517101466,True,1.0
2023-09-13,-0.000185023852837459,0.000185023852837459,0.004027114234973361,True,-1.0
2023-09-14,0.0028873551943198804,0.0028873551943198804,-0.0012345822768596605,True,1.0
2023-09-15,0.00265380018065078,0.00265380018065078,0.001781087047395462,False,1.0
2023-09-18,-0.0018026822697295144,0.0018026822697295144,-0.0011236601786499528,True,-1.0
2023-09-20,-0.0075770378095215,0.0075770378095215,-0.003971302847740951,False,-1.0
2023-09-21,-0.0030575541509965587,0.0030575541509965587,-0.004949518436141575,False,-1.0
2023-09-22,0.00012663133058958854,0.00012663133058958854,-0.0035755962071992073,True,1.0
2023-09-25,0.00020073033279540515,0.00020073033279540515,-0.00018540504948865724,True,1.0
2023-09-26,0.0004193234240378344,0.0004193234240378344,-0.0009196639594728662,True,1.0
2023-09-27,-0.0014059934094307236,0.0014059934094307236,0.0040432974576717915,True,-1.0
2023-09-28,0.002300189146475292,0.002300189146475292,-0.01205608753155996,True,1.0
2023-09-29,0.002952763979560743,0.002952763979560743,0.002916142257789928,False,1.0
2023-10-03,-0.0008096622412556776,0.0008096622412556776,-0.004772626628786118,False,-1.0
2023-10-04,-0.004221940408372271,0.004221940408372271,-0.0005245816152774879,False,-1.0
2023-10-05,0.0044118934211799625,0.0044118934211799625,0.0012242892504162252,False,1.0
2023-10-06,0.003860134236342939,0.003860134236342939,0.0016462185052957112,False,1.0
2023-10-09,-0.005803077378075152,0.005803077378075152,-0.0013869177719193482,False,-1.0
2023-10-10,0.0027290408928720322,0.0027290408928720322,0.0063504314961277605,False,1.0
2023-10-11,0.00391828237165743,0.00391828237165743,0.0022436186257398694,False,1.0
2023-10-12,0.00057288421025235,0.00057288421025235,-0.0014477957029612712,True,1.0
2023-10-13,-0.007045024691825805,0.007045024691825805,0.004909804404792544,True,-1.0
2023-10-16,-0.0006987365585177529,0.0006987365585177529,-0.00027866090767457473,True,-1.0
2023-10-17,0.005648217656822127,0.005648217656822127,-0.0015974852845325037,False,1.0
2023-10-18,0.0004517183832622467,0.0004517183832622467,-0.007535127369046528,True,1.0
2023-10-19,-0.0064002721314571276,0.0064002721314571276,0.004067494995074518,True,-1.0
2023-10-20,-0.00420637418208838,0.00420637418208838,2.5585720609327932e-05,False,-1.0
2023-10-23,-0.0010771712551383757,0.0010771712551383757,-0.012286370695760775,True,-1.0
2023-10-25,0.00024371329106538566,0.00024371329106538566,-0.008518873861201528,True,1.0
2023-10-26,-0.004962851388906905,0.004962851388906905,-0.008934554389099843,False,-1.0
2023-10-27,0.0037916451232284667,0.0037916451232284667,0.006260318298883973,False,1.0
2023-10-30,0.00032290176403417816,0.00032290176403417816,0.00459235612573666,True,1.0
2023-10-31,0.0048090124417597664,0.0048090124417597664,-0.007973275841933856,True,1.0
2023-11-01,-0.0008149452002839666,0.0008149452002839666,-0.0039288811955256915,True,-1.0
2023-11-02,0.006890756388953602,0.006890756388953602,0.0006929916317991632,False,1.0
2023-11-03,0.005631557628735317,0.005631557628735317,-0.0005405327490774908,False,1.0
2023-11-06,0.0059930528605990595,0.0059930528605990595,0.003406435589836523,False,1.0
2023-11-07,-0.00039662672092933405,0.00039662672092933405,0.00013648889759447378,True,-1.0
2023-11-08,0.0022105969769218303,0.0022105969769218303,-0.00031361105099870004,True,1.0
2023-11-09,0.0007149119564378841,0.0007149119564378841,-0.003191567636389954,True,1.0
2023-11-10,-0.002240293788947347,0.002240293788947347,0.0037980865645210957,True,-1.0
2023-11-13,0.003160838381789903,0.003160838381789903,-0.0022168508730291093,True,1.0
2023-11-15,0.010689899788028204,0.010689899788028204,0.0012237717234886152,False,1.0
2023-11-16,-3.81185705933096e-05,3.81185705933096e-05,0.004599816190010846,True,-1.0
2023-11-17,-0.004576185534431473,0.004576185534431473,0.0028996953582637645,True,-1.0
2023-11-20,-3.296154427111533e-05,3.296154427111533e-05,-0.0018828294290763464,True,-1.0
2023-11-21,0.003904762395907383,0.003904762395907383,0.0006322423234668297,False,1.0
2023-11-22,3.030871150361715e-05,3.030871150361715e-05,0.001407683450010109,True,1.0
2023-11-23,0.0008378626782602386,0.0008378626782602386,-0.0013339025386306725,True,1.0
2023-11-24,0.00038377988965761033,0.00038377988965761033,-0.0007521803024200605,True,1.0
2023-11-28,0.0025234620300613147,0.0025234620300613147,0.002270074162973511,False,1.0
2023-11-29,0.004366660427832168,0.004366660427832168,0.00600948729535821,False,1.0
2023-11-30,0.0005921594128515406,0.0005921594128515406,0.0012258691908894248,True,1.0
2023-12-01,0.003027306584784714,0.003027306584784714,0.003654571517302925,False,1.0
2023-12-04,0.016481669126394347,0.016481669126394347,0.004118618175350899,False,1.0
2023-12-05,0.0059022954136856215,0.0059022954136856215,0.0022201662693726028,False,1.0
2023-12-06,0.0045864269371315896,0.0045864269371315896,-0.0006229266852022004,True,1.0
2023-12-07,-0.00025307595021017526,0.00025307595021017526,-0.0014929009295081106,True,-1.0
2023-12-08,0.0015764308726652213,0.0015764308726652213,0.0016862813260996958,True,1.0
2023-12-11,-0.00019550436820467472,0.00019550436820467472,0.001516736080096633,True,-1.0
2023-12-12,0.0010216254756167495,0.0010216254756167495,-0.005335781319663861,True,1.0
2023-12-13,0.0011168641630660916,0.0011168641630660916,-0.00016246685340245344,True,1.0
2023-12-14,0.008795168994383297,0.008795168994383297,0.003424796630437548,False,1.0
2023-12-15,0.004945073284488686,0.004945073284488686,0.007948400493468588,False,1.0
2023-12-18,-0.0010183140880436162,0.0010183140880436162,-0.0007534658609529734,True,-1.0
2023-12-19,0.0027546086669319025,0.0027546086669319025,-0.0011430850583505365,True,1.0
2023-12-20,0.004213861505844826,0.004213861505844826,-0.018258389276347854,True,1.0
2023-12-21,-0.005494106175552645,0.005494106175552645,0.010511652386367204,True,-1.0
2023-12-22,0.0019194886215463862,0.0019194886215463862,0.0025146111675406237,True,1.0
2023-12-26,0.0007400127327200075,0.0007400127327200075,0.0035642256290393383,True,1.0
2023-12-27,0.0026258039850897766,0.0026258039850897766,0.007307757197666133,False,1.0
2023-12-28,0.002782299495491751,0.002782299495491751,0.0029334201588763526,False,1.0
2023-12-29,-0.001884815420457238,0.001884815420457238,-0.0002875195749166845,False,-1.0
2024-01-01,-0.00016797769860127333,0.00016797769860127333,0.0006512589027856083,True,-1.0
2024-01-02,0.00043460868554408684,0.00043460868554408684,-0.003933035405220456,True,1.0
2024-01-03,-0.0002169858350709328,0.0002169858350709328,-0.006636320528150126,True,-1.0
2024-01-04,0.004110690836963595,0.004110690836963595,0.002443733914774407,False,1.0
2024-01-05,0.0021769824215500428,0.0021769824215500428,0.00023269323796689818,True,1.0
2024-01-08,0.0016949548980607111,0.0016949548980607111,-0.010787379462047312,True,1.0
2024-01-09,0.006535564978152745,0.006535564978152745,-0.005022259668684199,False,1.0
2024-01-10,-0.000721695830182732,0.000721695830182732,0.004152407846791645,True,-1.0
2024-01-11,0.003205594404583561,0.003205594404583561,-0.0018812606625783844,True,1.0
2024-01-12,0.00583685497708909,0.00583685497708909,0.005557201083812086,False,1.0
2024-01-15,0.0072437937165087275,0.0072437937165087275,0.002008730151490367,False,1.0
2024-01-16,-0.0007670215047091655,0.0007670215047091655,-0.0021828862004936484,True,-1.0
2024-01-17,-0.0174766487201231,0.0174766487201231,-0.0034785379782651376,False,-1.0
2024-01-18,-0.007312737407284742,0.007312737407284742,0.0022438747654839855,False,-1.0
2024-01-19,0.007126429836107584,0.007126429836107584,0.00033315315774436064,False,1.0
2024-01-23,0.004361163720096771,0.004361163720096771,-0.022006034742489175,True,1.0
2024-01-24,-0.002521365579984893,0.002521365579984893,0.012683315927355117,True,-1.0
2024-01-25,3.031565975888399e-05,3.031565975888399e-05,-0.004754225287682793,True,1.0
2024-01-29,0.0037700327581966153,0.0037700327581966153,0.014206997846770115,False,1.0
2024-01-30,0.0017550415552113898,0.0017550415552113898,-0.011648296413441558,True,1.0
2024-01-31,-0.0016192476574088317,0.0016192476574088317,0.01109724225994485,True,-1.0
2024-02-01,0.002529316608948324,0.002529316608948324,-0.003819958099635634,True,1.0
2024-02-02,0.005314024708045499,0.005314024708045499,0.0018819626709149465,False,1.0
2024-02-05,0.0030772679166041804,0.0030772679166041804,-0.006813157087695207,True,1.0
2024-02-06,0.0024573185336827213,0.0024573185336827213,0.004774351465506024,True,1.0
2024-02-07,0.00527375981855124,0.00527375981855124,-0.005196213081415489,True,1.0
2024-02-08,0.003609146650783156,0.003609146650783156,-0.013253330548096756,True,1.0
2024-02-09,0.0004167419841918632,0.0004167419841918632,0.0025544253693561008,True,1.0
2024-02-12,0.0008401598186617698,0.0008401598186617698,-0.008474459349167398,True,1.0
2024-02-13,0.0022321376133078194,0.0022321376133078194,0.0036442080243978565,True,1.0
2024-02-14,-0.0075931431306267465,0.0075931431306267465,0.0121372956385913,True,-1.0
2024-02-15,0.0030448647151082274,0.0030448647151082274,0.00019168781027792593,True,1.0
2024-02-16,0.004999864507148318,0.004999864507148318,0.0009263469060953519,False,1.0
2024-02-19,0.002847005867518878,0.002847005867518878,0.000850581330720619,True,1.0
2024-02-20,-0.0010419727310739188,0.0010419727310739188,0.004423237196624948,True,-1.0
2024-02-21,0.0023381767518375536,0.0023381767518375536,-0.008710510050071936,True,1.0
2024-02-22,0.0012015388340220396,0.0012015388340220396,0.006154388287592318,True,1.0
2024-02-23,0.003265486534285499,0.003265486534285499,-0.00346795788470166,True,1.0
2024-02-26,-0.0019583392172024343,0.0019583392172024343,-0.002126754197784616,False,-1.0
2024-02-27,-0.0014398105679694238,0.0014398105679694238,0.004895854018971578,True,-1.0
2024-02-28,0.0007095122059591458,0.0007095122059591458,-0.011837041490487768,True,1.0
2024-02-29,-0.0007266667847081263,0.0007266667847081263,0.00217009939254669,True,-1.0
2024-03-01,0.0029796021285817017,0.0029796021285817017,0.013173315333079983,False,1.0
2024-03-04,0.002898550724637681,0.002898550724637681,9.371791795924744e-05,False,1.0
2024-03-05,-0.0015330814606107376,0.0015330814606107376,-0.000668233502821702,True,-1.0
2024-03-06,-0.0012882623798904566,0.0012882623798904566,0.006563689676408017,True,-1.0
2024-03-07,0.001390492542006345,0.001390492542006345,-0.0005220992207217849,True,1.0
2024-03-11,0.0010647149035252987,0.0010647149035252987,-0.008209153297435328,True,1.0
2024-03-12,8.05470059995713e-05,8.05470059995713e-05,5.596735284390233e-05,True,1.0
2024-03-13,0.004320437836080448,0.004320437836080448,-0.019369478478811934,True,1.0
2024-03-14,-0.0006886373592692843,0.0006886373592692843,0.007464993985819363,True,-1.0
2024-03-15,-0.0036935960882205224,0.0036935960882205224,-0.0018808195267448057,False,-1.0
2024-03-18,-0.0015097612574722053,0.0015097612574722053,0.0029831428934061323,True,-1.0
2024-03-19,-0.004953368239041107,0.004953368239041107,-0.005877944022479434,False,-1.0
2024-03-20,0.0012123860864664123,0.0012123860864664123,-0.00021977674152279174,True,1.0
2024-03-21,0.006905082349881533,0.006905082349881533,0.0010026797635882027,False,1.0
2024-03-22,-0.0036230321634609327,0.0036230321634609327,0.007502703199473234,True,-1.0
2024-03-26,-0.006736267069817959,0.006736267069817959,0.0025878934710885375,False,-1.0
2024-03-27,0.0022381582911178595,0.0022381582911178595,0.0031604848267148865,False,1.0
2024-03-28,0.0018057245547022686,0.0018057245547022686,0.007367971995890291,False,1.0
2024-04-01,0.005737456034371374,0.005737456034371374,0.00031173458027165444,False,1.0
2024-04-02,-0.00014242804514290802,0.00014242804514290802,-0.0002448928619818268,True,-1.0
2024-04-03,-0.003010762789783309,0.003010762789783309,0.0021867162332816063,True,-1.0
2024-04-04,0.007018126692796378,0.007018126692796378,-0.00342815497847137,True,1.0
2024-04-05,-0.0012547385595542348,0.0012547385595542348,0.001214015033565861,True,-1.0
2024-04-08,0.0028716023074145656,0.0028716023074145656,0.003895376473330931,False,1.0
2024-04-09,0.004358842189490766,0.004358842189490766,-0.0053744376907806125,True,1.0
2024-04-10,0.0034227291296331057,0.0034227291296331057,0.0014766906724177772,False,1.0
2024-04-12,-0.0033576979670120357,0.0033576979670120357,-0.006967288899009709,False,-1.0
2024-04-15,-0.008008632834206409,0.008008632834206409,-0.0029791230568247135,False,-1.0
2024-04-16,-0.006609011954203614,0.006609011954203614,0.001021437385120294,False,-1.0
2024-04-18,0.0029099471107103566,0.0029099471107103566,-0.009746830200647637,True,1.0
2024-04-19,-0.006107952716576947,0.006107952716576947,0.013059488141252887,True,-1.0
2024-04-22,0.008574542404163093,0.008574542404163093,-2.2384484474392632e-05,False,1.0
2024-04-23,0.004953814790651856,0.004953814790651856,-0.0035216555627000695,False,1.0
2024-04-24,0.0023940799915057225,0.0023940799915057225,-0.0008541064269744667,False,1.0
2024-04-25,-0.0038165553025192875,0.0038165553025192875,0.011356828874697593,True,-1.0
2024-04-26,0.0022175456790093544,0.0022175456790093544,-0.008861521830448093,True,1.0
2024-04-29,0.002480003944589666,0.002480003944589666,0.007468097712427445,False,1.0
2024-04-30,0.0016009079632319054,0.0016009079632319054,-0.003298145251873905,True,1.0
2024-05-02,-0.001636816906079076,0.001636816906079076,0.0035603573564058867,True,-1.0
2024-05-03,0.005216767544467094,0.005216767544467094,-0.012760060571167476,True,1.0
2024-05-06,0.0038152061652980823,0.0038152061652980823,-0.005270033715853792,True,1.0
2024-05-07,0.002096484954478689,0.002096484954478689,-0.00832601518469525,True,1.0
2024-05-08,-0.0031969860441654523,0.0031969860441654523,0.0032072395442286467,True,-1.0
2024-05-09,-0.0034838793296715614,0.0034838793296715614,-0.012027139585228988,True,-1.0
2024-05-10,0.0015233618922919276,0.0015233618922919276,0.002921656512453721,True,1.0
2024-05-13,-0.0012355363345271301,0.0012355363345271301,0.0034547729225389264,True,-1.0
2024-05-14,0.0004003614297930756,0.0004003614297930756,0.0047460630173369,True,1.0
2024-05-15,0.0016990843247076028,0.0016990843247076028,-0.002473482138931503,True,1.0
2024-05-16,0.005344391617536234,0.005344391617536234,0.0037927162975402167,True,1.0
2024-05-17,0.0005088585588536289,0.0005088585588536289,0.0022685274255250334,True,1.0
2024-05-21,-0.0027396312308397295,0.0027396312308397295,0.005556906773787761,True,-1.0
2024-05-22,0.0021105562141381,0.0021105562141381,0.0009390772854117566,True,1.0
2024-05-23,0.0007212572711289487,0.0007212572711289487,0.015634086139048865,True,1.0
2024-05-24,-0.0016066245348310467,0.0016066245348310467,0.001149094965275885,True,-1.0
2024-05-27,0.003565328842393272,0.003565328842393272,-0.004622606655746527,True,1.0
2024-05-28,0.0019492541528643825,0.0019492541528643825,-0.0038734133035188407,True,1.0
2024-05-29,-0.005478834614629414,0.005478834614629414,-0.002550253429396712,False,-1.0
2024-05-30,-0.0038428168177602274,0.0038428168177602274,-0.005694666400233365,True,-1.0
2024-05-31,0.0035328584583768775,0.0035328584583768775,-0.001657223748226613,True,1.0
2024-06-03,0.03582672530656523,0.03582672530656523,-0.0031708079459335735,False,1.0
2024-06-04,-0.0036279552958803107,0.0036279552958803107,-0.05586833193123234,False,-1.0
2024-06-05,0.011142571654595718,0.011142571654595718,0.022233922035991196,True,1.0
2024-06-06,0.007880072725583531,0.007880072725583531,0.0010000956918697805,False,1.0
2024-06-07,1.9684100989023374e-05,1.9684100989023374e-05,0.020519843451147206,True,1.0
2024-06-10,0.0012451615602994727,0.0012451615602994727,-0.0025708986335583723,True,1.0
2024-06-11,0.0010555299440493555,0.0010555299440493555,-0.000811741692167284,True,1.0
2024-06-12,0.003421453854699489,0.003421453854699489,-0.000920989816402755,False,1.0
2024-06-13,0.006774443425575836,0.006774443425575836,-0.0034942722017167176,False,1.0
2024-06-14,0.002822732137936837,0.002822732137936837,2.771753814324457e-05,True,1.0
2024-06-18,0.004483208340134207,0.004483208340134207,-0.000547303875872641,False,1.0
2024-06-19,0.003054143941394395,0.003054143941394395,-0.004818042063620703,True,1.0
2024-06-20,0.0029830919639819696,0.0029830919639819696,-0.0008119337114297329,True,1.0
2024-06-21,0.003995009573768405,0.003995009573768405,-0.006764285700724643,True,1.0
2024-06-24,-0.0050550327473872355,0.0050550327473872355,0.006652417552071387,True,-1.0
2024-06-25,0.0016675270108093025,0.0016675270108093025,0.006116153991123703,False,1.0
2024-06-26,7.583176578671628e-05,7.583176578671628e-05,0.006141742616863657,True,1.0
2024-06-27,0.000534170112560313,0.000534170112560313,0.006823226022572014,True,1.0
2024-06-28,0.0017218237278795567,0.0017218237278795567,-0.0031263427992631516,True,1.0
2024-07-01,-0.0007351082818485032,0.0007351082818485032,0.006210157769331648,True,-1.0
2024-07-02,0.0035954338427066864,0.0035954338427066864,-0.004329583268843832,True,1.0
2024-07-03,0.006959933565484948,0.006959933565484948,-0.0002161227577263886,False,1.0
2024-07-04,0.0034360331356926687,0.0034360331356926687,-0.002782066860969749,True,1.0
2024-07-05,-0.0036540297801900086,0.0036540297801900086,0.004563598253965501,True,-1.0
2024-07-08,0.00023021065599919575,0.00023021065599919575,-0.00036574759337923,True,1.0
2024-07-09,0.0012519954430256948,0.0012519954430256948,0.003375599308036631,False,1.0
2024-07-10,0.0010907450304153592,0.0010907450304153592,-0.005535618280052858,True,1.0
2024-07-11,0.002964160127597956,0.002964160127597956,-0.003303809756662259,True,1.0
2024-07-12,0.0029610195083184694,0.0029610195083184694,0.00468268860373055,False,1.0
2024-07-15,0.003487417120037535,0.003487417120037535,-3.6619704212878525e-05,False,1.0
2024-07-16,0.00118768166540757,0.00118768166540757,-0.00011782590029104188,False,1.0
2024-07-18,-0.0028114906248730346,0.0028114906248730346,0.010473065293186782,True,-1.0
2024-07-19,0.002135054754534855,0.002135054754534855,-0.012991992390499882,True,1.0
2024-07-22,-0.0034711481955037415,0.0034711481955037415,0.0025975885378849086,True,-1.0
2024-07-23,0.0024337909411752704,0.0024337909411752704,-0.003657046426436114,True,1.0
2024-07-24,-0.0013930917013383734,0.0013930917013383734,-0.001286532382152691,True,-1.0
2024-07-25,-0.007477452280500543,0.007477452280500543,0.007228375126529008,True,-1.0
2024-07-26,0.0007067905267982205,0.0007067905267982205,0.016848630780850964,False,1.0
2024-07-29,0.004366894649285912,0.004366894649285912,-0.00429779413779846,True,1.0
2024-07-30,0.00013290256126827733,0.00013290256126827733,0.000720645037460568,True,1.0
2024-07-31,0.0011826882475580536,0.0011826882475580536,0.0025897838563678044,True,1.0
2024-08-01,0.0031982023624443044,0.0031982023624443044,-0.0008009615596192402,False,1.0
2024-08-02,-0.00887214723018034,0.00887214723018034,-0.002876307283472508,False,-1.0
2024-08-05,-0.016783504229241096,0.016783504229241096,-0.010173704070679083,False,-1.0
2024-08-06,0.005580821188413853,0.005580821188413853,-0.008156265181927176,True,1.0
2024-08-07,0.012372573974376487,0.012372573974376487,0.0003334627139715731,False,1.0
2024-08-08,-0.002014578403127894,0.002014578403127894,-0.0054250986971031935,True,-1.0
2024-08-09,0.011189186440063026,0.011189186440063026,-0.0007934444048714459,False,1.0
2024-08-12,-0.0019472337642351494,0.0019472337642351494,0.0011081070098248728,True,-1.0
2024-08-13,-0.00019100466689941266,0.00019100466689941266,-0.008353737935662698,True,-1.0
2024-08-14,0.0018807900337627905,0.0018807900337627905,-0.001680851704752539,True,1.0
2024-08-16,0.007915075718353612,0.007915075718353612,0.00847758603655075,False,1.0
2024-08-19,0.0038791669190197044,0.0038791669190197044,-0.002585578616961995,True,1.0
2024-08-20,0.003103043374966627,0.003103043374966627,0.002026427871362479,False,1.0
2024-08-21,-0.0007408777499521383,0.0007408777499521383,0.003632351574913255,True,-1.0
2024-08-22,0.003762633116186269,0.003762633116186269,-0.0020874212621604877,False,1.0
2024-08-23,0.0013663176601575882,0.0013663176601575882,-0.0008955379929556567,True,1.0
2024-08-26,0.003341607227313402,0.003341607227313402,0.004195759337630881,False,1.0
2024-08-27,0.0005678061340711247,0.0005678061340711247,-0.00028175174346574,True,1.0
2024-08-28,0.000521660870781745,0.000521660870781745,0.0008608924785635198,True,1.0
2024-08-29,-0.0006805281097713905,0.0006805281097713905,0.004659358340418381,True,-1.0
2024-08-30,0.0038863787116399868,0.0038863787116399868,-0.00054649475249009,False,1.0
2024-09-02,0.003871437802405288,0.003871437802405288,-0.0021670979044242675,True,1.0
2024-09-03,0.0013727435725514332,0.0013727435725514332,-0.0013254158166133134,True,1.0
2024-09-04,-0.007511927228972742,0.007511927228972742,0.004334404946452817,False,-1.0
2024-09-05,0.0020556926689079156,0.0020556926689079156,-0.004174190238807152,True,1.0
2024-09-06,-0.0020441514022014884,0.0020441514022014884,-0.009625875643895294,True,-1.0
2024-09-09,-0.0011568415428085204,0.0011568415428085204,0.004552156361409554,True,-1.0
2024-09-10,0.0025264271912992403,0.0025264271912992403,0.0016680087561475108,True,1.0
2024-09-11,-0.0002835182753852397,0.0002835182753852397,-0.004615753824798274,True,-1.0
2024-09-12,0.005666531277105019,0.005666531277105019,0.01313865097348584,False,1.0
2024-09-13,0.0016364957712127677,0.0016364957712127677,-0.002907900608199908,True,1.0
2024-09-16,0.0019778120255161398,0.0019778120255161398,-0.0009013541837632479,True,1.0
2024-09-17,0.0013059690008371497,0.0013059690008371497,6.493280453696647e-05,True,1.0
2024-09-18,-0.0006353781049119975,0.0006353781049119975,-0.0009782386307150323,True,-1.0
2024-09-19,0.004314837193859669,0.004314837193859669,-0.0027955372558215452,True,1.0
2024-09-20,0.004333856660588079,0.004333856660588079,0.010381592383853257,False,1.0
2024-09-23,0.0031639611945990624,0.0031639611945990624,0.0025702916021791314,False,1.0
2024-09-24,-0.0006785738864709444,0.0006785738864709444,0.0007311000135475402,True,-1.0
2024-09-25,-0.00157866383164232,0.00157866383164232,0.004042602257317549,True,-1.0
2024-09-26,4.806924976293974e-05,4.806924976293974e-05,0.008100255618480687,True,1.0
2024-09-27,0.0012282253730233551,0.0012282253730233551,-0.002640205775623137,True,1.0
2024-09-30,-0.004494009156629454,0.004494009156629454,-0.00961007948057562,False,-1.0
2024-10-01,-0.0008678672327339332,0.0008678672327339332,0.00032771151934391657,True,-1.0
2024-10-03,-0.013336903893113976,0.013336903893113976,-0.007965709266805296,False,-1.0
2024-10-04,-0.002700948503374561,0.002700948503374561,-0.00664369164577764,True,-1.0
2024-10-07,0.002778377470969102,0.002778377470969102,-0.011495314317251053,True,1.0
2024-10-08,0.001469978474133672,0.001469978474133672,0.007286957159169758,True,1.0
2024-10-09,0.0021049084102869953,0.0021049084102869953,-0.0033452576772541646,True,1.0
2024-10-10,0.00340652211542115,0.00340652211542115,-0.002736722524666266,True,1.0
2024-10-11,-0.0005259701265844147,0.0005259701265844147,-0.0008425266293290883,True,-1.0
2024-10-14,0.002371359794506144,0.002371359794506144,0.004176082964681721,False,1.0
2024-10-15,0.00232217766726698,0.00232217766726698,-0.005119893270352667,True,1.0
2024-10-16,-0.0019474856234093618,0.0019474856234093618,-0.0014894905476861117,True,-1.0
2024-10-17,0.002246563359531637,0.002246563359531637,-0.011089876571997769,True,1.0
2024-10-18,-0.003430339657209091,0.003430339657209091,0.007666813372404888,True,-1.0
2024-10-21,0.004107966555376332,0.004107966555376332,-0.00701433428273294,True,1.0
2024-10-22,0.0007082325452321866,0.0007082325452321866,-0.013168086815460361,True,1.0
2024-10-23,-0.0038390338487347877,0.0038390338487347877,0.002352500434038453,True,-1.0
2024-10-24,-0.0009331006629698594,0.0009331006629698594,-0.0005447504188633894,True,-1.0
2024-10-25,0.0007643790554855624,0.0007643790554855624,-0.009716172766016943,True,1.0
2024-10-28,0.0029072167113468926,0.0029072167113468926,0.003630795414157686,True,1.0
2024-10-29,-0.00042321860396440437,0.00042321860396440437,0.005672278065577848,True,-1.0
2024-10-30,-0.003899169371950743,0.003899169371950743,-0.0012555514897923431,True,-1.0
2024-10-31,0.00036974880270956547,0.00036974880270956547,-0.005934328232744636,True,1.0
2024-11-01,0.004023920009289011,0.004023920009289011,6.5820097519828e-05,False,1.0
2024-11-04,0.0004690679161643761,0.0004690679161643761,-0.013176660831971047,True,1.0
2024-11-05,-0.003286037113799476,0.003286037113799476,0.012409875243033053,True,-1.0
2024-11-06,0.003942015985854882,0.003942015985854882,0.00721142721242351,True,1.0
2024-11-07,0.00022663031434526015,0.00022663031434526015,-0.011851970004805134,True,1.0
2024-11-08,0.0003450344538088454,0.0003450344538088454,-0.0024578957075736653,True,1.0
2024-11-11,-0.0025239653772060836,0.0025239653772060836,0.002243958162513363,True,-1.0
2024-11-12,0.0035002256409327054,0.0035002256409327054,-0.014131692305707775,True,1.0
2024-11-13,-0.00255406995201142,0.00255406995201142,-0.011056732037975603,False,-1.0
2024-11-14,-0.0007173629694134602,0.0007173629694134602,-0.00040145745899081777,True,-1.0
2024-11-18,0.0030851353610194324,0.0030851353610194324,-0.006418049971230972,True,1.0
2024-11-19,0.0032297537062972704,0.0032297537062972704,-0.0004696554283053308,False,1.0
2024-11-21,-0.0012777507600399685,0.0012777507600399685,-0.005898594106178851,False,-1.0
2024-11-22,0.0026509916354869353,0.0026509916354869353,0.021162371206694806,False,1.0
2024-11-25,0.014485178397766368,0.014485178397766368,-0.0013049796671202622,False,1.0
2024-11-26,0.0050120093249160415,0.0050120093249160415,-0.006112596750421422,True,1.0
2024-11-27,0.00042574887887743084,0.00042574887887743084,0.002896103546090821,True,1.0
2024-11-28,-3.0896110300401114e-05,3.0896110300401114e-05,-0.014830591151772578,True,-1.0
2024-11-29,0.0005436112003835334,0.0005436112003835334,0.008523757130306257,False,1.0
2024-12-02,0.0004040429221141708,0.0004040429221141708,0.0056005142346976546,True,1.0
2024-12-03,0.0037670550112966594,0.0037670550112966594,0.003679096773366164,False,1.0
2024-12-04,0.0012920397049655005,0.0012920397049655005,-0.0008698190495635751,True,1.0
2024-12-05,0.0029304718785337727,0.0029304718785337727,0.006897141804251735,True,1.0
2024-12-06,0.0008518895514169531,0.0008518895514169531,-0.0020885397423586723,True,1.0
2024-12-09,-0.0017789425813970901,0.0017789425813970901,-0.0006048733813452736,True,-1.0
2024-12-10,0.001366846363580974,0.001366846363580974,-0.0017279930839079248,True,1.0
2024-12-11,0.00042459151518537666,0.00042459151518537666,0.0008651644462947544,True,1.0
2024-12-12,-0.0015157805564445957,0.0015157805564445957,-0.002265850355126637,True,-1.0
2024-12-13,-0.00205100925822349,0.00205100925822349,0.011019157460782395,True,-1.0
2024-12-16,-0.0006015911530063392,0.0006015911530063392,-0.0034399472105355474,True,-1.0
2024-12-17,-0.003382859292815664,0.003382859292815664,-0.01012010564835457,False,-1.0
2024-12-18,-0.0015635593873274162,0.0015635593873274162,-0.0040785174288918095,True,-1.0
2024-12-19,-0.013293988100383453,0.013293988100383453,0.0031221827942362196,False,-1.0
2024-12-20,0.00037575622162767356,0.00037575622162767356,-0.015575472791627043,True,1.0
2024-12-23,0.0063889440911499736,0.0063889440911499736,0.0006424244678153404,False,1.0
2024-12-24,0.0006588681281978292,0.0006588681281978292,-0.0017438278870963886,True,1.0
2024-12-26,0.002029294507981483,0.002029294507981483,-0.0010767907560947359,True,1.0
2024-12-27,0.002155820732424777,0.002155820732424777,0.000504172015220021,False,1.0
2024-12-30,-0.0006928871865983414,0.0006928871865983414,-0.006387386487522625,True,-1.0
2024-12-31,-0.0035652838395303426,0.0035652838395303426,0.0035738127751848685,True,-1.0
2025-01-01,-0.0003024085798460252,0.0003024085798460252,0.004452642215308486,True,-1.0
2025-01-02,0.001688909472527355,0.001688909472527355,0.01705631714354791,False,1.0
2025-01-03,0.00032039819811541584,0.00032039819811541584,-0.007920615774702412,True,1.0
2025-01-06,0.001710110759328883,0.001710110759328883,-0.017872143411214764,True,1.0
2025-01-07,0.0027036531199235688,0.0027036531199235688,0.001182437406328168,False,1.0
2025-01-08,0.0016344762446919685,0.0016344762446919685,-0.0024298657253058304,True,1.0
2025-01-09,-0.0005994026420876955,0.0005994026420876955,-0.0062619457438832515,True,-1.0
2025-01-10,0.0010796502082757742,0.0010796502082757742,-0.005112130597874226,True,1.0
2025-01-13,-0.010076162831018073,0.010076162831018073,-0.004718658442267607,False,-1.0
2025-01-14,0.003463196211575527,0.003463196211575527,0.00043816085081276436,False,1.0
2025-01-15,0.00321014301367471,0.00321014301367471,-0.0016021195827029553,True,1.0
2025-01-16,0.00706713364685602,0.00706713364685602,-0.002799697087980836,False,1.0
2025-01-17,-0.0014885667649884272,0.0014885667649884272,-0.0031748109457432638,False,-1.0
2025-01-20,0.0037581529621369897,0.0037581529621369897,0.00233356268949662,True,1.0
2025-01-21,0.0032941192612900116,0.0032941192612900116,-0.01695012919153244,True,1.0
2025-01-22,0.003235662593614639,0.003235662593614639,0.002432956095770906,True,1.0
2025-01-23,-0.0011681459611410329,0.0011681459611410329,0.0033313657087797434,True,-1.0
2025-01-24,-0.0009243221546351743,0.0009243221546351743,-0.003955381550555734,True,-1.0
2025-01-27,-0.0065844238863807325,0.0065844238863807325,-0.0048386779558935505,False,-1.0
2025-01-28,0.005751367259769731,0.005751367259769731,-0.00013933606958297002,False,1.0
2025-01-29,0.0030273660826100686,0.0030273660826100686,0.005921357090123444,False,1.0
2025-01-30,0.0002763184000818921,0.0002763184000818921,0.0034528151233302403,True,1.0
2025-01-31,0.0020323017699305362,0.0020323017699305362,0.009084974969684613,False,1.0
2025-02-01,0.0008592340786425995,0.0008592340786425995,-0.0019741599381670064,True,1.0
2025-02-03,-0.006932958802401525,0.006932958802401525,0.0017882647918377199,False,-1.0
2025-02-04,0.006371700090411574,0.006371700090411574,0.009755447941687466,False,1.0
2025-02-05,0.002632770622492286,0.002632770622492286,-0.004430313684918126,True,1.0
2025-02-06,0.0027704086855592737,0.0027704086855592737,-0.006674520171512392,True,1.0
2025-02-07,0.0019552475131186277,0.0019552475131186277,-0.003786582433032411,True,1.0
2025-02-10,-0.000685419028286716,0.000685419028286716,-0.006889336746519494,True,-1.0
2025-02-11,8.344903289754673e-05,8.344903289754673e-05,-0.013332021424649305,True,1.0
2025-02-12,-0.0009102020340374249,0.0009102020340374249,-0.00024080643890320378,True,-1.0
2025-02-13,0.0004556253457870928,0.0004556253457870928,-0.0010561187285167473,True,1.0
2025-02-14,0.0028243540132921454,0.0028243540132921454,-0.007239174176360645,True,1.0
2025-02-17,-0.0052051248677998626,0.0052051248677998626,0.006558538477287095,True,-1.0
2025-02-18,0.00018077007883446938,0.00018077007883446938,-0.0007990719708261758,True,1.0
2025-02-19,-0.004273240180408673,0.004273240180408673,0.0037488271290855575,True,-1.0
2025-02-20,-0.0048751261003036625,0.0048751261003036625,0.0040335822035580254,False,-1.0
2025-02-21,-0.002441880357835587,0.002441880357835587,-0.0026818171175896272,True,-1.0
2025-02-24,-0.00818352326748719,0.00818352326748719,-0.002476851433920926,False,-1.0
2025-02-25,-0.001636137924703708,0.001636137924703708,0.0013812818441240266,True,-1.0
2025-02-27,0.0009490360042916247,0.0009490360042916247,-0.0010589078502664837,True,1.0
2025-02-28,-0.004952323758696346,0.004952323758696346,-0.013760783764373383,False,-1.0
2025-03-03,0.0031571756890056593,0.0031571756890056593,-0.0033904718658947287,True,1.0
2025-03-04,-0.006548650155469073,0.006548650155469073,0.004923953760928664,False,-1.0
2025-03-05,-0.00043471273625177853,0.00043471273625177853,0.011971612017694797,True,-1.0
2025-03-06,0.0062249610857959175,0.0062249610857959175,0.0030409568529976517,True,1.0
2025-03-07,-0.001598993527268657,0.001598993527268657,0.0019481225490651207,True,-1.0
2025-03-10,-0.0013590684236780845,0.0013590684236780845,-0.002732849619037485,True,-1.0
2025-03-11,-0.0050912747613541046,0.0050912747613541046,0.006799942593062955,True,-1.0
2025-03-12,0.001709013644936485,0.001709013644936485,-0.0029219288179487117,True,1.0
2025-03-13,0.0031596982710665094,0.0031596982710665094,-0.006401560732426857,True,1.0
2025-03-17,-0.001966711448819197,0.001966711448819197,0.006960970004490244,True,-1.0
2025-03-18,0.0068195701671572165,0.0068195701671572165,0.0075919549581352245,False,1.0
2025-03-19,0.0017801481153028244,0.0017801481153028244,0.001427342649497002,True,1.0
2025-03-20,0.005631318959634967,0.005631318959634967,0.0066872187676217335,False,1.0
2025-03-21,-0.0009659233461626213,0.0009659233461626213,0.007862069453886246,True,-1.0
2025-03-24,0.007066259988682943,0.007066259988682943,0.0060789617176576025,False,1.0
2025-03-25,0.003937315669225196,0.003937315669225196,-0.003488184298886386,True,1.0
2025-03-26,0.0013646248346206237,0.0013646248346206237,-0.009033376992581554,True,1.0
2025-03-27,-0.002252340841995442,0.002252340841995442,0.006742354800085546,True,-1.0
2025-03-28,0.0003582227054084757,0.0003582227054084757,-0.003434296872446136,True,1.0
2025-04-01,-0.007578866038410694,0.007578866038410694,-0.007514658416287726,True,-1.0
2025-04-02,0.0011612164334425612,0.0011612164334425612,0.006025628965866755,True,1.0
2025-04-03,-0.00780242158088752,0.00780242158088752,0.004310908487453845,False,-1.0
2025-04-04,-0.0025676973326139146,0.0025676973326139146,-0.012330583649198193,False,-1.0
2025-04-07,-0.05003607889365109,0.05003607889365109,0.018530738083288773,False,-1.0
2025-04-08,0.01286686862190097,0.01286686862190097,0.003969376830721597,False,1.0
2025-04-09,-0.003352384287014917,0.003352384287014917,-0.0027225989188910922,False,-1.0
2025-04-11,0.01322594807542313,0.01322594807542313,0.005866844749740642,False,1.0
2025-04-15,0.023645777311819476,0.023645777311819476,-0.0017031082121877089,False,1.0
2025-04-16,0.0006665149614650369,0.0006665149614650369,0.003988143082529136,True,1.0
2025-04-17,-0.0015082693561234036,0.0015082693561234036,0.01922073634170376,True,-1.0
2025-04-21,0.00408776744599287,0.00408776744599287,0.0073656220679148895,False,1.0
2025-04-22,0.002480756187399219,0.002480756187399219,-0.0007504688916390918,True,1.0
2025-04-23,0.007876345441661752,0.007876345441661752,-0.0011762403145001508,True,1.0
2025-04-24,-0.0020982750905516848,0.0020982750905516848,-0.0012851676369447684,True,-1.0
2025-04-25,0.0017445995790341953,0.0017445995790341953,-0.010278331369138293,True,1.0
2025-04-28,0.0012854087621800422,0.0012854087621800422,0.010729011954591248,False,1.0
2025-04-29,0.0017345590048708304,0.0017345590048708304,-0.0014258926134242597,True,1.0
2025-04-30,0.0002507221906634716,0.0002507221906634716,-0.00032255139760236794,True,1.0
2025-05-02,-0.0009163575889449567,0.0009163575889449567,0.0014313495681488931,True,-1.0
2025-05-05,0.002990170478383957,0.002990170478383957,0.001705620124285919,False,1.0
2025-05-06,0.0016188776383214167,0.0016188776383214167,-0.004944762532779609,True,1.0
2025-05-07,-0.006000870829262587,0.006000870829262587,0.00747317136075503,True,-1.0
2025-05-08,0.0007003903065981566,0.0007003903065981566,-0.006454749759531752,True,1.0
2025-05-09,-0.013926569814774256,0.013926569814774256,0.0030184974358438738,False,-1.0
2025-05-12,0.01716509535883872,0.01716509535883872,0.02066329038155445,False,1.0
2025-05-13,-0.0024332665749633702,0.0024332665749633702,-0.011490532029095094,True,-1.0
2025-05-14,0.0014423739770337445,0.0014423739770337445,0.0021573104392495763,True,1.0
2025-05-15,0.0011168338011155353,0.0011168338011155353,0.014887976944464525,True,1.0
2025-05-16,0.00010177843396033057,0.00010177843396033057,-0.0017893570696591572,True,1.0
2025-05-19,-0.0005775894061406676,0.0005775894061406676,-0.0023955030247824315,True,-1.0
2025-05-20,0.0020344392099322975,0.0020344392099322975,-0.012493852581025209,True,1.0
2025-05-21,0.002444897622335282,0.002444897622335282,0.0027965777402830963,False,1.0
2025-05-22,-0.0032039076590741253,0.0032039076590741253,-0.005023459816348702,False,-1.0
2025-05-23,0.001210936427345481,0.001210936427345481,0.0086710521976907,False,1.0
2025-05-26,0.0026636147816081856,0.0026636147816081856,0.003282621036755527,False,1.0
2025-05-27,-0.0017799180959563658,0.0017799180959563658,-0.005227110603112193,True,-1.0
2025-05-28,0.0002537956452569402,0.0002537956452569402,-0.0032236295681063124,True,1.0
2025-05-29,0.002935078867668872,0.002935078867668872,0.00034239540359346806,True,1.0
2025-05-30,-0.0008456285166195654,0.0008456285166195654,-0.002494716055532208,True,-1.0
2025-06-02,-0.0032726348166615873,0.0032726348166615873,0.001901133459679709,True,-1.0
2025-06-03,0.0028200146046207086,0.0028200146046207086,-0.009836110010995552,True,1.0
2025-06-04,0.0007313525007639808,0.0007313525007639808,0.0024327730925371473,True,1.0
2025-06-05,0.0028838109460108895,0.0028838109460108895,0.0024179130120850563,True,1.0
2025-06-06,-8.893300204277606e-05,8.893300204277606e-05,0.010277370953997424,True,-1.0
2025-06-09,0.006281186623944797,0.006281186623944797,-0.002261532804257982,False,1.0
2025-06-10,0.003698793993980162,0.003698793993980162,-0.0036434591296472087,True,1.0
2025-06-11,0.0011910489508748518,0.0011910489508748518,0.0002884521611959575,True,1.0
2025-06-12,0.0009167678715937676,0.0009167678715937676,-0.01097778845062766,True,1.0
2025-06-13,-0.01668257374110063,0.01668257374110063,0.010035533419482694,False,-1.0
2025-06-16,0.0005562612857236885,0.0005562612857236885,0.00865871597350478,True,1.0
2025-06-17,0.0012566736566251779,0.0012566736566251779,-0.0049823832193821105,True,1.0
2025-06-18,-0.002617379522624113,0.002617379522624113,0.0009561415845948927,True,-1.0
2025-06-19,-0.0003546978574076829,0.0003546978574076829,-0.00040317297128400514,True,-1.0
2025-06-20,-0.00022585217246629628,0.00022585217246629628,0.01310128208532522,True,-1.0
2025-06-23,-0.006875105045292847,0.006875105045292847,0.0012891224100081197,False,-1.0
2025-06-24,0.008329362072823572,0.008329362072823572,-0.0053832929895333646,False,1.0
2025-06-25,0.0042324916259881785,0.0042324916259881785,0.0037534424805693942,False,1.0
2025-06-26,0.0009585842105784371,0.0009585842105784371,0.01108280280377458,False,1.0
2025-06-27,0.0010822494275705508,0.0010822494275705508,0.0023908678302696895,True,1.0
2025-06-30,0.0009302517629531711,0.0009302517629531711,-0.005634852286345026,True,1.0
2025-07-01,0.0013441533043545486,0.0013441533043545486,-0.0003737113017895719,True,1.0
2025-07-02,0.0018205450899192364,0.0018205450899192364,-0.005271955796449335,True,1.0
2025-07-03,0.002031132106382213,0.002031132106382213,-0.003912897014850967,True,1.0
2025-07-04,0.0009269257753633784,0.0009269257753633784,0.0012643273729986955,True,1.0
2025-07-07,-0.00041438990023958213,0.00041438990023958213,0.00042637999851120016,True,-1.0
2025-07-08,-0.0013138045130684697,0.0013138045130684697,0.0037223120349942343,True,-1.0
2025-07-09,-0.00030954611127436576,0.00030954611127436576,-0.0015089400025644019,True,-1.0
2025-07-10,0.0013954562038577365,0.0013954562038577365,-0.006130547739180131,True,1.0
2025-07-11,-0.003934096488892833,0.003934096488892833,-0.004183262680406248,False,-1.0
2025-07-14,-1.3901052309659842e-05,1.3901052309659842e-05,-0.002671990248315076,True,-1.0
2025-07-15,0.0002870238584883607,0.0002870238584883607,0.004236863279459535,False,1.0
2025-07-16,3.1704811922249566e-05,3.1704811922249566e-05,0.0006132244872141803,True,1.0
2025-07-17,0.0007416778155907277,0.0007416778155907277,-0.0047283882266678555,True,1.0
2025-07-18,-0.00011542294810431808,0.00011542294810431808,-0.005581779364568439,True,-1.0
2025-07-21,0.001225533430106695,0.001225533430106695,0.0036681154746189847,True,1.0
2025-07-22,0.0030270647785790895,0.0030270647785790895,-0.004201989472520096,True,1.0
2025-07-23,0.0031303431850895095,0.0031303431850895095,0.0032041712495203493,False,1.0
2025-07-24,0.0009278542049158383,0.0009278542049158383,-0.0071781885200049205,True,1.0
2025-07-25,-0.0020648708929654814,0.0020648708929654814,-0.006931115001687973,False,-1.0
2025-07-28,-0.0021963514615291704,0.0021963514615291704,-0.004097610661022552,True,-1.0
2025-07-29,-0.0028868476786634654,0.0028868476786634654,0.008592126072239985,True,-1.0
2025-07-30,0.0027920109237958538,0.0027920109237958538,-0.0014202105558862152,True,1.0
2025-07-31,-0.008561671554118543,0.008561671554118543,0.005117211674055737,True,-1.0
2025-08-01,-0.0013504823404680638,0.0013504823404680638,-0.0068547185787035956,True,-1.0
2025-08-04,0.0012497754912180591,0.0012497754912180591,0.005151201706193623,True,1.0
2025-08-05,-0.00010112143673337311,0.00010112143673337311,-0.0028599718348317673,True,-1.0
2025-08-06,-0.00033271080466254694,0.00033271080466254694,-0.0027251100970318645,True,-1.0
2025-08-07,-0.00447623945019826,0.00447623945019826,0.005393643613475367,True,-1.0
2025-08-08,-0.0021101021826888085,0.0021101021826888085,-0.007372367000417613,False,-1.0
2025-08-11,0.0003365397334137138,0.0003365397334137138,0.008762315870996861,True,1.0
2025-08-12,-0.0008826978666056116,0.0008826978666056116,-0.0030919732022628033,True,-1.0
2025-08-13,0.004034680143622968,0.004034680143622968,0.0013483332795790066,False,1.0
2025-08-14,-0.0004914674663213886,0.0004914674663213886,0.0009773859838055857,True,-1.0
2025-08-18,0.012459692657954111,0.012459692657954111,-0.0024560714854643018,False,1.0
2025-08-19,0.0005788648157124622,0.0005788648157124622,0.0035876231161192655,True,1.0
2025-08-20,-0.0005944444657282789,0.0005944444657282789,0.0033946437665900776,True,-1.0
2025-08-21,0.0036505871487044713,0.0036505871487044713,-0.0023168403468300054,False,1.0
2025-08-22,-0.0007813667962326208,0.0007813667962326208,-0.00774216473432041,True,-1.0
2025-08-25,0.003178547030032848,0.003178547030032848,0.0007455007117993513,False,1.0
2025-08-26,-0.0027335262488610308,0.0027335262488610308,-0.00752823224361935,False,-1.0
2025-08-28,-0.000657573915813151,0.000657573915813151,-0.007892045791565336,False,-1.0
2025-08-29,-0.0013959148982168306,0.0013959148982168306,-0.0016287284614371416,True,-1.0
2025-09-01,0.00023947457279775144,0.00023947457279775144,0.007872710287874648,False,1.0
2025-09-02,0.0011349913142628355,0.0011349913142628355,-0.0029773411197420194,True,1.0
2025-09-03,0.0015012608509263788,0.0015012608509263788,0.004003444082221274,True,1.0
2025-09-04,0.010750502643173687,0.010750502643173687,-0.009865565235231128,True,1.0
2025-09-05,0.0034182825248528065,0.0034182825248528065,-0.0031367130467478766,True,1.0
2025-09-08,0.0024897784800533528,0.0024897784800533528,-0.001187344037068947,False,1.0
2025-09-09,0.003671281904638914,0.003671281904638914,0.00018098383093282318,False,1.0
2025-09-10,0.004921885130148516,0.004921885130148516,-0.0007162734834540434,False,1.0
2025-09-11,-0.0011051735590178401,0.0011051735590178401,0.0024052434306788798,True,-1.0
2025-09-12,0.002757362130331327,0.002757362130331327,0.0015773339986437265,False,1.0
2025-09-15,0.00019512585111889784,0.00019512585111889784,-0.001978636449131735,True,1.0
2025-09-16,0.00017552976409828107,0.00017552976409828107,0.00660056803085105,False,1.0
2025-09-17,0.001485789928340816,0.001485789928340816,0.002122531964509232,False,1.0
2025-09-18,0.004374247441300421,0.004374247441300421,-0.0006859454047338908,True,1.0
2025-09-19,-0.0005270847099109672,0.0005270847099109672,-0.0032722465803670434,True,-1.0
2025-09-22,-0.003512101454025271,0.003512101454025271,-0.0014165091886205342,True,-1.0
2025-09-23,0.0002638797861341518,0.0002638797861341518,-0.001566900710063866,True,1.0
2025-09-24,-0.002413635550964461,0.002413635550964461,-0.002065001617961866,False,-1.0
2025-09-25,-0.0008939809104792974,0.0008939809104792974,-0.005738097051069524,True,-1.0
2025-09-26,-0.0029046348059476863,0.0029046348059476863,-0.006601979460613273,False,-1.0
2025-09-29,0.0029954355494158933,0.0029954355494158933,-0.0037871362318575015,True,1.0
2025-09-30,0.002315772632338727,0.002315772632338727,-0.003274330781208893,True,1.0
2025-10-01,0.00038402070712028675,0.00038402070712028675,0.008763004610128638,True,1.0
2025-10-03,-0.0030902347606428533,0.0030902347606428533,0.00544029332115369,True,-1.0
2025-10-06,0.0008958205710153951,0.0008958205710153951,0.0064655662330369325,True,1.0
2025-10-07,0.00030506807878061867,0.00030506807878061867,0.0009168716054300351,True,1.0
2025-10-08,-0.001137105274416687,0.001137105274416687,-0.0013397106978737827,True,-1.0
2025-10-09,0.001123940812698184,0.001123940812698184,0.00428725813484642,True,1.0
2025-10-10,-0.0005619292578764333,0.0005619292578764333,0.004676607348051974,True,-1.0
2025-10-13,-0.004273179125233014,0.004273179125233014,0.001987855193844778,False,-1.0
2025-10-14,0.0019899502980822137,0.0019899502980822137,-0.005224033862804091,True,1.0
2025-10-15,0.0014495324710186712,0.0014495324710186712,0.005623137481135344,False,1.0
2025-10-16,0.002817519943839333,0.002817519943839333,0.00749758367610254,False,1.0
2025-10-17,-0.0015028618269431744,0.0015028618269431744,0.006380434475966987,True,-1.0
2025-10-20,0.004463269981873284,0.004463269981873284,0.000718337613384162,False,1.0
2025-10-21,0.0022461978221532198,0.0022461978221532198,-0.0012586139004483233,True,1.0
2025-10-23,0.007290677200270629,0.007290677200270629,-0.006362879860307319,True,1.0
2025-10-24,0.001687788921831475,0.001687788921831475,-0.0053961319161238645,True,1.0
2025-10-27,0.0018627078112505554,0.0018627078112505554,0.004753728880860369,False,1.0
2025-10-28,-0.0010052188035790121,0.0010052188035790121,-0.00014456466234287816,True,-1.0
2025-10-29,0.001765901814051819,0.001765901814051819,0.002767315473212224,False,1.0
2025-10-30,-0.0026675468531770488,0.0026675468531770488,-0.004100567249896704,False,-1.0
2025-10-31,-0.0005428900908331427,0.0005428900908331427,-0.005478745102990681,True,-1.0
2025-11-03,-0.0009816461479994062,0.0009816461479994062,0.002587865867251632,True,-1.0
2025-11-04,-0.0007219406504592014,0.0007219406504592014,-0.0057137711329494365,True,-1.0
2025-11-06,-0.00016801468823775863,0.00016801468823775863,-0.0032684424626606263,True,-1.0
2025-11-07,-0.0029752776326038978,0.0029752776326038978,0.0023000887874818406,True,-1.0
2025-11-10,0.000439317692275042,0.000439317692275042,0.002778034755033623,False,1.0
2025-11-11,0.0016677018683347198,0.0016677018683347198,0.003042870701096928,True,1.0
2025-11-12,0.005423305619857502,0.005423305619857502,0.0016063914541910049,False,1.0
2025-11-13,0.0011709329647859629,0.0011709329647859629,-0.001040265387547862,True,1.0
2025-11-14,-0.004298827369553117,0.004298827369553117,0.0055165686171589606,True,-1.0
2025-11-17,0.0014723412864789287,0.0014723412864789287,0.0025146253676382587,True,1.0
2025-11-18,0.0003210478714210783,0.0003210478714210783,-0.0042944760410479135,True,1.0
2025-11-19,0.000310645015440286,0.000310645015440286,0.005191382982467232,True,1.0
2025-11-20,0.003049563770240807,0.003049563770240807,0.002297970011887469,False,1.0
2025-11-21,-0.0031536016761939873,0.0031536016761939873,-0.0015856416286844268,False,-1.0
2025-11-24,0.0020964429699106752,0.0020964429699106752,-0.006251273843776024,True,1.0
2025-11-25,0.001502340183747761,0.001502340183747761,-0.004373299180721965,True,1.0
2025-11-26,-0.0016168392738921805,0.0016168392738921805,0.014021292981417955,True,-1.0
2025-11-27,0.002135034404567182,0.002135034404567182,-0.001740176828978057,True,1.0
2025-11-28,0.0008353224268575084,0.0008353224268575084,-0.0013149144077369136,True,1.0
2025-12-01,0.004688463175438714,0.004688463175438714,-0.005699761329078754,True,1.0
2025-12-02,-0.0033542794857835973,0.0033542794857835973,-0.00213700201317209,False,-1.0
2025-12-03,-0.0010486562389756795,0.0010486562389756795,-0.0007268011159855763,True,-1.0
2025-12-04,-0.0001597164097975833,0.0001597164097975833,0.001997563353082948,True,-1.0
2025-12-05,-0.001304046430114755,0.001304046430114755,0.007178841063836277,True,-1.0
2025-12-08,-0.0010176422651803898,0.0010176422651803898,-0.0076166482178569245,False,-1.0
2025-12-09,-0.0035997376427966653,0.0035997376427966653,-0.0010611633760459016,False,-1.0
2025-12-10,0.0009443003390577148,0.0009443003390577148,-0.004100316000264,True,1.0
2025-12-11,0.0005202418908688563,0.0005202418908688563,0.004933778867183879,True,1.0
2025-12-12,0.0028051159353903276,0.0028051159353903276,0.0029166924238643557,False,1.0
2025-12-15,-0.004487989611307346,0.004487989611307346,0.0037504747221830123,True,-1.0
2025-12-16,-0.002912356601519228,0.002912356601519228,-0.0035219694670828275,False,-1.0
2025-12-17,0.001635754768503088,0.001635754768503088,-0.003237136640253162,True,1.0
2025-12-18,-0.002085770148613771,0.002085770148613771,0.0019736912924251523,True,-1.0
2025-12-19,0.003716721737337037,0.003716721737337037,0.0021187654371611062,False,1.0
2025-12-22,0.0034448062651878026,0.0034448062651878026,0.004473113830380129,False,1.0
2025-12-23,0.0012531837980267412,0.0012531837980267412,-0.0010703535543027229,True,1.0
2025-12-24,-0.0002483081581839362,0.0002483081581839362,-0.0010909465689178143,True,-1.0
2025-12-26,-0.0007975491520016616,0.0007975491520016616,-0.0030224135043307654,True,-1.0
2025-12-29,0.0008082553189829827,0.0008082553189829827,-0.004652126523153659,True,1.0
2025-12-30,-4.6226742170345546e-05,4.6226742170345546e-05,-7.905590087925974e-05,True,-1.0
